Codi massa d'aigua,Massa d'aigua,Codi Estaci¢,Nom de l'Estaci¢,UTM X,UTM Y,Tipus Variable,Timestamp,Valor,Unitat Mesura,Profunditat,Observacions
0450401,Estanys de Banyoles,045040100,QLSup - Estanys de Banyoles,480010,4663228,Terbolesa,05/29/2007 16:15:00,0.9,NTU,,
0450401,Estanys de Banyoles,045040100,QLSup - Estanys de Banyoles,480010,4663228,Terbolesa,05/29/2007 16:15:00,1,NTU,,
0450401,Estanys de Banyoles,045040100,QLSup - Estanys de Banyoles,480010,4663228,Terbolesa,05/29/2007 16:15:00,1.1,NTU,,
0450401,Estanys de Banyoles,045040100,QLSup - Estanys de Banyoles,480010,4663228,Terbolesa,05/29/2007 16:15:00,1.2,NTU,,
0450401,Estanys de Banyoles,045040100,QLSup - Estanys de Banyoles,480010,4663228,Terbolesa,05/29/2007 16:15:00,1,NTU,,
0450401,Estanys de Banyoles,045040100,QLSup - Estanys de Banyoles,480010,4663228,Terbolesa,05/29/2007 16:15:00,1.3,NTU,,
0450401,Estanys de Banyoles,045040100,QLSup - Estanys de Banyoles,480010,4663228,Terbolesa,05/29/2007 16:15:00,0.6,NTU,,
0450401,Estanys de Banyoles,045040100,QLSup - Estanys de Banyoles,480010,4663228,Terbolesa,05/29/2007 16:15:00,0.7,NTU,,
0450401,Estanys de Banyoles,045040100,QLSup - Estanys de Banyoles,480010,4663228,Terbolesa,05/29/2007 16:15:00,0.6,NTU,,
0450401,Estanys de Banyoles,045040100,QLSup - Estanys de Banyoles,480010,4663228,Terbolesa,05/29/2007 16:15:00,0.2,NTU,,
0450401,Estanys de Banyoles,045040100,QLSup - Estanys de Banyoles,480010,4663228,Terbolesa,05/29/2007 16:15:00,2.3,NTU,,
0450401,Estanys de Banyoles,045040100,QLSup - Estanys de Banyoles,480010,4663228,Terbolesa,05/29/2007 16:15:00,2.8,NTU,,
0450401,Estanys de Banyoles,045040100,QLSup - Estanys de Banyoles,480010,4663228,Terbolesa,05/29/2007 16:15:00,2.7,NTU,,
0450401,Estanys de Banyoles,045040100,QLSup - Estanys de Banyoles,480010,4663228,Terbolesa,05/29/2007 16:15:00,2.9,NTU,,
0450401,Estanys de Banyoles,045040100,QLSup - Estanys de Banyoles,480010,4663228,Terbolesa,05/29/2007 16:15:00,2.4,NTU,,
0450401,Estanys de Banyoles,045040100,QLSup - Estanys de Banyoles,480010,4663228,Terbolesa,05/29/2007 16:15:00,2.3,NTU,,
0450401,Estanys de Banyoles,045040100,QLSup - Estanys de Banyoles,480010,4663228,Terbolesa,05/29/2007 16:15:00,2.1,NTU,,
0450401,Estanys de Banyoles,045040100,QLSup - Estanys de Banyoles,480010,4663228,Terbolesa,05/29/2007 16:15:00,1.9,NTU,,
0450401,Estanys de Banyoles,045040100,QLSup - Estanys de Banyoles,480010,4663228,Terbolesa,05/29/2007 16:15:00,2,NTU,,
0450401,Estanys de Banyoles,045040100,QLSup - Estanys de Banyoles,480010,4663228,Terbolesa,05/29/2007 16:15:00,2,NTU,,
0450401,Estanys de Banyoles,045040100,QLSup - Estanys de Banyoles,480010,4663228,Terbolesa,05/29/2007 16:15:00,2.7,NTU,,
0450401,Estanys de Banyoles,045040100,QLSup - Estanys de Banyoles,480010,4663228,Terbolesa,05/29/2007 16:15:00,2.3,NTU,,
0450401,Estanys de Banyoles,045040100,QLSup - Estanys de Banyoles,480010,4663228,Terbolesa,05/29/2007 16:15:00,2.1,NTU,,
0450401,Estanys de Banyoles,045040100,QLSup - Estanys de Banyoles,480010,4663228,Terbolesa,05/29/2007 16:15:00,2.3,NTU,,
0450401,Estanys de Banyoles,045040100,QLSup - Estanys de Banyoles,480010,4663228,Terbolesa,05/29/2007 16:15:00,2.4,NTU,,
0450401,Estanys de Banyoles,045040100,QLSup - Estanys de Banyoles,480010,4663228,Terbolesa,05/29/2007 16:15:00,2.3,NTU,,
0450401,Estanys de Banyoles,045040100,QLSup - Estanys de Banyoles,480010,4663228,Terbolesa,05/29/2007 16:15:00,2.5,NTU,,
0450401,Estanys de Banyoles,045040100,QLSup - Estanys de Banyoles,480010,4663228,Terbolesa,05/29/2007 16:15:00,4.7,NTU,,
0450401,Estanys de Banyoles,045040100,QLSup - Estanys de Banyoles,480010,4663228,Terbolesa,05/29/2007 16:15:00,5.3,NTU,,
0450401,Estanys de Banyoles,045040100,QLSup - Estanys de Banyoles,480010,4663228,Conductivitat (camp),05/29/2007 16:15:00,1313,æS/cm,0,
0450401,Estanys de Banyoles,045040100,QLSup - Estanys de Banyoles,480010,4663228,Conductivitat (camp),05/29/2007 16:15:00,1314,æS/cm,1,
0450401,Estanys de Banyoles,045040100,QLSup - Estanys de Banyoles,480010,4663228,Conductivitat (camp),05/29/2007 16:15:00,1314,æS/cm,2,
0450401,Estanys de Banyoles,045040100,QLSup - Estanys de Banyoles,480010,4663228,Conductivitat (camp),05/29/2007 16:15:00,1310,æS/cm,3,
0450401,Estanys de Banyoles,045040100,QLSup - Estanys de Banyoles,480010,4663228,Conductivitat (camp),05/29/2007 16:15:00,1311,æS/cm,4,
0450401,Estanys de Banyoles,045040100,QLSup - Estanys de Banyoles,480010,4663228,Conductivitat (camp),05/29/2007 16:15:00,1350,æS/cm,5,
0450401,Estanys de Banyoles,045040100,QLSup - Estanys de Banyoles,480010,4663228,Conductivitat (camp),05/29/2007 16:15:00,1339,æS/cm,6,
0450401,Estanys de Banyoles,045040100,QLSup - Estanys de Banyoles,480010,4663228,Conductivitat (camp),05/29/2007 16:15:00,1338,æS/cm,7,
0450401,Estanys de Banyoles,045040100,QLSup - Estanys de Banyoles,480010,4663228,Conductivitat (camp),05/29/2007 16:15:00,1340,æS/cm,8,
0450401,Estanys de Banyoles,045040100,QLSup - Estanys de Banyoles,480010,4663228,Conductivitat (camp),05/29/2007 16:15:00,1340,æS/cm,9,
0450401,Estanys de Banyoles,045040100,QLSup - Estanys de Banyoles,480010,4663228,Conductivitat (camp),05/29/2007 16:15:00,1339,æS/cm,10,
0450401,Estanys de Banyoles,045040100,QLSup - Estanys de Banyoles,480010,4663228,Conductivitat (camp),05/29/2007 16:15:00,1336,æS/cm,11,
0450401,Estanys de Banyoles,045040100,QLSup - Estanys de Banyoles,480010,4663228,Conductivitat (camp),05/29/2007 16:15:00,1335,æS/cm,12,
0450401,Estanys de Banyoles,045040100,QLSup - Estanys de Banyoles,480010,4663228,Conductivitat (camp),05/29/2007 16:15:00,1333,æS/cm,13,
0450401,Estanys de Banyoles,045040100,QLSup - Estanys de Banyoles,480010,4663228,Conductivitat (camp),05/29/2007 16:15:00,1334,æS/cm,14,
0450401,Estanys de Banyoles,045040100,QLSup - Estanys de Banyoles,480010,4663228,Conductivitat (camp),05/29/2007 16:15:00,1334,æS/cm,15,
0450401,Estanys de Banyoles,045040100,QLSup - Estanys de Banyoles,480010,4663228,Conductivitat (camp),05/29/2007 16:15:00,1334,æS/cm,16,
0450401,Estanys de Banyoles,045040100,QLSup - Estanys de Banyoles,480010,4663228,Conductivitat (camp),05/29/2007 16:15:00,1334,æS/cm,17,
0450401,Estanys de Banyoles,045040100,QLSup - Estanys de Banyoles,480010,4663228,Conductivitat (camp),05/29/2007 16:15:00,1334,æS/cm,18,
0450401,Estanys de Banyoles,045040100,QLSup - Estanys de Banyoles,480010,4663228,Conductivitat (camp),05/29/2007 16:15:00,1334,æS/cm,19,
0450401,Estanys de Banyoles,045040100,QLSup - Estanys de Banyoles,480010,4663228,Conductivitat (camp),05/29/2007 16:15:00,1334,æS/cm,20,
0450401,Estanys de Banyoles,045040100,QLSup - Estanys de Banyoles,480010,4663228,Conductivitat (camp),05/29/2007 16:15:00,1334,æS/cm,21,
0450401,Estanys de Banyoles,045040100,QLSup - Estanys de Banyoles,480010,4663228,Conductivitat (camp),05/29/2007 16:15:00,1333,æS/cm,22,
0450401,Estanys de Banyoles,045040100,QLSup - Estanys de Banyoles,480010,4663228,Conductivitat (camp),05/29/2007 16:15:00,1334,æS/cm,23,
0450401,Estanys de Banyoles,045040100,QLSup - Estanys de Banyoles,480010,4663228,Conductivitat (camp),05/29/2007 16:15:00,1335,æS/cm,24,
0450401,Estanys de Banyoles,045040100,QLSup - Estanys de Banyoles,480010,4663228,Conductivitat (camp),05/29/2007 16:15:00,1335,æS/cm,25,
0450401,Estanys de Banyoles,045040100,QLSup - Estanys de Banyoles,480010,4663228,Conductivitat (camp),05/29/2007 16:15:00,1335,æS/cm,26,
0450401,Estanys de Banyoles,045040100,QLSup - Estanys de Banyoles,480010,4663228,Conductivitat (camp),05/29/2007 16:15:00,1335,æS/cm,27,
0450401,Estanys de Banyoles,045040100,QLSup - Estanys de Banyoles,480010,4663228,Conductivitat (camp),05/29/2007 16:15:00,1335,æS/cm,28,
0450401,Estanys de Banyoles,045040100,QLSup - Estanys de Banyoles,480010,4663228,Oxigen dissolt (camp),05/29/2007 16:15:00,12.7,mg/L,0,
0450401,Estanys de Banyoles,045040100,QLSup - Estanys de Banyoles,480010,4663228,Oxigen dissolt (camp),05/29/2007 16:15:00,12,mg/L,1,
0450401,Estanys de Banyoles,045040100,QLSup - Estanys de Banyoles,480010,4663228,Oxigen dissolt (camp),05/29/2007 16:15:00,8,mg/L,2,
0450401,Estanys de Banyoles,045040100,QLSup - Estanys de Banyoles,480010,4663228,Oxigen dissolt (camp),05/29/2007 16:15:00,12.7,mg/L,3,
0450401,Estanys de Banyoles,045040100,QLSup - Estanys de Banyoles,480010,4663228,Oxigen dissolt (camp),05/29/2007 16:15:00,12.6,mg/L,4,
0450401,Estanys de Banyoles,045040100,QLSup - Estanys de Banyoles,480010,4663228,Oxigen dissolt (camp),05/29/2007 16:15:00,12.7,mg/L,5,
0450401,Estanys de Banyoles,045040100,QLSup - Estanys de Banyoles,480010,4663228,Oxigen dissolt (camp),05/29/2007 16:15:00,14.7,mg/L,6,
0450401,Estanys de Banyoles,045040100,QLSup - Estanys de Banyoles,480010,4663228,Oxigen dissolt (camp),05/29/2007 16:15:00,14.9,mg/L,7,
0450401,Estanys de Banyoles,045040100,QLSup - Estanys de Banyoles,480010,4663228,Oxigen dissolt (camp),05/29/2007 16:15:00,14.4,mg/L,8,
0450401,Estanys de Banyoles,045040100,QLSup - Estanys de Banyoles,480010,4663228,Oxigen dissolt (camp),05/29/2007 16:15:00,14.3,mg/L,9,
0450401,Estanys de Banyoles,045040100,QLSup - Estanys de Banyoles,480010,4663228,Oxigen dissolt (camp),05/29/2007 16:15:00,13.1,mg/L,10,
0450401,Estanys de Banyoles,045040100,QLSup - Estanys de Banyoles,480010,4663228,Oxigen dissolt (camp),05/29/2007 16:15:00,9.5,mg/L,11,
0450401,Estanys de Banyoles,045040100,QLSup - Estanys de Banyoles,480010,4663228,Oxigen dissolt (camp),05/29/2007 16:15:00,9.4,mg/L,12,
0450401,Estanys de Banyoles,045040100,QLSup - Estanys de Banyoles,480010,4663228,Oxigen dissolt (camp),05/29/2007 16:15:00,9.2,mg/L,13,
0450401,Estanys de Banyoles,045040100,QLSup - Estanys de Banyoles,480010,4663228,Oxigen dissolt (camp),05/29/2007 16:15:00,9.1,mg/L,14,
0450401,Estanys de Banyoles,045040100,QLSup - Estanys de Banyoles,480010,4663228,Oxigen dissolt (camp),05/29/2007 16:15:00,9.1,mg/L,15,
0450401,Estanys de Banyoles,045040100,QLSup - Estanys de Banyoles,480010,4663228,Oxigen dissolt (camp),05/29/2007 16:15:00,9.1,mg/L,16,
0450401,Estanys de Banyoles,045040100,QLSup - Estanys de Banyoles,480010,4663228,Oxigen dissolt (camp),05/29/2007 16:15:00,9.2,mg/L,17,
0450401,Estanys de Banyoles,045040100,QLSup - Estanys de Banyoles,480010,4663228,Oxigen dissolt (camp),05/29/2007 16:15:00,9.1,mg/L,18,
0450401,Estanys de Banyoles,045040100,QLSup - Estanys de Banyoles,480010,4663228,Oxigen dissolt (camp),05/29/2007 16:15:00,9.1,mg/L,19,
0450401,Estanys de Banyoles,045040100,QLSup - Estanys de Banyoles,480010,4663228,Oxigen dissolt (camp),05/29/2007 16:15:00,9.1,mg/L,20,
0450401,Estanys de Banyoles,045040100,QLSup - Estanys de Banyoles,480010,4663228,Oxigen dissolt (camp),05/29/2007 16:15:00,9.1,mg/L,21,
0450401,Estanys de Banyoles,045040100,QLSup - Estanys de Banyoles,480010,4663228,Oxigen dissolt (camp),05/29/2007 16:15:00,9.1,mg/L,22,
0450401,Estanys de Banyoles,045040100,QLSup - Estanys de Banyoles,480010,4663228,Oxigen dissolt (camp),05/29/2007 16:15:00,9.1,mg/L,23,
0450401,Estanys de Banyoles,045040100,QLSup - Estanys de Banyoles,480010,4663228,Oxigen dissolt (camp),05/29/2007 16:15:00,9.1,mg/L,24,
0450401,Estanys de Banyoles,045040100,QLSup - Estanys de Banyoles,480010,4663228,Oxigen dissolt (camp),05/29/2007 16:15:00,9.1,mg/L,25,
0450401,Estanys de Banyoles,045040100,QLSup - Estanys de Banyoles,480010,4663228,Oxigen dissolt (camp),05/29/2007 16:15:00,9.1,mg/L,26,
0450401,Estanys de Banyoles,045040100,QLSup - Estanys de Banyoles,480010,4663228,Oxigen dissolt (camp),05/29/2007 16:15:00,9,mg/L,27,
0450401,Estanys de Banyoles,045040100,QLSup - Estanys de Banyoles,480010,4663228,Oxigen dissolt (camp),05/29/2007 16:15:00,9,mg/L,28,
0450401,Estanys de Banyoles,045040100,QLSup - Estanys de Banyoles,480010,4663228,Temperatura de l'aigua (camp),05/29/2007 16:15:00,21.1,§C,0,
0450401,Estanys de Banyoles,045040100,QLSup - Estanys de Banyoles,480010,4663228,Temperatura de l'aigua (camp),05/29/2007 16:15:00,20.9,§C,1,
0450401,Estanys de Banyoles,045040100,QLSup - Estanys de Banyoles,480010,4663228,Temperatura de l'aigua (camp),05/29/2007 16:15:00,20.8,§C,2,
0450401,Estanys de Banyoles,045040100,QLSup - Estanys de Banyoles,480010,4663228,Temperatura de l'aigua (camp),05/29/2007 16:15:00,20.8,§C,3,
0450401,Estanys de Banyoles,045040100,QLSup - Estanys de Banyoles,480010,4663228,Temperatura de l'aigua (camp),05/29/2007 16:15:00,20.7,§C,4,
0450401,Estanys de Banyoles,045040100,QLSup - Estanys de Banyoles,480010,4663228,Temperatura de l'aigua (camp),05/29/2007 16:15:00,20.2,§C,5,
0450401,Estanys de Banyoles,045040100,QLSup - Estanys de Banyoles,480010,4663228,Temperatura de l'aigua (camp),05/29/2007 16:15:00,17.7,§C,6,
0450401,Estanys de Banyoles,045040100,QLSup - Estanys de Banyoles,480010,4663228,Temperatura de l'aigua (camp),05/29/2007 16:15:00,16.5,§C,7,
0450401,Estanys de Banyoles,045040100,QLSup - Estanys de Banyoles,480010,4663228,Temperatura de l'aigua (camp),05/29/2007 16:15:00,15.6,§C,8,
0450401,Estanys de Banyoles,045040100,QLSup - Estanys de Banyoles,480010,4663228,Temperatura de l'aigua (camp),05/29/2007 16:15:00,14.8,§C,9,
0450401,Estanys de Banyoles,045040100,QLSup - Estanys de Banyoles,480010,4663228,Temperatura de l'aigua (camp),05/29/2007 16:15:00,14.2,§C,10,
0450401,Estanys de Banyoles,045040100,QLSup - Estanys de Banyoles,480010,4663228,Temperatura de l'aigua (camp),05/29/2007 16:15:00,14,§C,11,
0450401,Estanys de Banyoles,045040100,QLSup - Estanys de Banyoles,480010,4663228,Temperatura de l'aigua (camp),05/29/2007 16:15:00,14,§C,12,
0450401,Estanys de Banyoles,045040100,QLSup - Estanys de Banyoles,480010,4663228,Temperatura de l'aigua (camp),05/29/2007 16:15:00,14,§C,13,
0450401,Estanys de Banyoles,045040100,QLSup - Estanys de Banyoles,480010,4663228,Temperatura de l'aigua (camp),05/29/2007 16:15:00,14,§C,14,
0450401,Estanys de Banyoles,045040100,QLSup - Estanys de Banyoles,480010,4663228,Temperatura de l'aigua (camp),05/29/2007 16:15:00,14,§C,15,
0450401,Estanys de Banyoles,045040100,QLSup - Estanys de Banyoles,480010,4663228,Temperatura de l'aigua (camp),05/29/2007 16:15:00,14,§C,16,
0450401,Estanys de Banyoles,045040100,QLSup - Estanys de Banyoles,480010,4663228,Temperatura de l'aigua (camp),05/29/2007 16:15:00,14,§C,17,
0450401,Estanys de Banyoles,045040100,QLSup - Estanys de Banyoles,480010,4663228,Temperatura de l'aigua (camp),05/29/2007 16:15:00,14,§C,18,
0450401,Estanys de Banyoles,045040100,QLSup - Estanys de Banyoles,480010,4663228,Temperatura de l'aigua (camp),05/29/2007 16:15:00,14,§C,19,
0450401,Estanys de Banyoles,045040100,QLSup - Estanys de Banyoles,480010,4663228,Temperatura de l'aigua (camp),05/29/2007 16:15:00,14,§C,20,
0450401,Estanys de Banyoles,045040100,QLSup - Estanys de Banyoles,480010,4663228,Temperatura de l'aigua (camp),05/29/2007 16:15:00,14,§C,21,
0450401,Estanys de Banyoles,045040100,QLSup - Estanys de Banyoles,480010,4663228,Temperatura de l'aigua (camp),05/29/2007 16:15:00,14,§C,22,
0450401,Estanys de Banyoles,045040100,QLSup - Estanys de Banyoles,480010,4663228,Temperatura de l'aigua (camp),05/29/2007 16:15:00,14,§C,23,
0450401,Estanys de Banyoles,045040100,QLSup - Estanys de Banyoles,480010,4663228,Temperatura de l'aigua (camp),05/29/2007 16:15:00,14,§C,24,
0450401,Estanys de Banyoles,045040100,QLSup - Estanys de Banyoles,480010,4663228,Temperatura de l'aigua (camp),05/29/2007 16:15:00,14,§C,25,
0450401,Estanys de Banyoles,045040100,QLSup - Estanys de Banyoles,480010,4663228,Temperatura de l'aigua (camp),05/29/2007 16:15:00,14,§C,26,
0450401,Estanys de Banyoles,045040100,QLSup - Estanys de Banyoles,480010,4663228,Temperatura de l'aigua (camp),05/29/2007 16:15:00,14,§C,27,
0450401,Estanys de Banyoles,045040100,QLSup - Estanys de Banyoles,480010,4663228,Temperatura de l'aigua (camp),05/29/2007 16:15:00,14,§C,28,
0450401,Estanys de Banyoles,045040100,QLSup - Estanys de Banyoles,480010,4663228,Clorofilúla a (camp),05/29/2007 16:15:00,1.1,mg/m3,0,
0450401,Estanys de Banyoles,045040100,QLSup - Estanys de Banyoles,480010,4663228,Clorofilúla a (camp),05/29/2007 16:15:00,0.8,mg/m3,4,
0450401,Estanys de Banyoles,045040100,QLSup - Estanys de Banyoles,480010,4663228,Clorofilúla a (camp),05/29/2007 16:15:00,0.7,mg/m3,13,
0450401,Estanys de Banyoles,045040100,QLSup - Estanys de Banyoles,480010,4663228,Temperatura de l'aigua (camp),05/29/2007 16:15:00,21.1,§C,0,
0450401,Estanys de Banyoles,045040100,QLSup - Estanys de Banyoles,480010,4663228,Temperatura de l'aigua (camp),05/29/2007 16:15:00,20.9,§C,1,
0450401,Estanys de Banyoles,045040100,QLSup - Estanys de Banyoles,480010,4663228,Temperatura de l'aigua (camp),05/29/2007 16:15:00,20.8,§C,2,
0450401,Estanys de Banyoles,045040100,QLSup - Estanys de Banyoles,480010,4663228,Temperatura de l'aigua (camp),05/29/2007 16:15:00,20.8,§C,3,
0450401,Estanys de Banyoles,045040100,QLSup - Estanys de Banyoles,480010,4663228,Temperatura de l'aigua (camp),05/29/2007 16:15:00,20.7,§C,4,
0450401,Estanys de Banyoles,045040100,QLSup - Estanys de Banyoles,480010,4663228,Temperatura de l'aigua (camp),05/29/2007 16:15:00,20.2,§C,5,
0450401,Estanys de Banyoles,045040100,QLSup - Estanys de Banyoles,480010,4663228,Temperatura de l'aigua (camp),05/29/2007 16:15:00,17.7,§C,6,
0450401,Estanys de Banyoles,045040100,QLSup - Estanys de Banyoles,480010,4663228,Temperatura de l'aigua (camp),05/29/2007 16:15:00,16.5,§C,7,
0450401,Estanys de Banyoles,045040100,QLSup - Estanys de Banyoles,480010,4663228,Temperatura de l'aigua (camp),05/29/2007 16:15:00,15.6,§C,8,
0450401,Estanys de Banyoles,045040100,QLSup - Estanys de Banyoles,480010,4663228,Temperatura de l'aigua (camp),05/29/2007 16:15:00,14.8,§C,9,
0450401,Estanys de Banyoles,045040100,QLSup - Estanys de Banyoles,480010,4663228,Temperatura de l'aigua (camp),05/29/2007 16:15:00,14.2,§C,10,
0450401,Estanys de Banyoles,045040100,QLSup - Estanys de Banyoles,480010,4663228,Temperatura de l'aigua (camp),05/29/2007 16:15:00,14,§C,11,
0450401,Estanys de Banyoles,045040100,QLSup - Estanys de Banyoles,480010,4663228,Temperatura de l'aigua (camp),05/29/2007 16:15:00,14,§C,12,
0450401,Estanys de Banyoles,045040100,QLSup - Estanys de Banyoles,480010,4663228,Temperatura de l'aigua (camp),05/29/2007 16:15:00,14,§C,13,
0450401,Estanys de Banyoles,045040100,QLSup - Estanys de Banyoles,480010,4663228,Temperatura de l'aigua (camp),05/29/2007 16:15:00,14,§C,14,
0450401,Estanys de Banyoles,045040100,QLSup - Estanys de Banyoles,480010,4663228,Temperatura de l'aigua (camp),05/29/2007 16:15:00,14,§C,15,
0450401,Estanys de Banyoles,045040100,QLSup - Estanys de Banyoles,480010,4663228,Temperatura de l'aigua (camp),05/29/2007 16:15:00,14,§C,16,
0450401,Estanys de Banyoles,045040100,QLSup - Estanys de Banyoles,480010,4663228,Temperatura de l'aigua (camp),05/29/2007 16:15:00,14,§C,17,
0450401,Estanys de Banyoles,045040100,QLSup - Estanys de Banyoles,480010,4663228,Temperatura de l'aigua (camp),05/29/2007 16:15:00,14,§C,18,
0450401,Estanys de Banyoles,045040100,QLSup - Estanys de Banyoles,480010,4663228,Temperatura de l'aigua (camp),05/29/2007 16:15:00,14,§C,19,
0450401,Estanys de Banyoles,045040100,QLSup - Estanys de Banyoles,480010,4663228,Temperatura de l'aigua (camp),05/29/2007 16:15:00,14,§C,20,
0450401,Estanys de Banyoles,045040100,QLSup - Estanys de Banyoles,480010,4663228,Temperatura de l'aigua (camp),05/29/2007 16:15:00,14,§C,21,
0450401,Estanys de Banyoles,045040100,QLSup - Estanys de Banyoles,480010,4663228,Temperatura de l'aigua (camp),05/29/2007 16:15:00,14,§C,22,
0450401,Estanys de Banyoles,045040100,QLSup - Estanys de Banyoles,480010,4663228,Temperatura de l'aigua (camp),05/29/2007 16:15:00,14,§C,23,
0450401,Estanys de Banyoles,045040100,QLSup - Estanys de Banyoles,480010,4663228,Temperatura de l'aigua (camp),05/29/2007 16:15:00,14,§C,24,
0450401,Estanys de Banyoles,045040100,QLSup - Estanys de Banyoles,480010,4663228,Temperatura de l'aigua (camp),05/29/2007 16:15:00,14,§C,25,
0450401,Estanys de Banyoles,045040100,QLSup - Estanys de Banyoles,480010,4663228,Temperatura de l'aigua (camp),05/29/2007 16:15:00,14,§C,26,
0450401,Estanys de Banyoles,045040100,QLSup - Estanys de Banyoles,480010,4663228,Temperatura de l'aigua (camp),05/29/2007 16:15:00,14,§C,27,
0450401,Estanys de Banyoles,045040100,QLSup - Estanys de Banyoles,480010,4663228,Temperatura de l'aigua (camp),05/29/2007 16:15:00,14,§C,28,
0450401,Estanys de Banyoles,045040100,QLSup - Estanys de Banyoles,480010,4663228,Conductivitat (camp),08/14/2007,1354,æS/cm,0,
0450401,Estanys de Banyoles,045040100,QLSup - Estanys de Banyoles,480010,4663228,Temperatura de l'aigua (camp),08/14/2007,25,§C,0,
0450401,Estanys de Banyoles,045040100,QLSup - Estanys de Banyoles,480010,4663228,Temperatura de l'aigua (camp),08/14/2007,25,§C,0,
0450401,Estanys de Banyoles,045040100,QLSup - Estanys de Banyoles,480010,4663228,pH,09/18/2007,7.6,u.pH,,
0450401,Estanys de Banyoles,045040100,QLSup - Estanys de Banyoles,480010,4663228,Suma d'anions,09/18/2007,16.253,meq/L,,
0450401,Estanys de Banyoles,045040100,QLSup - Estanys de Banyoles,480010,4663228,Suma de cations,09/18/2007,15.753,meq/L,,
0450401,Estanys de Banyoles,045040100,QLSup - Estanys de Banyoles,480010,4663228,Conductivitat (camp),09/18/2007,1087,æS/cm,0,
0450401,Estanys de Banyoles,045040100,QLSup - Estanys de Banyoles,480010,4663228,Oxigen dissolt (camp),09/18/2007,4.1,mg/L,0,
0450401,Estanys de Banyoles,045040100,QLSup - Estanys de Banyoles,480010,4663228,% Saturaci¢ d'oxigen (camp),09/18/2007,50,%,0,
0450401,Estanys de Banyoles,045040100,QLSup - Estanys de Banyoles,480010,4663228,Temperatura de l'aigua (camp),09/18/2007,22,§C,0,
0450401,Estanys de Banyoles,045040100,QLSup - Estanys de Banyoles,480010,4663228,Temperatura de l'aigua (camp),09/18/2007,22,§C,0,
0450401,Estanys de Banyoles,045040100,QLSup - Estanys de Banyoles,480010,4663228,pH,10/29/2007,7.3,u.pH,,
0450401,Estanys de Banyoles,045040100,QLSup - Estanys de Banyoles,480010,4663228,Suma d'anions,10/29/2007,16.134,meq/L,,
0450401,Estanys de Banyoles,045040100,QLSup - Estanys de Banyoles,480010,4663228,Suma de cations,10/29/2007,16.342,meq/L,,
0450401,Estanys de Banyoles,045040100,QLSup - Estanys de Banyoles,480010,4663228,Conductivitat (camp),10/29/2007,1113,æS/cm,0,
0450401,Estanys de Banyoles,045040100,QLSup - Estanys de Banyoles,480010,4663228,Oxigen dissolt (camp),10/29/2007,4.7,mg/L,0,
0450401,Estanys de Banyoles,045040100,QLSup - Estanys de Banyoles,480010,4663228,% Saturaci¢ d'oxigen (camp),10/29/2007,50.9,%,0,
0450401,Estanys de Banyoles,045040100,QLSup - Estanys de Banyoles,480010,4663228,Temperatura de l'aigua (camp),10/29/2007,17,§C,0,
0450401,Estanys de Banyoles,045040100,QLSup - Estanys de Banyoles,480010,4663228,Temperatura de l'aigua (camp),10/29/2007,17,§C,0,
0450401,Estanys de Banyoles,045040100,QLSup - Estanys de Banyoles,480010,4663228,pH,12/11/2007,7.9,u.pH,,
0450401,Estanys de Banyoles,045040100,QLSup - Estanys de Banyoles,480010,4663228,Suma d'anions,12/11/2007,15.888,meq/L,,
0450401,Estanys de Banyoles,045040100,QLSup - Estanys de Banyoles,480010,4663228,Suma de cations,12/11/2007,16.286,meq/L,,
0450401,Estanys de Banyoles,045040100,QLSup - Estanys de Banyoles,480010,4663228,Conductivitat (camp),12/11/2007,1191,æS/cm,0,
0450401,Estanys de Banyoles,045040100,QLSup - Estanys de Banyoles,480010,4663228,Oxigen dissolt (camp),12/11/2007,7.2,mg/L,0,
0450401,Estanys de Banyoles,045040100,QLSup - Estanys de Banyoles,480010,4663228,% Saturaci¢ d'oxigen (camp),12/11/2007,69.1,%,0,
0450401,Estanys de Banyoles,045040100,QLSup - Estanys de Banyoles,480010,4663228,Temperatura de l'aigua (camp),12/11/2007,2,§C,0,
0450401,Estanys de Banyoles,045040100,QLSup - Estanys de Banyoles,480010,4663228,Temperatura de l'aigua (camp),12/11/2007,2,§C,0,
0450401,Estanys de Banyoles,045040100,QLSup - Estanys de Banyoles,480010,4663228,pH,01/22/2008,7.9,u.pH,,
0450401,Estanys de Banyoles,045040100,QLSup - Estanys de Banyoles,480010,4663228,Suma d'anions,01/22/2008,16.89,meq/L,,
0450401,Estanys de Banyoles,045040100,QLSup - Estanys de Banyoles,480010,4663228,Suma de cations,01/22/2008,16.4666,meq/L,,
0450401,Estanys de Banyoles,045040100,QLSup - Estanys de Banyoles,480010,4663228,Conductivitat (camp),01/22/2008,1191,æS/cm,0,
0450401,Estanys de Banyoles,045040100,QLSup - Estanys de Banyoles,480010,4663228,Oxigen dissolt (camp),01/22/2008,7.5,mg/L,0,
0450401,Estanys de Banyoles,045040100,QLSup - Estanys de Banyoles,480010,4663228,% Saturaci¢ d'oxigen (camp),01/22/2008,72.1,%,0,
0450401,Estanys de Banyoles,045040100,QLSup - Estanys de Banyoles,480010,4663228,Temperatura de l'aigua (camp),01/22/2008,9,§C,0,
0450401,Estanys de Banyoles,045040100,QLSup - Estanys de Banyoles,480010,4663228,Temperatura de l'aigua (camp),01/22/2008,9,§C,0,
0450401,Estanys de Banyoles,045040100,QLSup - Estanys de Banyoles,480010,4663228,pH,03/04/2008,7.6,u.pH,,
0450401,Estanys de Banyoles,045040100,QLSup - Estanys de Banyoles,480010,4663228,Suma d'anions,03/04/2008,15.994,meq/L,,
0450401,Estanys de Banyoles,045040100,QLSup - Estanys de Banyoles,480010,4663228,Suma de cations,03/04/2008,16.426,meq/L,,
0450401,Estanys de Banyoles,045040100,QLSup - Estanys de Banyoles,480010,4663228,Conductivitat (camp),03/04/2008,1178,æS/cm,0,
0450401,Estanys de Banyoles,045040100,QLSup - Estanys de Banyoles,480010,4663228,Oxigen dissolt (camp),03/04/2008,8.3,mg/L,0,
0450401,Estanys de Banyoles,045040100,QLSup - Estanys de Banyoles,480010,4663228,% Saturaci¢ d'oxigen (camp),03/04/2008,79.6,%,0,
0450401,Estanys de Banyoles,045040100,QLSup - Estanys de Banyoles,480010,4663228,Temperatura de l'aigua (camp),03/04/2008,12,§C,0,
0450401,Estanys de Banyoles,045040100,QLSup - Estanys de Banyoles,480010,4663228,Temperatura de l'aigua (camp),03/04/2008,12,§C,0,
0450401,Estanys de Banyoles,045040100,QLSup - Estanys de Banyoles,480010,4663228,pH,04/09/2008,7.9,u.pH,,
0450401,Estanys de Banyoles,045040100,QLSup - Estanys de Banyoles,480010,4663228,Suma d'anions,04/09/2008,16.288,meq/L,,
0450401,Estanys de Banyoles,045040100,QLSup - Estanys de Banyoles,480010,4663228,Suma de cations,04/09/2008,16.095,meq/L,,
0450401,Estanys de Banyoles,045040100,QLSup - Estanys de Banyoles,480010,4663228,Conductivitat (camp),04/09/2008,1185,æS/cm,0,
0450401,Estanys de Banyoles,045040100,QLSup - Estanys de Banyoles,480010,4663228,Oxigen dissolt (camp),04/09/2008,8.6,mg/L,0,
0450401,Estanys de Banyoles,045040100,QLSup - Estanys de Banyoles,480010,4663228,% Saturaci¢ d'oxigen (camp),04/09/2008,86.3,%,0,
0450401,Estanys de Banyoles,045040100,QLSup - Estanys de Banyoles,480010,4663228,Temperatura de l'aigua (camp),04/09/2008,13,§C,0,
0450401,Estanys de Banyoles,045040100,QLSup - Estanys de Banyoles,480010,4663228,Temperatura de l'aigua (camp),04/09/2008,13,§C,0,
0450401,Estanys de Banyoles,045040100,QLSup - Estanys de Banyoles,480010,4663228,pH,06/30/2008,7.7,u.pH,,
0450401,Estanys de Banyoles,045040100,QLSup - Estanys de Banyoles,480010,4663228,Suma d'anions,06/30/2008,15.8176,meq/L,,
0450401,Estanys de Banyoles,045040100,QLSup - Estanys de Banyoles,480010,4663228,Suma de cations,06/30/2008,16.2705,meq/L,,
0450401,Estanys de Banyoles,045040100,QLSup - Estanys de Banyoles,480010,4663228,Conductivitat (camp),06/30/2008,450,æS/cm,0,
0450401,Estanys de Banyoles,045040100,QLSup - Estanys de Banyoles,480010,4663228,Oxigen dissolt (camp),06/30/2008,10.9,mg/L,0,
0450401,Estanys de Banyoles,045040100,QLSup - Estanys de Banyoles,480010,4663228,% Saturaci¢ d'oxigen (camp),06/30/2008,102.3,%,0,
0450401,Estanys de Banyoles,045040100,QLSup - Estanys de Banyoles,480010,4663228,Temperatura de l'aigua (camp),06/30/2008,22,§C,0,
0450401,Estanys de Banyoles,045040100,QLSup - Estanys de Banyoles,480010,4663228,Temperatura de l'aigua (camp),06/30/2008,22,§C,0,
0450401,Estanys de Banyoles,045040100,QLSup - Estanys de Banyoles,480010,4663228,pH,07/02/2008,7.5,u.pH,,
0450401,Estanys de Banyoles,045040100,QLSup - Estanys de Banyoles,480010,4663228,Suma d'anions,07/02/2008,15.9102,meq/L,,
0450401,Estanys de Banyoles,045040100,QLSup - Estanys de Banyoles,480010,4663228,Suma de cations,07/02/2008,16.3487,meq/L,,
0450401,Estanys de Banyoles,045040100,QLSup - Estanys de Banyoles,480010,4663228,Conductivitat (camp),07/02/2008,475,æS/cm,0,
0450401,Estanys de Banyoles,045040100,QLSup - Estanys de Banyoles,480010,4663228,Oxigen dissolt (camp),07/02/2008,11.4,mg/L,0,
0450401,Estanys de Banyoles,045040100,QLSup - Estanys de Banyoles,480010,4663228,% Saturaci¢ d'oxigen (camp),07/02/2008,107.6,%,0,
0450401,Estanys de Banyoles,045040100,QLSup - Estanys de Banyoles,480010,4663228,Temperatura de l'aigua (camp),07/02/2008,26,§C,0,
0450401,Estanys de Banyoles,045040100,QLSup - Estanys de Banyoles,480010,4663228,Temperatura de l'aigua (camp),07/02/2008,26,§C,0,
0450401,Estanys de Banyoles,045040100,QLSup - Estanys de Banyoles,480010,4663228,Terbolesa,07/16/2008 12:00:00,6.4,NTU,,
0450401,Estanys de Banyoles,045040100,QLSup - Estanys de Banyoles,480010,4663228,Terbolesa,07/16/2008 12:00:00,6.3,NTU,,
0450401,Estanys de Banyoles,045040100,QLSup - Estanys de Banyoles,480010,4663228,Terbolesa,07/16/2008 12:00:00,6.3,NTU,,
0450401,Estanys de Banyoles,045040100,QLSup - Estanys de Banyoles,480010,4663228,Terbolesa,07/16/2008 12:00:00,6.3,NTU,,
0450401,Estanys de Banyoles,045040100,QLSup - Estanys de Banyoles,480010,4663228,Terbolesa,07/16/2008 12:00:00,6.3,NTU,,
0450401,Estanys de Banyoles,045040100,QLSup - Estanys de Banyoles,480010,4663228,Terbolesa,07/16/2008 12:00:00,6.4,NTU,,
0450401,Estanys de Banyoles,045040100,QLSup - Estanys de Banyoles,480010,4663228,Terbolesa,07/16/2008 12:00:00,7.5,NTU,,
0450401,Estanys de Banyoles,045040100,QLSup - Estanys de Banyoles,480010,4663228,Terbolesa,07/16/2008 12:00:00,7.2,NTU,,
0450401,Estanys de Banyoles,045040100,QLSup - Estanys de Banyoles,480010,4663228,Terbolesa,07/16/2008 12:00:00,9,NTU,,
0450401,Estanys de Banyoles,045040100,QLSup - Estanys de Banyoles,480010,4663228,Terbolesa,07/16/2008 12:00:00,13.3,NTU,,
0450401,Estanys de Banyoles,045040100,QLSup - Estanys de Banyoles,480010,4663228,Terbolesa,07/16/2008 12:00:00,10,NTU,,
0450401,Estanys de Banyoles,045040100,QLSup - Estanys de Banyoles,480010,4663228,Terbolesa,07/16/2008 12:00:00,8.7,NTU,,
0450401,Estanys de Banyoles,045040100,QLSup - Estanys de Banyoles,480010,4663228,Terbolesa,07/16/2008 12:00:00,8.3,NTU,,
0450401,Estanys de Banyoles,045040100,QLSup - Estanys de Banyoles,480010,4663228,Terbolesa,07/16/2008 12:00:00,8,NTU,,
0450401,Estanys de Banyoles,045040100,QLSup - Estanys de Banyoles,480010,4663228,Terbolesa,07/16/2008 12:00:00,7.6,NTU,,
0450401,Estanys de Banyoles,045040100,QLSup - Estanys de Banyoles,480010,4663228,Terbolesa,07/16/2008 12:00:00,7.3,NTU,,
0450401,Estanys de Banyoles,045040100,QLSup - Estanys de Banyoles,480010,4663228,Terbolesa,07/16/2008 12:00:00,6.9,NTU,,
0450401,Estanys de Banyoles,045040100,QLSup - Estanys de Banyoles,480010,4663228,Terbolesa,07/16/2008 12:00:00,7,NTU,,
0450401,Estanys de Banyoles,045040100,QLSup - Estanys de Banyoles,480010,4663228,Terbolesa,07/16/2008 12:00:00,7.1,NTU,,
0450401,Estanys de Banyoles,045040100,QLSup - Estanys de Banyoles,480010,4663228,Terbolesa,07/16/2008 12:00:00,7.2,NTU,,
0450401,Estanys de Banyoles,045040100,QLSup - Estanys de Banyoles,480010,4663228,Terbolesa,07/16/2008 12:00:00,7.2,NTU,,
0450401,Estanys de Banyoles,045040100,QLSup - Estanys de Banyoles,480010,4663228,Terbolesa,07/16/2008 12:00:00,7.7,NTU,,
0450401,Estanys de Banyoles,045040100,QLSup - Estanys de Banyoles,480010,4663228,Terbolesa,07/16/2008 12:00:00,8,NTU,,
0450401,Estanys de Banyoles,045040100,QLSup - Estanys de Banyoles,480010,4663228,Terbolesa,07/16/2008 12:00:00,7.9,NTU,,
0450401,Estanys de Banyoles,045040100,QLSup - Estanys de Banyoles,480010,4663228,Terbolesa,07/16/2008 12:00:00,7.8,NTU,,
0450401,Estanys de Banyoles,045040100,QLSup - Estanys de Banyoles,480010,4663228,Terbolesa,07/16/2008 12:00:00,7.8,NTU,,
0450401,Estanys de Banyoles,045040100,QLSup - Estanys de Banyoles,480010,4663228,Terbolesa,07/16/2008 12:00:00,7.9,NTU,,
0450401,Estanys de Banyoles,045040100,QLSup - Estanys de Banyoles,480010,4663228,Terbolesa,07/16/2008 12:00:00,8,NTU,,
0450401,Estanys de Banyoles,045040100,QLSup - Estanys de Banyoles,480010,4663228,Terbolesa,07/16/2008 12:00:00,8,NTU,,
0450401,Estanys de Banyoles,045040100,QLSup - Estanys de Banyoles,480010,4663228,Terbolesa,07/16/2008 12:00:00,7.9,NTU,,
0450401,Estanys de Banyoles,045040100,QLSup - Estanys de Banyoles,480010,4663228,Terbolesa,07/16/2008 12:00:00,7.7,NTU,,
0450401,Estanys de Banyoles,045040100,QLSup - Estanys de Banyoles,480010,4663228,Terbolesa,07/16/2008 12:00:00,7.7,NTU,,
0450401,Estanys de Banyoles,045040100,QLSup - Estanys de Banyoles,480010,4663228,Terbolesa,07/16/2008 12:00:00,7.7,NTU,,
0450401,Estanys de Banyoles,045040100,QLSup - Estanys de Banyoles,480010,4663228,Terbolesa,07/16/2008 12:00:00,7.8,NTU,,
0450401,Estanys de Banyoles,045040100,QLSup - Estanys de Banyoles,480010,4663228,Terbolesa,07/16/2008 12:00:00,7.9,NTU,,
0450401,Estanys de Banyoles,045040100,QLSup - Estanys de Banyoles,480010,4663228,Terbolesa,07/16/2008 12:00:00,8.1,NTU,,
0450401,Estanys de Banyoles,045040100,QLSup - Estanys de Banyoles,480010,4663228,Terbolesa,07/16/2008 12:00:00,8.4,NTU,,
0450401,Estanys de Banyoles,045040100,QLSup - Estanys de Banyoles,480010,4663228,Terbolesa,07/16/2008 12:00:00,8.2,NTU,,
0450401,Estanys de Banyoles,045040100,QLSup - Estanys de Banyoles,480010,4663228,Conductivitat (camp),07/16/2008 12:00:00,1365,æS/cm,0,
0450401,Estanys de Banyoles,045040100,QLSup - Estanys de Banyoles,480010,4663228,Conductivitat (camp),07/16/2008 12:00:00,1351,æS/cm,1,
0450401,Estanys de Banyoles,045040100,QLSup - Estanys de Banyoles,480010,4663228,Conductivitat (camp),07/16/2008 12:00:00,1348,æS/cm,2,
0450401,Estanys de Banyoles,045040100,QLSup - Estanys de Banyoles,480010,4663228,Conductivitat (camp),07/16/2008 12:00:00,1347,æS/cm,3,
0450401,Estanys de Banyoles,045040100,QLSup - Estanys de Banyoles,480010,4663228,Conductivitat (camp),07/16/2008 12:00:00,1347,æS/cm,4,
0450401,Estanys de Banyoles,045040100,QLSup - Estanys de Banyoles,480010,4663228,Conductivitat (camp),07/16/2008 12:00:00,1347,æS/cm,5,
0450401,Estanys de Banyoles,045040100,QLSup - Estanys de Banyoles,480010,4663228,Conductivitat (camp),07/16/2008 12:00:00,1364,æS/cm,6,
0450401,Estanys de Banyoles,045040100,QLSup - Estanys de Banyoles,480010,4663228,Conductivitat (camp),07/16/2008 12:00:00,1370,æS/cm,7,
0450401,Estanys de Banyoles,045040100,QLSup - Estanys de Banyoles,480010,4663228,Conductivitat (camp),07/16/2008 12:00:00,1377,æS/cm,8,
0450401,Estanys de Banyoles,045040100,QLSup - Estanys de Banyoles,480010,4663228,Conductivitat (camp),07/16/2008 12:00:00,1373,æS/cm,9,
0450401,Estanys de Banyoles,045040100,QLSup - Estanys de Banyoles,480010,4663228,Conductivitat (camp),07/16/2008 12:00:00,1369,æS/cm,10,
0450401,Estanys de Banyoles,045040100,QLSup - Estanys de Banyoles,480010,4663228,Conductivitat (camp),07/16/2008 12:00:00,1373,æS/cm,11,
0450401,Estanys de Banyoles,045040100,QLSup - Estanys de Banyoles,480010,4663228,Conductivitat (camp),07/16/2008 12:00:00,1372,æS/cm,12,
0450401,Estanys de Banyoles,045040100,QLSup - Estanys de Banyoles,480010,4663228,Conductivitat (camp),07/16/2008 12:00:00,1373,æS/cm,13,
0450401,Estanys de Banyoles,045040100,QLSup - Estanys de Banyoles,480010,4663228,Conductivitat (camp),07/16/2008 12:00:00,1374,æS/cm,14,
0450401,Estanys de Banyoles,045040100,QLSup - Estanys de Banyoles,480010,4663228,Conductivitat (camp),07/16/2008 12:00:00,1374,æS/cm,15,
0450401,Estanys de Banyoles,045040100,QLSup - Estanys de Banyoles,480010,4663228,Conductivitat (camp),07/16/2008 12:00:00,1374,æS/cm,16,
0450401,Estanys de Banyoles,045040100,QLSup - Estanys de Banyoles,480010,4663228,Conductivitat (camp),07/16/2008 12:00:00,1375,æS/cm,17,
0450401,Estanys de Banyoles,045040100,QLSup - Estanys de Banyoles,480010,4663228,Conductivitat (camp),07/16/2008 12:00:00,1375,æS/cm,18,
0450401,Estanys de Banyoles,045040100,QLSup - Estanys de Banyoles,480010,4663228,Conductivitat (camp),07/16/2008 12:00:00,1375,æS/cm,19,
0450401,Estanys de Banyoles,045040100,QLSup - Estanys de Banyoles,480010,4663228,Conductivitat (camp),07/16/2008 12:00:00,1375,æS/cm,20,
0450401,Estanys de Banyoles,045040100,QLSup - Estanys de Banyoles,480010,4663228,Conductivitat (camp),07/16/2008 12:00:00,1390,æS/cm,21,
0450401,Estanys de Banyoles,045040100,QLSup - Estanys de Banyoles,480010,4663228,Conductivitat (camp),07/16/2008 12:00:00,1415,æS/cm,22,
0450401,Estanys de Banyoles,045040100,QLSup - Estanys de Banyoles,480010,4663228,Conductivitat (camp),07/16/2008 12:00:00,1415,æS/cm,23,
0450401,Estanys de Banyoles,045040100,QLSup - Estanys de Banyoles,480010,4663228,Conductivitat (camp),07/16/2008 12:00:00,1415,æS/cm,24,
0450401,Estanys de Banyoles,045040100,QLSup - Estanys de Banyoles,480010,4663228,Conductivitat (camp),07/16/2008 12:00:00,1415,æS/cm,25,
0450401,Estanys de Banyoles,045040100,QLSup - Estanys de Banyoles,480010,4663228,Conductivitat (camp),07/16/2008 12:00:00,1415,æS/cm,26,
0450401,Estanys de Banyoles,045040100,QLSup - Estanys de Banyoles,480010,4663228,Conductivitat (camp),07/16/2008 12:00:00,1416,æS/cm,27,
0450401,Estanys de Banyoles,045040100,QLSup - Estanys de Banyoles,480010,4663228,Conductivitat (camp),07/16/2008 12:00:00,1416,æS/cm,28,
0450401,Estanys de Banyoles,045040100,QLSup - Estanys de Banyoles,480010,4663228,Conductivitat (camp),07/16/2008 12:00:00,1416,æS/cm,29,
0450401,Estanys de Banyoles,045040100,QLSup - Estanys de Banyoles,480010,4663228,Conductivitat (camp),07/16/2008 12:00:00,1416,æS/cm,30,
0450401,Estanys de Banyoles,045040100,QLSup - Estanys de Banyoles,480010,4663228,Conductivitat (camp),07/16/2008 12:00:00,1416,æS/cm,31,
0450401,Estanys de Banyoles,045040100,QLSup - Estanys de Banyoles,480010,4663228,Conductivitat (camp),07/16/2008 12:00:00,1416,æS/cm,32,
0450401,Estanys de Banyoles,045040100,QLSup - Estanys de Banyoles,480010,4663228,Conductivitat (camp),07/16/2008 12:00:00,1416,æS/cm,33,
0450401,Estanys de Banyoles,045040100,QLSup - Estanys de Banyoles,480010,4663228,Conductivitat (camp),07/16/2008 12:00:00,1416,æS/cm,34,
0450401,Estanys de Banyoles,045040100,QLSup - Estanys de Banyoles,480010,4663228,Conductivitat (camp),07/16/2008 12:00:00,1416,æS/cm,35,
0450401,Estanys de Banyoles,045040100,QLSup - Estanys de Banyoles,480010,4663228,Conductivitat (camp),07/16/2008 12:00:00,1416,æS/cm,36,
0450401,Estanys de Banyoles,045040100,QLSup - Estanys de Banyoles,480010,4663228,Conductivitat (camp),07/16/2008 12:00:00,1416,æS/cm,37,
0450401,Estanys de Banyoles,045040100,QLSup - Estanys de Banyoles,480010,4663228,Oxigen dissolt (camp),07/16/2008 12:00:00,9.17,mg/L,0,
0450401,Estanys de Banyoles,045040100,QLSup - Estanys de Banyoles,480010,4663228,Oxigen dissolt (camp),07/16/2008 12:00:00,9.14,mg/L,1,
0450401,Estanys de Banyoles,045040100,QLSup - Estanys de Banyoles,480010,4663228,Oxigen dissolt (camp),07/16/2008 12:00:00,9.08,mg/L,2,
0450401,Estanys de Banyoles,045040100,QLSup - Estanys de Banyoles,480010,4663228,Oxigen dissolt (camp),07/16/2008 12:00:00,8.99,mg/L,3,
0450401,Estanys de Banyoles,045040100,QLSup - Estanys de Banyoles,480010,4663228,Oxigen dissolt (camp),07/16/2008 12:00:00,8.98,mg/L,4,
0450401,Estanys de Banyoles,045040100,QLSup - Estanys de Banyoles,480010,4663228,Oxigen dissolt (camp),07/16/2008 12:00:00,9.05,mg/L,5,
0450401,Estanys de Banyoles,045040100,QLSup - Estanys de Banyoles,480010,4663228,Oxigen dissolt (camp),07/16/2008 12:00:00,12.83,mg/L,6,
0450401,Estanys de Banyoles,045040100,QLSup - Estanys de Banyoles,480010,4663228,Oxigen dissolt (camp),07/16/2008 12:00:00,12.74,mg/L,7,
0450401,Estanys de Banyoles,045040100,QLSup - Estanys de Banyoles,480010,4663228,Oxigen dissolt (camp),07/16/2008 12:00:00,11.54,mg/L,8,
0450401,Estanys de Banyoles,045040100,QLSup - Estanys de Banyoles,480010,4663228,Oxigen dissolt (camp),07/16/2008 12:00:00,8.17,mg/L,9,
0450401,Estanys de Banyoles,045040100,QLSup - Estanys de Banyoles,480010,4663228,Oxigen dissolt (camp),07/16/2008 12:00:00,5.24,mg/L,10,
0450401,Estanys de Banyoles,045040100,QLSup - Estanys de Banyoles,480010,4663228,Oxigen dissolt (camp),07/16/2008 12:00:00,4.98,mg/L,11,
0450401,Estanys de Banyoles,045040100,QLSup - Estanys de Banyoles,480010,4663228,Oxigen dissolt (camp),07/16/2008 12:00:00,4.82,mg/L,12,
0450401,Estanys de Banyoles,045040100,QLSup - Estanys de Banyoles,480010,4663228,Oxigen dissolt (camp),07/16/2008 12:00:00,4.78,mg/L,13,
0450401,Estanys de Banyoles,045040100,QLSup - Estanys de Banyoles,480010,4663228,Oxigen dissolt (camp),07/16/2008 12:00:00,4.72,mg/L,14,
0450401,Estanys de Banyoles,045040100,QLSup - Estanys de Banyoles,480010,4663228,Oxigen dissolt (camp),07/16/2008 12:00:00,4.71,mg/L,15,
0450401,Estanys de Banyoles,045040100,QLSup - Estanys de Banyoles,480010,4663228,Oxigen dissolt (camp),07/16/2008 12:00:00,4.69,mg/L,16,
0450401,Estanys de Banyoles,045040100,QLSup - Estanys de Banyoles,480010,4663228,Oxigen dissolt (camp),07/16/2008 12:00:00,4.68,mg/L,17,
0450401,Estanys de Banyoles,045040100,QLSup - Estanys de Banyoles,480010,4663228,Oxigen dissolt (camp),07/16/2008 12:00:00,4.68,mg/L,18,
0450401,Estanys de Banyoles,045040100,QLSup - Estanys de Banyoles,480010,4663228,Oxigen dissolt (camp),07/16/2008 12:00:00,4.69,mg/L,19,
0450401,Estanys de Banyoles,045040100,QLSup - Estanys de Banyoles,480010,4663228,Oxigen dissolt (camp),07/16/2008 12:00:00,4.51,mg/L,20,
0450401,Estanys de Banyoles,045040100,QLSup - Estanys de Banyoles,480010,4663228,Oxigen dissolt (camp),07/16/2008 12:00:00,2.76,mg/L,21,
0450401,Estanys de Banyoles,045040100,QLSup - Estanys de Banyoles,480010,4663228,Oxigen dissolt (camp),07/16/2008 12:00:00,5.79,mg/L,22,
0450401,Estanys de Banyoles,045040100,QLSup - Estanys de Banyoles,480010,4663228,Oxigen dissolt (camp),07/16/2008 12:00:00,2.75,mg/L,23,
0450401,Estanys de Banyoles,045040100,QLSup - Estanys de Banyoles,480010,4663228,Oxigen dissolt (camp),07/16/2008 12:00:00,2.74,mg/L,24,
0450401,Estanys de Banyoles,045040100,QLSup - Estanys de Banyoles,480010,4663228,Oxigen dissolt (camp),07/16/2008 12:00:00,2.72,mg/L,25,
0450401,Estanys de Banyoles,045040100,QLSup - Estanys de Banyoles,480010,4663228,Oxigen dissolt (camp),07/16/2008 12:00:00,2.72,mg/L,26,
0450401,Estanys de Banyoles,045040100,QLSup - Estanys de Banyoles,480010,4663228,Oxigen dissolt (camp),07/16/2008 12:00:00,2.71,mg/L,27,
0450401,Estanys de Banyoles,045040100,QLSup - Estanys de Banyoles,480010,4663228,Oxigen dissolt (camp),07/16/2008 12:00:00,2.71,mg/L,28,
0450401,Estanys de Banyoles,045040100,QLSup - Estanys de Banyoles,480010,4663228,Oxigen dissolt (camp),07/16/2008 12:00:00,2.7,mg/L,29,
0450401,Estanys de Banyoles,045040100,QLSup - Estanys de Banyoles,480010,4663228,Oxigen dissolt (camp),07/16/2008 12:00:00,2.9,mg/L,30,
0450401,Estanys de Banyoles,045040100,QLSup - Estanys de Banyoles,480010,4663228,Oxigen dissolt (camp),07/16/2008 12:00:00,3.2,mg/L,31,
0450401,Estanys de Banyoles,045040100,QLSup - Estanys de Banyoles,480010,4663228,Oxigen dissolt (camp),07/16/2008 12:00:00,3.2,mg/L,32,
0450401,Estanys de Banyoles,045040100,QLSup - Estanys de Banyoles,480010,4663228,Oxigen dissolt (camp),07/16/2008 12:00:00,3.19,mg/L,33,
0450401,Estanys de Banyoles,045040100,QLSup - Estanys de Banyoles,480010,4663228,Oxigen dissolt (camp),07/16/2008 12:00:00,3.2,mg/L,34,
0450401,Estanys de Banyoles,045040100,QLSup - Estanys de Banyoles,480010,4663228,Oxigen dissolt (camp),07/16/2008 12:00:00,3.2,mg/L,35,
0450401,Estanys de Banyoles,045040100,QLSup - Estanys de Banyoles,480010,4663228,Oxigen dissolt (camp),07/16/2008 12:00:00,3.2,mg/L,36,
0450401,Estanys de Banyoles,045040100,QLSup - Estanys de Banyoles,480010,4663228,Oxigen dissolt (camp),07/16/2008 12:00:00,3.21,mg/L,37,
0450401,Estanys de Banyoles,045040100,QLSup - Estanys de Banyoles,480010,4663228,Temperatura de l'aigua (camp),07/16/2008 12:00:00,24.94,§C,0,
0450401,Estanys de Banyoles,045040100,QLSup - Estanys de Banyoles,480010,4663228,Temperatura de l'aigua (camp),07/16/2008 12:00:00,24.99,§C,1,
0450401,Estanys de Banyoles,045040100,QLSup - Estanys de Banyoles,480010,4663228,Temperatura de l'aigua (camp),07/16/2008 12:00:00,24.96,§C,2,
0450401,Estanys de Banyoles,045040100,QLSup - Estanys de Banyoles,480010,4663228,Temperatura de l'aigua (camp),07/16/2008 12:00:00,24.94,§C,3,
0450401,Estanys de Banyoles,045040100,QLSup - Estanys de Banyoles,480010,4663228,Temperatura de l'aigua (camp),07/16/2008 12:00:00,24.9,§C,4,
0450401,Estanys de Banyoles,045040100,QLSup - Estanys de Banyoles,480010,4663228,Temperatura de l'aigua (camp),07/16/2008 12:00:00,24.89,§C,5,
0450401,Estanys de Banyoles,045040100,QLSup - Estanys de Banyoles,480010,4663228,Temperatura de l'aigua (camp),07/16/2008 12:00:00,22.7,§C,6,
0450401,Estanys de Banyoles,045040100,QLSup - Estanys de Banyoles,480010,4663228,Temperatura de l'aigua (camp),07/16/2008 12:00:00,19.38,§C,7,
0450401,Estanys de Banyoles,045040100,QLSup - Estanys de Banyoles,480010,4663228,Temperatura de l'aigua (camp),07/16/2008 12:00:00,16.95,§C,8,
0450401,Estanys de Banyoles,045040100,QLSup - Estanys de Banyoles,480010,4663228,Temperatura de l'aigua (camp),07/16/2008 12:00:00,14.7,§C,9,
0450401,Estanys de Banyoles,045040100,QLSup - Estanys de Banyoles,480010,4663228,Temperatura de l'aigua (camp),07/16/2008 12:00:00,13.88,§C,10,
0450401,Estanys de Banyoles,045040100,QLSup - Estanys de Banyoles,480010,4663228,Temperatura de l'aigua (camp),07/16/2008 12:00:00,13.8,§C,11,
0450401,Estanys de Banyoles,045040100,QLSup - Estanys de Banyoles,480010,4663228,Temperatura de l'aigua (camp),07/16/2008 12:00:00,13.78,§C,12,
0450401,Estanys de Banyoles,045040100,QLSup - Estanys de Banyoles,480010,4663228,Temperatura de l'aigua (camp),07/16/2008 12:00:00,13.76,§C,13,
0450401,Estanys de Banyoles,045040100,QLSup - Estanys de Banyoles,480010,4663228,Temperatura de l'aigua (camp),07/16/2008 12:00:00,13.72,§C,14,
0450401,Estanys de Banyoles,045040100,QLSup - Estanys de Banyoles,480010,4663228,Temperatura de l'aigua (camp),07/16/2008 12:00:00,13.71,§C,15,
0450401,Estanys de Banyoles,045040100,QLSup - Estanys de Banyoles,480010,4663228,Temperatura de l'aigua (camp),07/16/2008 12:00:00,13.69,§C,16,
0450401,Estanys de Banyoles,045040100,QLSup - Estanys de Banyoles,480010,4663228,Temperatura de l'aigua (camp),07/16/2008 12:00:00,13.68,§C,17,
0450401,Estanys de Banyoles,045040100,QLSup - Estanys de Banyoles,480010,4663228,Temperatura de l'aigua (camp),07/16/2008 12:00:00,13.65,§C,18,
0450401,Estanys de Banyoles,045040100,QLSup - Estanys de Banyoles,480010,4663228,Temperatura de l'aigua (camp),07/16/2008 12:00:00,13.65,§C,19,
0450401,Estanys de Banyoles,045040100,QLSup - Estanys de Banyoles,480010,4663228,Temperatura de l'aigua (camp),07/16/2008 12:00:00,13.64,§C,20,
0450401,Estanys de Banyoles,045040100,QLSup - Estanys de Banyoles,480010,4663228,Temperatura de l'aigua (camp),07/16/2008 12:00:00,13.19,§C,21,
0450401,Estanys de Banyoles,045040100,QLSup - Estanys de Banyoles,480010,4663228,Temperatura de l'aigua (camp),07/16/2008 12:00:00,12.76,§C,22,
0450401,Estanys de Banyoles,045040100,QLSup - Estanys de Banyoles,480010,4663228,Temperatura de l'aigua (camp),07/16/2008 12:00:00,12.76,§C,23,
0450401,Estanys de Banyoles,045040100,QLSup - Estanys de Banyoles,480010,4663228,Temperatura de l'aigua (camp),07/16/2008 12:00:00,12.76,§C,24,
0450401,Estanys de Banyoles,045040100,QLSup - Estanys de Banyoles,480010,4663228,Temperatura de l'aigua (camp),07/16/2008 12:00:00,12.76,§C,25,
0450401,Estanys de Banyoles,045040100,QLSup - Estanys de Banyoles,480010,4663228,Temperatura de l'aigua (camp),07/16/2008 12:00:00,12.76,§C,26,
0450401,Estanys de Banyoles,045040100,QLSup - Estanys de Banyoles,480010,4663228,Temperatura de l'aigua (camp),07/16/2008 12:00:00,12.76,§C,27,
0450401,Estanys de Banyoles,045040100,QLSup - Estanys de Banyoles,480010,4663228,Temperatura de l'aigua (camp),07/16/2008 12:00:00,12.75,§C,28,
0450401,Estanys de Banyoles,045040100,QLSup - Estanys de Banyoles,480010,4663228,Temperatura de l'aigua (camp),07/16/2008 12:00:00,12.75,§C,29,
0450401,Estanys de Banyoles,045040100,QLSup - Estanys de Banyoles,480010,4663228,Temperatura de l'aigua (camp),07/16/2008 12:00:00,12.75,§C,30,
0450401,Estanys de Banyoles,045040100,QLSup - Estanys de Banyoles,480010,4663228,Temperatura de l'aigua (camp),07/16/2008 12:00:00,12.75,§C,31,
0450401,Estanys de Banyoles,045040100,QLSup - Estanys de Banyoles,480010,4663228,Temperatura de l'aigua (camp),07/16/2008 12:00:00,12.74,§C,32,
0450401,Estanys de Banyoles,045040100,QLSup - Estanys de Banyoles,480010,4663228,Temperatura de l'aigua (camp),07/16/2008 12:00:00,12.74,§C,33,
0450401,Estanys de Banyoles,045040100,QLSup - Estanys de Banyoles,480010,4663228,Temperatura de l'aigua (camp),07/16/2008 12:00:00,12.74,§C,34,
0450401,Estanys de Banyoles,045040100,QLSup - Estanys de Banyoles,480010,4663228,Temperatura de l'aigua (camp),07/16/2008 12:00:00,12.74,§C,35,
0450401,Estanys de Banyoles,045040100,QLSup - Estanys de Banyoles,480010,4663228,Temperatura de l'aigua (camp),07/16/2008 12:00:00,12.73,§C,36,
0450401,Estanys de Banyoles,045040100,QLSup - Estanys de Banyoles,480010,4663228,Temperatura de l'aigua (camp),07/16/2008 12:00:00,12.74,§C,37,
0450401,Estanys de Banyoles,045040100,QLSup - Estanys de Banyoles,480010,4663228,Clorofilúla a (camp),07/16/2008 12:00:00,0.68,mg/m3,0,
0450401,Estanys de Banyoles,045040100,QLSup - Estanys de Banyoles,480010,4663228,Clorofilúla a (camp),07/16/2008 12:00:00,0.62,mg/m3,3,
0450401,Estanys de Banyoles,045040100,QLSup - Estanys de Banyoles,480010,4663228,Clorofilúla a (camp),07/16/2008 12:00:00,0.62,mg/m3,6,
0450401,Estanys de Banyoles,045040100,QLSup - Estanys de Banyoles,480010,4663228,Clorofilúla a (camp),07/16/2008 12:00:00,2.33,mg/m3,9,
0450401,Estanys de Banyoles,045040100,QLSup - Estanys de Banyoles,480010,4663228,Temperatura de l'aigua (camp),07/16/2008 12:00:00,24.94,§C,0,
0450401,Estanys de Banyoles,045040100,QLSup - Estanys de Banyoles,480010,4663228,Temperatura de l'aigua (camp),07/16/2008 12:00:00,24.99,§C,1,
0450401,Estanys de Banyoles,045040100,QLSup - Estanys de Banyoles,480010,4663228,Temperatura de l'aigua (camp),07/16/2008 12:00:00,24.96,§C,2,
0450401,Estanys de Banyoles,045040100,QLSup - Estanys de Banyoles,480010,4663228,Temperatura de l'aigua (camp),07/16/2008 12:00:00,24.94,§C,3,
0450401,Estanys de Banyoles,045040100,QLSup - Estanys de Banyoles,480010,4663228,Temperatura de l'aigua (camp),07/16/2008 12:00:00,24.9,§C,4,
0450401,Estanys de Banyoles,045040100,QLSup - Estanys de Banyoles,480010,4663228,Temperatura de l'aigua (camp),07/16/2008 12:00:00,24.89,§C,5,
0450401,Estanys de Banyoles,045040100,QLSup - Estanys de Banyoles,480010,4663228,Temperatura de l'aigua (camp),07/16/2008 12:00:00,22.7,§C,6,
0450401,Estanys de Banyoles,045040100,QLSup - Estanys de Banyoles,480010,4663228,Temperatura de l'aigua (camp),07/16/2008 12:00:00,19.38,§C,7,
0450401,Estanys de Banyoles,045040100,QLSup - Estanys de Banyoles,480010,4663228,Temperatura de l'aigua (camp),07/16/2008 12:00:00,16.95,§C,8,
0450401,Estanys de Banyoles,045040100,QLSup - Estanys de Banyoles,480010,4663228,Temperatura de l'aigua (camp),07/16/2008 12:00:00,14.7,§C,9,
0450401,Estanys de Banyoles,045040100,QLSup - Estanys de Banyoles,480010,4663228,Temperatura de l'aigua (camp),07/16/2008 12:00:00,13.88,§C,10,
0450401,Estanys de Banyoles,045040100,QLSup - Estanys de Banyoles,480010,4663228,Temperatura de l'aigua (camp),07/16/2008 12:00:00,13.8,§C,11,
0450401,Estanys de Banyoles,045040100,QLSup - Estanys de Banyoles,480010,4663228,Temperatura de l'aigua (camp),07/16/2008 12:00:00,13.78,§C,12,
0450401,Estanys de Banyoles,045040100,QLSup - Estanys de Banyoles,480010,4663228,Temperatura de l'aigua (camp),07/16/2008 12:00:00,13.76,§C,13,
0450401,Estanys de Banyoles,045040100,QLSup - Estanys de Banyoles,480010,4663228,Temperatura de l'aigua (camp),07/16/2008 12:00:00,13.72,§C,14,
0450401,Estanys de Banyoles,045040100,QLSup - Estanys de Banyoles,480010,4663228,Temperatura de l'aigua (camp),07/16/2008 12:00:00,13.71,§C,15,
0450401,Estanys de Banyoles,045040100,QLSup - Estanys de Banyoles,480010,4663228,Temperatura de l'aigua (camp),07/16/2008 12:00:00,13.69,§C,16,
0450401,Estanys de Banyoles,045040100,QLSup - Estanys de Banyoles,480010,4663228,Temperatura de l'aigua (camp),07/16/2008 12:00:00,13.68,§C,17,
0450401,Estanys de Banyoles,045040100,QLSup - Estanys de Banyoles,480010,4663228,Temperatura de l'aigua (camp),07/16/2008 12:00:00,13.65,§C,18,
0450401,Estanys de Banyoles,045040100,QLSup - Estanys de Banyoles,480010,4663228,Temperatura de l'aigua (camp),07/16/2008 12:00:00,13.65,§C,19,
0450401,Estanys de Banyoles,045040100,QLSup - Estanys de Banyoles,480010,4663228,Temperatura de l'aigua (camp),07/16/2008 12:00:00,13.64,§C,20,
0450401,Estanys de Banyoles,045040100,QLSup - Estanys de Banyoles,480010,4663228,Temperatura de l'aigua (camp),07/16/2008 12:00:00,13.19,§C,21,
0450401,Estanys de Banyoles,045040100,QLSup - Estanys de Banyoles,480010,4663228,Temperatura de l'aigua (camp),07/16/2008 12:00:00,12.76,§C,22,
0450401,Estanys de Banyoles,045040100,QLSup - Estanys de Banyoles,480010,4663228,Temperatura de l'aigua (camp),07/16/2008 12:00:00,12.76,§C,23,
0450401,Estanys de Banyoles,045040100,QLSup - Estanys de Banyoles,480010,4663228,Temperatura de l'aigua (camp),07/16/2008 12:00:00,12.76,§C,24,
0450401,Estanys de Banyoles,045040100,QLSup - Estanys de Banyoles,480010,4663228,Temperatura de l'aigua (camp),07/16/2008 12:00:00,12.76,§C,25,
0450401,Estanys de Banyoles,045040100,QLSup - Estanys de Banyoles,480010,4663228,Temperatura de l'aigua (camp),07/16/2008 12:00:00,12.76,§C,26,
0450401,Estanys de Banyoles,045040100,QLSup - Estanys de Banyoles,480010,4663228,Temperatura de l'aigua (camp),07/16/2008 12:00:00,12.76,§C,27,
0450401,Estanys de Banyoles,045040100,QLSup - Estanys de Banyoles,480010,4663228,Temperatura de l'aigua (camp),07/16/2008 12:00:00,12.75,§C,28,
0450401,Estanys de Banyoles,045040100,QLSup - Estanys de Banyoles,480010,4663228,Temperatura de l'aigua (camp),07/16/2008 12:00:00,12.75,§C,29,
0450401,Estanys de Banyoles,045040100,QLSup - Estanys de Banyoles,480010,4663228,Temperatura de l'aigua (camp),07/16/2008 12:00:00,12.75,§C,30,
0450401,Estanys de Banyoles,045040100,QLSup - Estanys de Banyoles,480010,4663228,Temperatura de l'aigua (camp),07/16/2008 12:00:00,12.75,§C,31,
0450401,Estanys de Banyoles,045040100,QLSup - Estanys de Banyoles,480010,4663228,Temperatura de l'aigua (camp),07/16/2008 12:00:00,12.74,§C,32,
0450401,Estanys de Banyoles,045040100,QLSup - Estanys de Banyoles,480010,4663228,Temperatura de l'aigua (camp),07/16/2008 12:00:00,12.74,§C,33,
0450401,Estanys de Banyoles,045040100,QLSup - Estanys de Banyoles,480010,4663228,Temperatura de l'aigua (camp),07/16/2008 12:00:00,12.74,§C,34,
0450401,Estanys de Banyoles,045040100,QLSup - Estanys de Banyoles,480010,4663228,Temperatura de l'aigua (camp),07/16/2008 12:00:00,12.74,§C,35,
0450401,Estanys de Banyoles,045040100,QLSup - Estanys de Banyoles,480010,4663228,Temperatura de l'aigua (camp),07/16/2008 12:00:00,12.73,§C,36,
0450401,Estanys de Banyoles,045040100,QLSup - Estanys de Banyoles,480010,4663228,Temperatura de l'aigua (camp),07/16/2008 12:00:00,12.74,§C,37,
0450401,Estanys de Banyoles,045040100,QLSup - Estanys de Banyoles,480010,4663228,Conductivitat (camp),08/13/2008,1145,æS/cm,0,
0450401,Estanys de Banyoles,045040100,QLSup - Estanys de Banyoles,480010,4663228,Oxigen dissolt (camp),08/13/2008,8.1,mg/L,0,
0450401,Estanys de Banyoles,045040100,QLSup - Estanys de Banyoles,480010,4663228,% Saturaci¢ d'oxigen (camp),08/13/2008,103,%,0,
0450401,Estanys de Banyoles,045040100,QLSup - Estanys de Banyoles,480010,4663228,Temperatura de l'aigua (camp),08/13/2008,27,§C,0,
0450401,Estanys de Banyoles,045040100,QLSup - Estanys de Banyoles,480010,4663228,Temperatura de l'aigua (camp),08/13/2008,27,§C,0,
0450401,Estanys de Banyoles,045040100,QLSup - Estanys de Banyoles,480010,4663228,pH,09/22/2008,7.9,u.pH,,
0450401,Estanys de Banyoles,045040100,QLSup - Estanys de Banyoles,480010,4663228,Suma d'anions,09/22/2008,43.7186,meq/L,,
0450401,Estanys de Banyoles,045040100,QLSup - Estanys de Banyoles,480010,4663228,Suma de cations,09/22/2008,42.613,meq/L,,
0450401,Estanys de Banyoles,045040100,QLSup - Estanys de Banyoles,480010,4663228,Conductivitat (camp),09/22/2008,977,æS/cm,0,
0450401,Estanys de Banyoles,045040100,QLSup - Estanys de Banyoles,480010,4663228,Oxigen dissolt (camp),09/22/2008,8.5,mg/L,0,
0450401,Estanys de Banyoles,045040100,QLSup - Estanys de Banyoles,480010,4663228,% Saturaci¢ d'oxigen (camp),09/22/2008,98.3,%,0,
0450401,Estanys de Banyoles,045040100,QLSup - Estanys de Banyoles,480010,4663228,Temperatura de l'aigua (camp),09/22/2008,21,§C,0,
0450401,Estanys de Banyoles,045040100,QLSup - Estanys de Banyoles,480010,4663228,Temperatura de l'aigua (camp),09/22/2008,21,§C,0,
0450401,Estanys de Banyoles,045040100,QLSup - Estanys de Banyoles,480010,4663228,pH,10/27/2008,7.8,u.pH,,
0450401,Estanys de Banyoles,045040100,QLSup - Estanys de Banyoles,480010,4663228,Suma d'anions,10/27/2008,18.3348,meq/L,,
0450401,Estanys de Banyoles,045040100,QLSup - Estanys de Banyoles,480010,4663228,Suma de cations,10/27/2008,18.9453,meq/L,,
0450401,Estanys de Banyoles,045040100,QLSup - Estanys de Banyoles,480010,4663228,Conductivitat (camp),10/27/2008,1189,æS/cm,0,
0450401,Estanys de Banyoles,045040100,QLSup - Estanys de Banyoles,480010,4663228,Oxigen dissolt (camp),10/27/2008,6.9,mg/L,0,
0450401,Estanys de Banyoles,045040100,QLSup - Estanys de Banyoles,480010,4663228,% Saturaci¢ d'oxigen (camp),10/27/2008,75,%,0,
0450401,Estanys de Banyoles,045040100,QLSup - Estanys de Banyoles,480010,4663228,Temperatura de l'aigua (camp),10/27/2008,18,§C,0,
0450401,Estanys de Banyoles,045040100,QLSup - Estanys de Banyoles,480010,4663228,Temperatura de l'aigua (camp),10/27/2008,18,§C,0,
0450401,Estanys de Banyoles,045040100,QLSup - Estanys de Banyoles,480010,4663228,pH,12/15/2008,7.8,u.pH,,
0450401,Estanys de Banyoles,045040100,QLSup - Estanys de Banyoles,480010,4663228,Suma d'anions,12/15/2008,18.8164,meq/L,,
0450401,Estanys de Banyoles,045040100,QLSup - Estanys de Banyoles,480010,4663228,Suma de cations,12/15/2008,18.5712,meq/L,,
0450401,Estanys de Banyoles,045040100,QLSup - Estanys de Banyoles,480010,4663228,Conductivitat (camp),12/15/2008,1098,æS/cm,0,
0450401,Estanys de Banyoles,045040100,QLSup - Estanys de Banyoles,480010,4663228,Oxigen dissolt (camp),12/15/2008,6.9,mg/L,0,
0450401,Estanys de Banyoles,045040100,QLSup - Estanys de Banyoles,480010,4663228,% Saturaci¢ d'oxigen (camp),12/15/2008,65.6,%,0,
0450401,Estanys de Banyoles,045040100,QLSup - Estanys de Banyoles,480010,4663228,Temperatura de l'aigua (camp),12/15/2008,11,§C,0,
0450401,Estanys de Banyoles,045040100,QLSup - Estanys de Banyoles,480010,4663228,Temperatura de l'aigua (camp),12/15/2008,11,§C,0,
0450401,Estanys de Banyoles,045040100,QLSup - Estanys de Banyoles,480010,4663228,pH,01/20/2009,7,u.pH,,
0450401,Estanys de Banyoles,045040100,QLSup - Estanys de Banyoles,480010,4663228,Suma d'anions,01/20/2009,17.0458,meq/L,,
0450401,Estanys de Banyoles,045040100,QLSup - Estanys de Banyoles,480010,4663228,Suma de cations,01/20/2009,16.6306,meq/L,,
0450401,Estanys de Banyoles,045040100,QLSup - Estanys de Banyoles,480010,4663228,Conductivitat (camp),01/20/2009,1187,æS/cm,0,
0450401,Estanys de Banyoles,045040100,QLSup - Estanys de Banyoles,480010,4663228,Oxigen dissolt (camp),01/20/2009,5.8,mg/L,0,
0450401,Estanys de Banyoles,045040100,QLSup - Estanys de Banyoles,480010,4663228,% Saturaci¢ d'oxigen (camp),01/20/2009,51.3,%,0,
0450401,Estanys de Banyoles,045040100,QLSup - Estanys de Banyoles,480010,4663228,Temperatura de l'aigua (camp),01/20/2009,9,§C,0,
0450401,Estanys de Banyoles,045040100,QLSup - Estanys de Banyoles,480010,4663228,Temperatura de l'aigua (camp),01/20/2009,9,§C,0,
0450401,Estanys de Banyoles,045040100,QLSup - Estanys de Banyoles,480010,4663228,pH,03/04/2009,7.6,u.pH,,
0450401,Estanys de Banyoles,045040100,QLSup - Estanys de Banyoles,480010,4663228,Suma d'anions,03/04/2009,17.41,meq/L,,
0450401,Estanys de Banyoles,045040100,QLSup - Estanys de Banyoles,480010,4663228,Suma de cations,03/04/2009,17.9292,meq/L,,
0450401,Estanys de Banyoles,045040100,QLSup - Estanys de Banyoles,480010,4663228,Conductivitat (camp),03/04/2009,1244,æS/cm,0,
0450401,Estanys de Banyoles,045040100,QLSup - Estanys de Banyoles,480010,4663228,Oxigen dissolt (camp),03/04/2009,8.8,mg/L,0,
0450401,Estanys de Banyoles,045040100,QLSup - Estanys de Banyoles,480010,4663228,% Saturaci¢ d'oxigen (camp),03/04/2009,80.7,%,0,
0450401,Estanys de Banyoles,045040100,QLSup - Estanys de Banyoles,480010,4663228,Temperatura de l'aigua (camp),03/04/2009,11,§C,0,
0450401,Estanys de Banyoles,045040100,QLSup - Estanys de Banyoles,480010,4663228,Temperatura de l'aigua (camp),03/04/2009,11,§C,0,
0450401,Estanys de Banyoles,045040100,QLSup - Estanys de Banyoles,480010,4663228,pH,04/14/2009,8,u.pH,,
0450401,Estanys de Banyoles,045040100,QLSup - Estanys de Banyoles,480010,4663228,Suma d'anions,04/14/2009,18.9214,meq/L,,
0450401,Estanys de Banyoles,045040100,QLSup - Estanys de Banyoles,480010,4663228,Suma de cations,04/14/2009,17.5084,meq/L,,
0450401,Estanys de Banyoles,045040100,QLSup - Estanys de Banyoles,480010,4663228,Conductivitat (camp),04/14/2009,1239,æS/cm,0,
0450401,Estanys de Banyoles,045040100,QLSup - Estanys de Banyoles,480010,4663228,Oxigen dissolt (camp),04/14/2009,8.3,mg/L,0,
0450401,Estanys de Banyoles,045040100,QLSup - Estanys de Banyoles,480010,4663228,% Saturaci¢ d'oxigen (camp),04/14/2009,82.2,%,0,
0450401,Estanys de Banyoles,045040100,QLSup - Estanys de Banyoles,480010,4663228,Temperatura de l'aigua (camp),04/14/2009,13,§C,0,
0450401,Estanys de Banyoles,045040100,QLSup - Estanys de Banyoles,480010,4663228,Temperatura de l'aigua (camp),04/14/2009,13,§C,0,
0450401,Estanys de Banyoles,045040100,QLSup - Estanys de Banyoles,480010,4663228,pH,06/30/2009,7.5,u.pH,,
0450401,Estanys de Banyoles,045040100,QLSup - Estanys de Banyoles,480010,4663228,Suma d'anions,06/30/2009,16.9803,meq/L,,
0450401,Estanys de Banyoles,045040100,QLSup - Estanys de Banyoles,480010,4663228,Suma de cations,06/30/2009,17.0824,meq/L,,
0450401,Estanys de Banyoles,045040100,QLSup - Estanys de Banyoles,480010,4663228,Conductivitat (camp),06/30/2009,1224,æS/cm,0,
0450401,Estanys de Banyoles,045040100,QLSup - Estanys de Banyoles,480010,4663228,Oxigen dissolt (camp),06/30/2009,5.7,mg/L,0,
0450401,Estanys de Banyoles,045040100,QLSup - Estanys de Banyoles,480010,4663228,% Saturaci¢ d'oxigen (camp),06/30/2009,71.4,%,0,
0450401,Estanys de Banyoles,045040100,QLSup - Estanys de Banyoles,480010,4663228,Temperatura de l'aigua (camp),06/30/2009,26,§C,0,
0450401,Estanys de Banyoles,045040100,QLSup - Estanys de Banyoles,480010,4663228,Temperatura de l'aigua (camp),06/30/2009,26,§C,0,
0450401,Estanys de Banyoles,045040100,QLSup - Estanys de Banyoles,480010,4663228,pH,07/06/2009,7.7,u.pH,,
0450401,Estanys de Banyoles,045040100,QLSup - Estanys de Banyoles,480010,4663228,Suma d'anions,07/06/2009,16.8993,meq/L,,
0450401,Estanys de Banyoles,045040100,QLSup - Estanys de Banyoles,480010,4663228,Suma de cations,07/06/2009,18.2374,meq/L,,
0450401,Estanys de Banyoles,045040100,QLSup - Estanys de Banyoles,480010,4663228,Conductivitat (camp),07/06/2009,1221,æS/cm,0,
0450401,Estanys de Banyoles,045040100,QLSup - Estanys de Banyoles,480010,4663228,Oxigen dissolt (camp),07/06/2009,4.9,mg/L,0,
0450401,Estanys de Banyoles,045040100,QLSup - Estanys de Banyoles,480010,4663228,% Saturaci¢ d'oxigen (camp),07/06/2009,60,%,0,
0450401,Estanys de Banyoles,045040100,QLSup - Estanys de Banyoles,480010,4663228,Temperatura de l'aigua (camp),07/06/2009,25,§C,0,
0450401,Estanys de Banyoles,045040100,QLSup - Estanys de Banyoles,480010,4663228,Temperatura de l'aigua (camp),07/06/2009,25,§C,0,
0450401,Estanys de Banyoles,045040100,QLSup - Estanys de Banyoles,480010,4663228,Conductivitat (camp),08/21/2009 11:30:00,1274,æS/cm,0,
0450401,Estanys de Banyoles,045040100,QLSup - Estanys de Banyoles,480010,4663228,Conductivitat (camp),08/21/2009 11:30:00,1274,æS/cm,1,
0450401,Estanys de Banyoles,045040100,QLSup - Estanys de Banyoles,480010,4663228,Conductivitat (camp),08/21/2009 11:30:00,1274,æS/cm,2,
0450401,Estanys de Banyoles,045040100,QLSup - Estanys de Banyoles,480010,4663228,Conductivitat (camp),08/21/2009 11:30:00,1271,æS/cm,3,
0450401,Estanys de Banyoles,045040100,QLSup - Estanys de Banyoles,480010,4663228,Conductivitat (camp),08/21/2009 11:30:00,1273,æS/cm,4,
0450401,Estanys de Banyoles,045040100,QLSup - Estanys de Banyoles,480010,4663228,Conductivitat (camp),08/21/2009 11:30:00,1272,æS/cm,5,
0450401,Estanys de Banyoles,045040100,QLSup - Estanys de Banyoles,480010,4663228,Conductivitat (camp),08/21/2009 11:30:00,1274,æS/cm,6,
0450401,Estanys de Banyoles,045040100,QLSup - Estanys de Banyoles,480010,4663228,Conductivitat (camp),08/21/2009 11:30:00,1302,æS/cm,7,
0450401,Estanys de Banyoles,045040100,QLSup - Estanys de Banyoles,480010,4663228,Conductivitat (camp),08/21/2009 11:30:00,1302,æS/cm,8,
0450401,Estanys de Banyoles,045040100,QLSup - Estanys de Banyoles,480010,4663228,Conductivitat (camp),08/21/2009 11:30:00,1289,æS/cm,9,
0450401,Estanys de Banyoles,045040100,QLSup - Estanys de Banyoles,480010,4663228,Conductivitat (camp),08/21/2009 11:30:00,1286,æS/cm,10,
0450401,Estanys de Banyoles,045040100,QLSup - Estanys de Banyoles,480010,4663228,Conductivitat (camp),08/21/2009 11:30:00,1285,æS/cm,11,
0450401,Estanys de Banyoles,045040100,QLSup - Estanys de Banyoles,480010,4663228,Conductivitat (camp),08/21/2009 11:30:00,1286,æS/cm,12,
0450401,Estanys de Banyoles,045040100,QLSup - Estanys de Banyoles,480010,4663228,Conductivitat (camp),08/21/2009 11:30:00,1287,æS/cm,13,
0450401,Estanys de Banyoles,045040100,QLSup - Estanys de Banyoles,480010,4663228,Conductivitat (camp),08/21/2009 11:30:00,1287,æS/cm,14,
0450401,Estanys de Banyoles,045040100,QLSup - Estanys de Banyoles,480010,4663228,Conductivitat (camp),08/21/2009 11:30:00,1287,æS/cm,15,
0450401,Estanys de Banyoles,045040100,QLSup - Estanys de Banyoles,480010,4663228,Conductivitat (camp),08/21/2009 11:30:00,1286,æS/cm,16,
0450401,Estanys de Banyoles,045040100,QLSup - Estanys de Banyoles,480010,4663228,Conductivitat (camp),08/21/2009 11:30:00,1287,æS/cm,17,
0450401,Estanys de Banyoles,045040100,QLSup - Estanys de Banyoles,480010,4663228,Conductivitat (camp),08/21/2009 11:30:00,1288,æS/cm,18,
0450401,Estanys de Banyoles,045040100,QLSup - Estanys de Banyoles,480010,4663228,Conductivitat (camp),08/21/2009 11:30:00,1296,æS/cm,19,
0450401,Estanys de Banyoles,045040100,QLSup - Estanys de Banyoles,480010,4663228,Conductivitat (camp),08/21/2009 11:30:00,1296,æS/cm,20,
0450401,Estanys de Banyoles,045040100,QLSup - Estanys de Banyoles,480010,4663228,Conductivitat (camp),08/21/2009 11:30:00,1296,æS/cm,21,
0450401,Estanys de Banyoles,045040100,QLSup - Estanys de Banyoles,480010,4663228,Conductivitat (camp),08/21/2009 11:30:00,1296,æS/cm,22,
0450401,Estanys de Banyoles,045040100,QLSup - Estanys de Banyoles,480010,4663228,Conductivitat (camp),08/21/2009 11:30:00,1296,æS/cm,23,
0450401,Estanys de Banyoles,045040100,QLSup - Estanys de Banyoles,480010,4663228,Conductivitat (camp),08/21/2009 11:30:00,1296,æS/cm,24,
0450401,Estanys de Banyoles,045040100,QLSup - Estanys de Banyoles,480010,4663228,Conductivitat (camp),08/21/2009 11:30:00,1296,æS/cm,25,
0450401,Estanys de Banyoles,045040100,QLSup - Estanys de Banyoles,480010,4663228,Conductivitat (camp),08/21/2009 11:30:00,1297,æS/cm,26,
0450401,Estanys de Banyoles,045040100,QLSup - Estanys de Banyoles,480010,4663228,Conductivitat (camp),08/21/2009 11:30:00,1298,æS/cm,27,
0450401,Estanys de Banyoles,045040100,QLSup - Estanys de Banyoles,480010,4663228,Conductivitat (camp),08/21/2009 11:30:00,1212,æS/cm,28,
0450401,Estanys de Banyoles,045040100,QLSup - Estanys de Banyoles,480010,4663228,Oxigen dissolt (camp),08/21/2009 11:30:00,8.8,mg/L,0,
0450401,Estanys de Banyoles,045040100,QLSup - Estanys de Banyoles,480010,4663228,Oxigen dissolt (camp),08/21/2009 11:30:00,8.8,mg/L,1,
0450401,Estanys de Banyoles,045040100,QLSup - Estanys de Banyoles,480010,4663228,Oxigen dissolt (camp),08/21/2009 11:30:00,8.9,mg/L,2,
0450401,Estanys de Banyoles,045040100,QLSup - Estanys de Banyoles,480010,4663228,Oxigen dissolt (camp),08/21/2009 11:30:00,8.9,mg/L,3,
0450401,Estanys de Banyoles,045040100,QLSup - Estanys de Banyoles,480010,4663228,Oxigen dissolt (camp),08/21/2009 11:30:00,8.9,mg/L,4,
0450401,Estanys de Banyoles,045040100,QLSup - Estanys de Banyoles,480010,4663228,Oxigen dissolt (camp),08/21/2009 11:30:00,8.9,mg/L,5,
0450401,Estanys de Banyoles,045040100,QLSup - Estanys de Banyoles,480010,4663228,Oxigen dissolt (camp),08/21/2009 11:30:00,9,mg/L,6,
0450401,Estanys de Banyoles,045040100,QLSup - Estanys de Banyoles,480010,4663228,Oxigen dissolt (camp),08/21/2009 11:30:00,11.6,mg/L,7,
0450401,Estanys de Banyoles,045040100,QLSup - Estanys de Banyoles,480010,4663228,Oxigen dissolt (camp),08/21/2009 11:30:00,8.6,mg/L,8,
0450401,Estanys de Banyoles,045040100,QLSup - Estanys de Banyoles,480010,4663228,Oxigen dissolt (camp),08/21/2009 11:30:00,4.6,mg/L,9,
0450401,Estanys de Banyoles,045040100,QLSup - Estanys de Banyoles,480010,4663228,Oxigen dissolt (camp),08/21/2009 11:30:00,2.6,mg/L,10,
0450401,Estanys de Banyoles,045040100,QLSup - Estanys de Banyoles,480010,4663228,Oxigen dissolt (camp),08/21/2009 11:30:00,2.3,mg/L,11,
0450401,Estanys de Banyoles,045040100,QLSup - Estanys de Banyoles,480010,4663228,Oxigen dissolt (camp),08/21/2009 11:30:00,1,mg/L,12,
0450401,Estanys de Banyoles,045040100,QLSup - Estanys de Banyoles,480010,4663228,Oxigen dissolt (camp),08/21/2009 11:30:00,0.9,mg/L,13,
0450401,Estanys de Banyoles,045040100,QLSup - Estanys de Banyoles,480010,4663228,Oxigen dissolt (camp),08/21/2009 11:30:00,0.7,mg/L,14,
0450401,Estanys de Banyoles,045040100,QLSup - Estanys de Banyoles,480010,4663228,Oxigen dissolt (camp),08/21/2009 11:30:00,0.6,mg/L,15,
0450401,Estanys de Banyoles,045040100,QLSup - Estanys de Banyoles,480010,4663228,Oxigen dissolt (camp),08/21/2009 11:30:00,0.5,mg/L,16,
0450401,Estanys de Banyoles,045040100,QLSup - Estanys de Banyoles,480010,4663228,Oxigen dissolt (camp),08/21/2009 11:30:00,0.25,mg/L,17,
0450401,Estanys de Banyoles,045040100,QLSup - Estanys de Banyoles,480010,4663228,Oxigen dissolt (camp),08/21/2009 11:30:00,0.25,mg/L,18,
0450401,Estanys de Banyoles,045040100,QLSup - Estanys de Banyoles,480010,4663228,Oxigen dissolt (camp),08/21/2009 11:30:00,0.25,mg/L,19,
0450401,Estanys de Banyoles,045040100,QLSup - Estanys de Banyoles,480010,4663228,Oxigen dissolt (camp),08/21/2009 11:30:00,0.25,mg/L,20,
0450401,Estanys de Banyoles,045040100,QLSup - Estanys de Banyoles,480010,4663228,Oxigen dissolt (camp),08/21/2009 11:30:00,0.25,mg/L,21,
0450401,Estanys de Banyoles,045040100,QLSup - Estanys de Banyoles,480010,4663228,Oxigen dissolt (camp),08/21/2009 11:30:00,0.25,mg/L,22,
0450401,Estanys de Banyoles,045040100,QLSup - Estanys de Banyoles,480010,4663228,Oxigen dissolt (camp),08/21/2009 11:30:00,0.25,mg/L,23,
0450401,Estanys de Banyoles,045040100,QLSup - Estanys de Banyoles,480010,4663228,Oxigen dissolt (camp),08/21/2009 11:30:00,0.25,mg/L,24,
0450401,Estanys de Banyoles,045040100,QLSup - Estanys de Banyoles,480010,4663228,Oxigen dissolt (camp),08/21/2009 11:30:00,0.25,mg/L,25,
0450401,Estanys de Banyoles,045040100,QLSup - Estanys de Banyoles,480010,4663228,Oxigen dissolt (camp),08/21/2009 11:30:00,0.25,mg/L,26,
0450401,Estanys de Banyoles,045040100,QLSup - Estanys de Banyoles,480010,4663228,Oxigen dissolt (camp),08/21/2009 11:30:00,0.25,mg/L,27,
0450401,Estanys de Banyoles,045040100,QLSup - Estanys de Banyoles,480010,4663228,Oxigen dissolt (camp),08/21/2009 11:30:00,0.25,mg/L,28,
0450401,Estanys de Banyoles,045040100,QLSup - Estanys de Banyoles,480010,4663228,Temperatura de l'aigua (camp),08/21/2009 11:30:00,27.6,§C,0,
0450401,Estanys de Banyoles,045040100,QLSup - Estanys de Banyoles,480010,4663228,Temperatura de l'aigua (camp),08/21/2009 11:30:00,27.6,§C,1,
0450401,Estanys de Banyoles,045040100,QLSup - Estanys de Banyoles,480010,4663228,Temperatura de l'aigua (camp),08/21/2009 11:30:00,27.4,§C,2,
0450401,Estanys de Banyoles,045040100,QLSup - Estanys de Banyoles,480010,4663228,Temperatura de l'aigua (camp),08/21/2009 11:30:00,27.3,§C,3,
0450401,Estanys de Banyoles,045040100,QLSup - Estanys de Banyoles,480010,4663228,Temperatura de l'aigua (camp),08/21/2009 11:30:00,27.3,§C,4,
0450401,Estanys de Banyoles,045040100,QLSup - Estanys de Banyoles,480010,4663228,Temperatura de l'aigua (camp),08/21/2009 11:30:00,27.2,§C,5,
0450401,Estanys de Banyoles,045040100,QLSup - Estanys de Banyoles,480010,4663228,Temperatura de l'aigua (camp),08/21/2009 11:30:00,27.1,§C,6,
0450401,Estanys de Banyoles,045040100,QLSup - Estanys de Banyoles,480010,4663228,Temperatura de l'aigua (camp),08/21/2009 11:30:00,23.6,§C,7,
0450401,Estanys de Banyoles,045040100,QLSup - Estanys de Banyoles,480010,4663228,Temperatura de l'aigua (camp),08/21/2009 11:30:00,21,§C,8,
0450401,Estanys de Banyoles,045040100,QLSup - Estanys de Banyoles,480010,4663228,Temperatura de l'aigua (camp),08/21/2009 11:30:00,18.8,§C,9,
0450401,Estanys de Banyoles,045040100,QLSup - Estanys de Banyoles,480010,4663228,Temperatura de l'aigua (camp),08/21/2009 11:30:00,18.1,§C,10,
0450401,Estanys de Banyoles,045040100,QLSup - Estanys de Banyoles,480010,4663228,Temperatura de l'aigua (camp),08/21/2009 11:30:00,17.9,§C,11,
0450401,Estanys de Banyoles,045040100,QLSup - Estanys de Banyoles,480010,4663228,Temperatura de l'aigua (camp),08/21/2009 11:30:00,17.7,§C,12,
0450401,Estanys de Banyoles,045040100,QLSup - Estanys de Banyoles,480010,4663228,Temperatura de l'aigua (camp),08/21/2009 11:30:00,17.7,§C,13,
0450401,Estanys de Banyoles,045040100,QLSup - Estanys de Banyoles,480010,4663228,Temperatura de l'aigua (camp),08/21/2009 11:30:00,17.7,§C,14,
0450401,Estanys de Banyoles,045040100,QLSup - Estanys de Banyoles,480010,4663228,Temperatura de l'aigua (camp),08/21/2009 11:30:00,17.7,§C,15,
0450401,Estanys de Banyoles,045040100,QLSup - Estanys de Banyoles,480010,4663228,Temperatura de l'aigua (camp),08/21/2009 11:30:00,17.7,§C,16,
0450401,Estanys de Banyoles,045040100,QLSup - Estanys de Banyoles,480010,4663228,Temperatura de l'aigua (camp),08/21/2009 11:30:00,17.6,§C,17,
0450401,Estanys de Banyoles,045040100,QLSup - Estanys de Banyoles,480010,4663228,Temperatura de l'aigua (camp),08/21/2009 11:30:00,17.6,§C,18,
0450401,Estanys de Banyoles,045040100,QLSup - Estanys de Banyoles,480010,4663228,Temperatura de l'aigua (camp),08/21/2009 11:30:00,17.7,§C,19,
0450401,Estanys de Banyoles,045040100,QLSup - Estanys de Banyoles,480010,4663228,Temperatura de l'aigua (camp),08/21/2009 11:30:00,17.7,§C,20,
0450401,Estanys de Banyoles,045040100,QLSup - Estanys de Banyoles,480010,4663228,Temperatura de l'aigua (camp),08/21/2009 11:30:00,17.7,§C,21,
0450401,Estanys de Banyoles,045040100,QLSup - Estanys de Banyoles,480010,4663228,Temperatura de l'aigua (camp),08/21/2009 11:30:00,17.7,§C,22,
0450401,Estanys de Banyoles,045040100,QLSup - Estanys de Banyoles,480010,4663228,Temperatura de l'aigua (camp),08/21/2009 11:30:00,17.7,§C,23,
0450401,Estanys de Banyoles,045040100,QLSup - Estanys de Banyoles,480010,4663228,Temperatura de l'aigua (camp),08/21/2009 11:30:00,17.7,§C,24,
0450401,Estanys de Banyoles,045040100,QLSup - Estanys de Banyoles,480010,4663228,Temperatura de l'aigua (camp),08/21/2009 11:30:00,17.7,§C,25,
0450401,Estanys de Banyoles,045040100,QLSup - Estanys de Banyoles,480010,4663228,Temperatura de l'aigua (camp),08/21/2009 11:30:00,17.7,§C,26,
0450401,Estanys de Banyoles,045040100,QLSup - Estanys de Banyoles,480010,4663228,Temperatura de l'aigua (camp),08/21/2009 11:30:00,17.7,§C,27,
0450401,Estanys de Banyoles,045040100,QLSup - Estanys de Banyoles,480010,4663228,Temperatura de l'aigua (camp),08/21/2009 11:30:00,18.7,§C,28,
0450401,Estanys de Banyoles,045040100,QLSup - Estanys de Banyoles,480010,4663228,Clorofilúla a (camp),08/21/2009 11:30:00,0.94,mg/m3,3.5,
0450401,Estanys de Banyoles,045040100,QLSup - Estanys de Banyoles,480010,4663228,Clorofilúla a (camp),08/21/2009 11:30:00,1.54,mg/m3,9,
0450401,Estanys de Banyoles,045040100,QLSup - Estanys de Banyoles,480010,4663228,Temperatura de l'aigua (camp),08/21/2009 11:30:00,27.6,§C,0,
0450401,Estanys de Banyoles,045040100,QLSup - Estanys de Banyoles,480010,4663228,Temperatura de l'aigua (camp),08/21/2009 11:30:00,27.6,§C,1,
0450401,Estanys de Banyoles,045040100,QLSup - Estanys de Banyoles,480010,4663228,Temperatura de l'aigua (camp),08/21/2009 11:30:00,27.4,§C,2,
0450401,Estanys de Banyoles,045040100,QLSup - Estanys de Banyoles,480010,4663228,Temperatura de l'aigua (camp),08/21/2009 11:30:00,27.3,§C,3,
0450401,Estanys de Banyoles,045040100,QLSup - Estanys de Banyoles,480010,4663228,Temperatura de l'aigua (camp),08/21/2009 11:30:00,27.3,§C,4,
0450401,Estanys de Banyoles,045040100,QLSup - Estanys de Banyoles,480010,4663228,Temperatura de l'aigua (camp),08/21/2009 11:30:00,27.2,§C,5,
0450401,Estanys de Banyoles,045040100,QLSup - Estanys de Banyoles,480010,4663228,Temperatura de l'aigua (camp),08/21/2009 11:30:00,27.1,§C,6,
0450401,Estanys de Banyoles,045040100,QLSup - Estanys de Banyoles,480010,4663228,Temperatura de l'aigua (camp),08/21/2009 11:30:00,23.6,§C,7,
0450401,Estanys de Banyoles,045040100,QLSup - Estanys de Banyoles,480010,4663228,Temperatura de l'aigua (camp),08/21/2009 11:30:00,21,§C,8,
0450401,Estanys de Banyoles,045040100,QLSup - Estanys de Banyoles,480010,4663228,Temperatura de l'aigua (camp),08/21/2009 11:30:00,18.8,§C,9,
0450401,Estanys de Banyoles,045040100,QLSup - Estanys de Banyoles,480010,4663228,Temperatura de l'aigua (camp),08/21/2009 11:30:00,18.1,§C,10,
0450401,Estanys de Banyoles,045040100,QLSup - Estanys de Banyoles,480010,4663228,Temperatura de l'aigua (camp),08/21/2009 11:30:00,17.9,§C,11,
0450401,Estanys de Banyoles,045040100,QLSup - Estanys de Banyoles,480010,4663228,Temperatura de l'aigua (camp),08/21/2009 11:30:00,17.7,§C,12,
0450401,Estanys de Banyoles,045040100,QLSup - Estanys de Banyoles,480010,4663228,Temperatura de l'aigua (camp),08/21/2009 11:30:00,17.7,§C,13,
0450401,Estanys de Banyoles,045040100,QLSup - Estanys de Banyoles,480010,4663228,Temperatura de l'aigua (camp),08/21/2009 11:30:00,17.7,§C,14,
0450401,Estanys de Banyoles,045040100,QLSup - Estanys de Banyoles,480010,4663228,Temperatura de l'aigua (camp),08/21/2009 11:30:00,17.7,§C,15,
0450401,Estanys de Banyoles,045040100,QLSup - Estanys de Banyoles,480010,4663228,Temperatura de l'aigua (camp),08/21/2009 11:30:00,17.7,§C,16,
0450401,Estanys de Banyoles,045040100,QLSup - Estanys de Banyoles,480010,4663228,Temperatura de l'aigua (camp),08/21/2009 11:30:00,17.6,§C,17,
0450401,Estanys de Banyoles,045040100,QLSup - Estanys de Banyoles,480010,4663228,Temperatura de l'aigua (camp),08/21/2009 11:30:00,17.6,§C,18,
0450401,Estanys de Banyoles,045040100,QLSup - Estanys de Banyoles,480010,4663228,Temperatura de l'aigua (camp),08/21/2009 11:30:00,17.7,§C,19,
0450401,Estanys de Banyoles,045040100,QLSup - Estanys de Banyoles,480010,4663228,Temperatura de l'aigua (camp),08/21/2009 11:30:00,17.7,§C,20,
0450401,Estanys de Banyoles,045040100,QLSup - Estanys de Banyoles,480010,4663228,Temperatura de l'aigua (camp),08/21/2009 11:30:00,17.7,§C,21,
0450401,Estanys de Banyoles,045040100,QLSup - Estanys de Banyoles,480010,4663228,Temperatura de l'aigua (camp),08/21/2009 11:30:00,17.7,§C,22,
0450401,Estanys de Banyoles,045040100,QLSup - Estanys de Banyoles,480010,4663228,Temperatura de l'aigua (camp),08/21/2009 11:30:00,17.7,§C,23,
0450401,Estanys de Banyoles,045040100,QLSup - Estanys de Banyoles,480010,4663228,Temperatura de l'aigua (camp),08/21/2009 11:30:00,17.7,§C,24,
0450401,Estanys de Banyoles,045040100,QLSup - Estanys de Banyoles,480010,4663228,Temperatura de l'aigua (camp),08/21/2009 11:30:00,17.7,§C,25,
0450401,Estanys de Banyoles,045040100,QLSup - Estanys de Banyoles,480010,4663228,Temperatura de l'aigua (camp),08/21/2009 11:30:00,17.7,§C,26,
0450401,Estanys de Banyoles,045040100,QLSup - Estanys de Banyoles,480010,4663228,Temperatura de l'aigua (camp),08/21/2009 11:30:00,17.7,§C,27,
0450401,Estanys de Banyoles,045040100,QLSup - Estanys de Banyoles,480010,4663228,Temperatura de l'aigua (camp),08/21/2009 11:30:00,18.7,§C,28,
0450401,Estanys de Banyoles,045040100,QLSup - Estanys de Banyoles,480010,4663228,pH,09/22/2009,7.7,u.pH,,
0450401,Estanys de Banyoles,045040100,QLSup - Estanys de Banyoles,480010,4663228,Suma d'anions,09/22/2009,17.7878,meq/L,,
0450401,Estanys de Banyoles,045040100,QLSup - Estanys de Banyoles,480010,4663228,Suma de cations,09/22/2009,18.8991,meq/L,,
0450401,Estanys de Banyoles,045040100,QLSup - Estanys de Banyoles,480010,4663228,Conductivitat (camp),09/22/2009,1248,æS/cm,0,
0450401,Estanys de Banyoles,045040100,QLSup - Estanys de Banyoles,480010,4663228,Oxigen dissolt (camp),09/22/2009,6.6,mg/L,0,
0450401,Estanys de Banyoles,045040100,QLSup - Estanys de Banyoles,480010,4663228,% Saturaci¢ d'oxigen (camp),09/22/2009,76.1,%,0,
0450401,Estanys de Banyoles,045040100,QLSup - Estanys de Banyoles,480010,4663228,Temperatura de l'aigua (camp),09/22/2009,22,§C,0,
0450401,Estanys de Banyoles,045040100,QLSup - Estanys de Banyoles,480010,4663228,Temperatura de l'aigua (camp),09/22/2009,22,§C,0,
0450401,Estanys de Banyoles,045040100,QLSup - Estanys de Banyoles,480010,4663228,pH,10/26/2009,7.7,u.pH,,
0450401,Estanys de Banyoles,045040100,QLSup - Estanys de Banyoles,480010,4663228,Suma d'anions,10/26/2009,17.667,meq/L,,
0450401,Estanys de Banyoles,045040100,QLSup - Estanys de Banyoles,480010,4663228,Suma de cations,10/26/2009,18.3561,meq/L,,
0450401,Estanys de Banyoles,045040100,QLSup - Estanys de Banyoles,480010,4663228,Conductivitat (camp),10/26/2009,1254,æS/cm,0,
0450401,Estanys de Banyoles,045040100,QLSup - Estanys de Banyoles,480010,4663228,Oxigen dissolt (camp),10/26/2009,3.9,mg/L,0,
0450401,Estanys de Banyoles,045040100,QLSup - Estanys de Banyoles,480010,4663228,% Saturaci¢ d'oxigen (camp),10/26/2009,42.1,%,0,
0450401,Estanys de Banyoles,045040100,QLSup - Estanys de Banyoles,480010,4663228,Temperatura de l'aigua (camp),10/26/2009,18,§C,0,
0450401,Estanys de Banyoles,045040100,QLSup - Estanys de Banyoles,480010,4663228,Temperatura de l'aigua (camp),10/26/2009,18,§C,0,
0450401,Estanys de Banyoles,045040100,QLSup - Estanys de Banyoles,480010,4663228,pH,12/14/2009,7.8,u.pH,,
0450401,Estanys de Banyoles,045040100,QLSup - Estanys de Banyoles,480010,4663228,Suma d'anions,12/14/2009,17.8831,meq/L,,
0450401,Estanys de Banyoles,045040100,QLSup - Estanys de Banyoles,480010,4663228,Suma de cations,12/14/2009,17.3067,meq/L,,
0450401,Estanys de Banyoles,045040100,QLSup - Estanys de Banyoles,480010,4663228,Conductivitat (camp),12/14/2009,1061,æS/cm,0,
0450401,Estanys de Banyoles,045040100,QLSup - Estanys de Banyoles,480010,4663228,Oxigen dissolt (camp),12/14/2009,6.6,mg/L,0,
0450401,Estanys de Banyoles,045040100,QLSup - Estanys de Banyoles,480010,4663228,% Saturaci¢ d'oxigen (camp),12/14/2009,61.8,%,0,
0450401,Estanys de Banyoles,045040100,QLSup - Estanys de Banyoles,480010,4663228,Temperatura de l'aigua (camp),12/14/2009,12,§C,0,
0450401,Estanys de Banyoles,045040100,QLSup - Estanys de Banyoles,480010,4663228,Temperatura de l'aigua (camp),12/14/2009,12,§C,0,
0450401,Estanys de Banyoles,045040100,QLSup - Estanys de Banyoles,480010,4663228,pH,01/19/2010,7.5,u.pH,,
0450401,Estanys de Banyoles,045040100,QLSup - Estanys de Banyoles,480010,4663228,Suma d'anions,01/19/2010,17.6381,meq/L,,
0450401,Estanys de Banyoles,045040100,QLSup - Estanys de Banyoles,480010,4663228,Suma de cations,01/19/2010,18.5396,meq/L,,
0450401,Estanys de Banyoles,045040100,QLSup - Estanys de Banyoles,480010,4663228,Conductivitat (camp),01/19/2010,1088,æS/cm,0,
0450401,Estanys de Banyoles,045040100,QLSup - Estanys de Banyoles,480010,4663228,Oxigen dissolt (camp),01/19/2010,6.7,mg/L,0,
0450401,Estanys de Banyoles,045040100,QLSup - Estanys de Banyoles,480010,4663228,% Saturaci¢ d'oxigen (camp),01/19/2010,60.1,%,0,
0450401,Estanys de Banyoles,045040100,QLSup - Estanys de Banyoles,480010,4663228,Temperatura de l'aigua (camp),01/19/2010,10,§C,0,
0450401,Estanys de Banyoles,045040100,QLSup - Estanys de Banyoles,480010,4663228,Temperatura de l'aigua (camp),01/19/2010,10,§C,0,
0450401,Estanys de Banyoles,045040100,QLSup - Estanys de Banyoles,480010,4663228,pH,03/08/2010,7.7,u.pH,,
0450401,Estanys de Banyoles,045040100,QLSup - Estanys de Banyoles,480010,4663228,Suma d'anions,03/08/2010,16.8582,meq/L,,
0450401,Estanys de Banyoles,045040100,QLSup - Estanys de Banyoles,480010,4663228,Suma de cations,03/08/2010,18.1146,meq/L,,
0450401,Estanys de Banyoles,045040100,QLSup - Estanys de Banyoles,480010,4663228,Conductivitat (camp),03/08/2010,1085,æS/cm,0,
0450401,Estanys de Banyoles,045040100,QLSup - Estanys de Banyoles,480010,4663228,Oxigen dissolt (camp),03/08/2010,7.6,mg/L,0,
0450401,Estanys de Banyoles,045040100,QLSup - Estanys de Banyoles,480010,4663228,% Saturaci¢ d'oxigen (camp),03/08/2010,64.1,%,0,
0450401,Estanys de Banyoles,045040100,QLSup - Estanys de Banyoles,480010,4663228,Temperatura de l'aigua (camp),03/08/2010,8,§C,0,
0450401,Estanys de Banyoles,045040100,QLSup - Estanys de Banyoles,480010,4663228,Temperatura de l'aigua (camp),03/08/2010,8,§C,0,
0450401,Estanys de Banyoles,045040100,QLSup - Estanys de Banyoles,480010,4663228,pH,04/13/2010,8,u.pH,,
0450401,Estanys de Banyoles,045040100,QLSup - Estanys de Banyoles,480010,4663228,Suma d'anions,04/13/2010,19.497,meq/L,,
0450401,Estanys de Banyoles,045040100,QLSup - Estanys de Banyoles,480010,4663228,Suma de cations,04/13/2010,19.456,meq/L,,
0450401,Estanys de Banyoles,045040100,QLSup - Estanys de Banyoles,480010,4663228,Conductivitat (camp),04/13/2010,1060,æS/cm,0,
0450401,Estanys de Banyoles,045040100,QLSup - Estanys de Banyoles,480010,4663228,Oxigen dissolt (camp),04/13/2010,5.6,mg/L,0,
0450401,Estanys de Banyoles,045040100,QLSup - Estanys de Banyoles,480010,4663228,% Saturaci¢ d'oxigen (camp),04/13/2010,54,%,0,
0450401,Estanys de Banyoles,045040100,QLSup - Estanys de Banyoles,480010,4663228,Temperatura de l'aigua (camp),04/13/2010,14,§C,0,
0450401,Estanys de Banyoles,045040100,QLSup - Estanys de Banyoles,480010,4663228,Temperatura de l'aigua (camp),04/13/2010,14,§C,0,
0450401,Estanys de Banyoles,045040100,QLSup - Estanys de Banyoles,480010,4663228,pH,06/29/2010,7.9,u.pH,,
0450401,Estanys de Banyoles,045040100,QLSup - Estanys de Banyoles,480010,4663228,Suma d'anions,06/29/2010,15.8622,meq/L,,
0450401,Estanys de Banyoles,045040100,QLSup - Estanys de Banyoles,480010,4663228,Suma de cations,06/29/2010,15.5841,meq/L,,
0450401,Estanys de Banyoles,045040100,QLSup - Estanys de Banyoles,480010,4663228,Conductivitat (camp),06/29/2010,1201,æS/cm,0,
0450401,Estanys de Banyoles,045040100,QLSup - Estanys de Banyoles,480010,4663228,Oxigen dissolt (camp),06/29/2010,2.5,mg/L,0,
0450401,Estanys de Banyoles,045040100,QLSup - Estanys de Banyoles,480010,4663228,% Saturaci¢ d'oxigen (camp),06/29/2010,30,%,0,
0450401,Estanys de Banyoles,045040100,QLSup - Estanys de Banyoles,480010,4663228,Temperatura de l'aigua (camp),06/29/2010,23,§C,0,
0450401,Estanys de Banyoles,045040100,QLSup - Estanys de Banyoles,480010,4663228,Temperatura de l'aigua (camp),06/29/2010,23,§C,0,
0450401,Estanys de Banyoles,045040100,QLSup - Estanys de Banyoles,480010,4663228,pH,07/06/2010,7.9,u.pH,,
0450401,Estanys de Banyoles,045040100,QLSup - Estanys de Banyoles,480010,4663228,Suma d'anions,07/06/2010,16.9284,meq/L,,
0450401,Estanys de Banyoles,045040100,QLSup - Estanys de Banyoles,480010,4663228,Suma de cations,07/06/2010,15.877,meq/L,,
0450401,Estanys de Banyoles,045040100,QLSup - Estanys de Banyoles,480010,4663228,Conductivitat (camp),07/06/2010,1192,æS/cm,0,
0450401,Estanys de Banyoles,045040100,QLSup - Estanys de Banyoles,480010,4663228,Oxigen dissolt (camp),07/06/2010,3.9,mg/L,0,
0450401,Estanys de Banyoles,045040100,QLSup - Estanys de Banyoles,480010,4663228,% Saturaci¢ d'oxigen (camp),07/06/2010,48.3,%,0,
0450401,Estanys de Banyoles,045040100,QLSup - Estanys de Banyoles,480010,4663228,Temperatura de l'aigua (camp),07/06/2010,26,§C,0,
0450401,Estanys de Banyoles,045040100,QLSup - Estanys de Banyoles,480010,4663228,Temperatura de l'aigua (camp),07/06/2010,26,§C,0,
0450401,Estanys de Banyoles,045040100,QLSup - Estanys de Banyoles,480010,4663228,Conductivitat (camp),08/16/2010,1213,æS/cm,0,
0450401,Estanys de Banyoles,045040100,QLSup - Estanys de Banyoles,480010,4663228,Oxigen dissolt (camp),08/16/2010,7.3,mg/L,0,
0450401,Estanys de Banyoles,045040100,QLSup - Estanys de Banyoles,480010,4663228,% Saturaci¢ d'oxigen (camp),08/16/2010,87.3,%,0,
0450401,Estanys de Banyoles,045040100,QLSup - Estanys de Banyoles,480010,4663228,Temperatura de l'aigua (camp),08/16/2010,24,§C,0,
0450401,Estanys de Banyoles,045040100,QLSup - Estanys de Banyoles,480010,4663228,Temperatura de l'aigua (camp),08/16/2010,24,§C,0,
0450401,Estanys de Banyoles,045040100,QLSup - Estanys de Banyoles,480010,4663228,pH,09/21/2010,8,u.pH,,
0450401,Estanys de Banyoles,045040100,QLSup - Estanys de Banyoles,480010,4663228,Suma d'anions,09/21/2010,18.4011,meq/L,,
0450401,Estanys de Banyoles,045040100,QLSup - Estanys de Banyoles,480010,4663228,Suma de cations,09/21/2010,17.0946,meq/L,,
0450401,Estanys de Banyoles,045040100,QLSup - Estanys de Banyoles,480010,4663228,Conductivitat (camp),09/21/2010,1131,æS/cm,0,
0450401,Estanys de Banyoles,045040100,QLSup - Estanys de Banyoles,480010,4663228,Oxigen dissolt (camp),09/21/2010,5.5,mg/L,0,
0450401,Estanys de Banyoles,045040100,QLSup - Estanys de Banyoles,480010,4663228,% Saturaci¢ d'oxigen (camp),09/21/2010,63,%,0,
0450401,Estanys de Banyoles,045040100,QLSup - Estanys de Banyoles,480010,4663228,Temperatura de l'aigua (camp),09/21/2010,23,§C,0,
0450401,Estanys de Banyoles,045040100,QLSup - Estanys de Banyoles,480010,4663228,Temperatura de l'aigua (camp),09/21/2010,23,§C,0,
0450401,Estanys de Banyoles,045040100,QLSup - Estanys de Banyoles,480010,4663228,pH,10/26/2010,7.7,u.pH,,
0450401,Estanys de Banyoles,045040100,QLSup - Estanys de Banyoles,480010,4663228,Suma d'anions,10/26/2010,17.515,meq/L,,
0450401,Estanys de Banyoles,045040100,QLSup - Estanys de Banyoles,480010,4663228,Suma de cations,10/26/2010,18.5298,meq/L,,
0450401,Estanys de Banyoles,045040100,QLSup - Estanys de Banyoles,480010,4663228,Conductivitat (camp),10/26/2010,1130,æS/cm,0,
0450401,Estanys de Banyoles,045040100,QLSup - Estanys de Banyoles,480010,4663228,Oxigen dissolt (camp),10/26/2010,5.5,mg/L,0,
0450401,Estanys de Banyoles,045040100,QLSup - Estanys de Banyoles,480010,4663228,% Saturaci¢ d'oxigen (camp),10/26/2010,59,%,0,
0450401,Estanys de Banyoles,045040100,QLSup - Estanys de Banyoles,480010,4663228,Temperatura de l'aigua (camp),10/26/2010,16,§C,0,
0450401,Estanys de Banyoles,045040100,QLSup - Estanys de Banyoles,480010,4663228,Temperatura de l'aigua (camp),10/26/2010,16,§C,0,
0450401,Estanys de Banyoles,045040100,QLSup - Estanys de Banyoles,480010,4663228,pH,12/20/2010,7.8,u.pH,,
0450401,Estanys de Banyoles,045040100,QLSup - Estanys de Banyoles,480010,4663228,Suma d'anions,12/20/2010,18.9625,meq/L,,
0450401,Estanys de Banyoles,045040100,QLSup - Estanys de Banyoles,480010,4663228,Suma de cations,12/20/2010,20.1951,meq/L,,
0450401,Estanys de Banyoles,045040100,QLSup - Estanys de Banyoles,480010,4663228,Conductivitat (camp),12/20/2010,1159,æS/cm,0,
0450401,Estanys de Banyoles,045040100,QLSup - Estanys de Banyoles,480010,4663228,Oxigen dissolt (camp),12/20/2010,5.9,mg/L,0,
0450401,Estanys de Banyoles,045040100,QLSup - Estanys de Banyoles,480010,4663228,% Saturaci¢ d'oxigen (camp),12/20/2010,56.8,%,0,
0450401,Estanys de Banyoles,045040100,QLSup - Estanys de Banyoles,480010,4663228,Temperatura de l'aigua (camp),12/20/2010,9,§C,0,
0450401,Estanys de Banyoles,045040100,QLSup - Estanys de Banyoles,480010,4663228,Temperatura de l'aigua (camp),12/20/2010,9,§C,0,
0450401,Estanys de Banyoles,045040100,QLSup - Estanys de Banyoles,480010,4663228,pH,01/18/2011,7.8,u.pH,,
0450401,Estanys de Banyoles,045040100,QLSup - Estanys de Banyoles,480010,4663228,Suma d'anions,01/18/2011,18.6562,meq/L,,
0450401,Estanys de Banyoles,045040100,QLSup - Estanys de Banyoles,480010,4663228,Suma de cations,01/18/2011,19.3687,meq/L,,
0450401,Estanys de Banyoles,045040100,QLSup - Estanys de Banyoles,480010,4663228,Conductivitat (camp),01/18/2011,1157,æS/cm,0,
0450401,Estanys de Banyoles,045040100,QLSup - Estanys de Banyoles,480010,4663228,Oxigen dissolt (camp),01/18/2011,6.9,mg/L,0,
0450401,Estanys de Banyoles,045040100,QLSup - Estanys de Banyoles,480010,4663228,% Saturaci¢ d'oxigen (camp),01/18/2011,60.8,%,0,
0450401,Estanys de Banyoles,045040100,QLSup - Estanys de Banyoles,480010,4663228,Temperatura de l'aigua (camp),01/18/2011,10,§C,0,
0450401,Estanys de Banyoles,045040100,QLSup - Estanys de Banyoles,480010,4663228,Temperatura de l'aigua (camp),01/18/2011,10,§C,0,
0450401,Estanys de Banyoles,045040100,QLSup - Estanys de Banyoles,480010,4663228,pH,03/08/2011,7.9,u.pH,,
0450401,Estanys de Banyoles,045040100,QLSup - Estanys de Banyoles,480010,4663228,Suma d'anions,03/08/2011,17.8307,meq/L,,
0450401,Estanys de Banyoles,045040100,QLSup - Estanys de Banyoles,480010,4663228,Suma de cations,03/08/2011,19.2069,meq/L,,
0450401,Estanys de Banyoles,045040100,QLSup - Estanys de Banyoles,480010,4663228,Conductivitat (camp),03/08/2011,1161,æS/cm,0,
0450401,Estanys de Banyoles,045040100,QLSup - Estanys de Banyoles,480010,4663228,Oxigen dissolt (camp),03/08/2011,8.4,mg/L,0,
0450401,Estanys de Banyoles,045040100,QLSup - Estanys de Banyoles,480010,4663228,% Saturaci¢ d'oxigen (camp),03/08/2011,76,%,0,
0450401,Estanys de Banyoles,045040100,QLSup - Estanys de Banyoles,480010,4663228,Temperatura de l'aigua (camp),03/08/2011,10,§C,0,
0450401,Estanys de Banyoles,045040100,QLSup - Estanys de Banyoles,480010,4663228,Temperatura de l'aigua (camp),03/08/2011,10,§C,0,
0450401,Estanys de Banyoles,045040100,QLSup - Estanys de Banyoles,480010,4663228,pH,04/11/2011,8.1,u.pH,,
0450401,Estanys de Banyoles,045040100,QLSup - Estanys de Banyoles,480010,4663228,Suma d'anions,04/11/2011,15.7436,meq/L,,
0450401,Estanys de Banyoles,045040100,QLSup - Estanys de Banyoles,480010,4663228,Suma de cations,04/11/2011,16.78,meq/L,,
0450401,Estanys de Banyoles,045040100,QLSup - Estanys de Banyoles,480010,4663228,Conductivitat (camp),04/11/2011,1198,æS/cm,0,
0450401,Estanys de Banyoles,045040100,QLSup - Estanys de Banyoles,480010,4663228,Oxigen dissolt (camp),04/11/2011,9.1,mg/L,0,
0450401,Estanys de Banyoles,045040100,QLSup - Estanys de Banyoles,480010,4663228,% Saturaci¢ d'oxigen (camp),04/11/2011,97.7,%,0,
0450401,Estanys de Banyoles,045040100,QLSup - Estanys de Banyoles,480010,4663228,Temperatura de l'aigua (camp),04/11/2011,18,§C,0,
0450401,Estanys de Banyoles,045040100,QLSup - Estanys de Banyoles,480010,4663228,Temperatura de l'aigua (camp),04/11/2011,18,§C,0,
0450401,Estanys de Banyoles,045040100,QLSup - Estanys de Banyoles,480010,4663228,pH,06/15/2011,8,u.pH,,
0450401,Estanys de Banyoles,045040100,QLSup - Estanys de Banyoles,480010,4663228,Suma d'anions,06/15/2011,17.0406,meq/L,,
0450401,Estanys de Banyoles,045040100,QLSup - Estanys de Banyoles,480010,4663228,Suma de cations,06/15/2011,16.6333,meq/L,,
0450401,Estanys de Banyoles,045040100,QLSup - Estanys de Banyoles,480010,4663228,Conductivitat (camp),06/15/2011,1211,æS/cm,0,
0450401,Estanys de Banyoles,045040100,QLSup - Estanys de Banyoles,480010,4663228,Oxigen dissolt (camp),06/15/2011,6,mg/L,0,
0450401,Estanys de Banyoles,045040100,QLSup - Estanys de Banyoles,480010,4663228,% Saturaci¢ d'oxigen (camp),06/15/2011,70.9,%,0,
0450401,Estanys de Banyoles,045040100,QLSup - Estanys de Banyoles,480010,4663228,Temperatura de l'aigua (camp),06/15/2011,22,§C,0,
0450401,Estanys de Banyoles,045040100,QLSup - Estanys de Banyoles,480010,4663228,Temperatura de l'aigua (camp),06/15/2011,22,§C,0,
0450401,Estanys de Banyoles,045040100,QLSup - Estanys de Banyoles,480010,4663228,pH,07/05/2011,8,u.pH,,
0450401,Estanys de Banyoles,045040100,QLSup - Estanys de Banyoles,480010,4663228,Suma d'anions,07/05/2011,17.722,meq/L,,
0450401,Estanys de Banyoles,045040100,QLSup - Estanys de Banyoles,480010,4663228,Suma de cations,07/05/2011,16.881,meq/L,,
0450401,Estanys de Banyoles,045040100,QLSup - Estanys de Banyoles,480010,4663228,Conductivitat (camp),07/05/2011,1226,æS/cm,0,
0450401,Estanys de Banyoles,045040100,QLSup - Estanys de Banyoles,480010,4663228,Oxigen dissolt (camp),07/05/2011,5.8,mg/L,0,
0450401,Estanys de Banyoles,045040100,QLSup - Estanys de Banyoles,480010,4663228,% Saturaci¢ d'oxigen (camp),07/05/2011,71.9,%,0,
0450401,Estanys de Banyoles,045040100,QLSup - Estanys de Banyoles,480010,4663228,Temperatura de l'aigua (camp),07/05/2011,26,§C,0,
0450401,Estanys de Banyoles,045040100,QLSup - Estanys de Banyoles,480010,4663228,Temperatura de l'aigua (camp),07/05/2011,26,§C,0,
0450401,Estanys de Banyoles,045040100,QLSup - Estanys de Banyoles,480010,4663228,Conductivitat (camp),08/16/2011,1219,æS/cm,0,
0450401,Estanys de Banyoles,045040100,QLSup - Estanys de Banyoles,480010,4663228,Oxigen dissolt (camp),08/16/2011,5.3,mg/L,0,
0450401,Estanys de Banyoles,045040100,QLSup - Estanys de Banyoles,480010,4663228,% Saturaci¢ d'oxigen (camp),08/16/2011,64.4,%,0,
0450401,Estanys de Banyoles,045040100,QLSup - Estanys de Banyoles,480010,4663228,Temperatura de l'aigua (camp),08/16/2011,25,§C,0,
0450401,Estanys de Banyoles,045040100,QLSup - Estanys de Banyoles,480010,4663228,Temperatura de l'aigua (camp),08/16/2011,25,§C,0,
0450401,Estanys de Banyoles,045040100,QLSup - Estanys de Banyoles,480010,4663228,pH,09/21/2011,7.8,u.pH,,
0450401,Estanys de Banyoles,045040100,QLSup - Estanys de Banyoles,480010,4663228,Suma d'anions,09/21/2011,15.9092,meq/L,,
0450401,Estanys de Banyoles,045040100,QLSup - Estanys de Banyoles,480010,4663228,Suma de cations,09/21/2011,16.695,meq/L,,
0450401,Estanys de Banyoles,045040100,QLSup - Estanys de Banyoles,480010,4663228,Conductivitat (camp),09/21/2011,1224,æS/cm,0,
0450401,Estanys de Banyoles,045040100,QLSup - Estanys de Banyoles,480010,4663228,Oxigen dissolt (camp),09/21/2011,5.26,mg/L,0,
0450401,Estanys de Banyoles,045040100,QLSup - Estanys de Banyoles,480010,4663228,% Saturaci¢ d'oxigen (camp),09/21/2011,60.9,%,0,
0450401,Estanys de Banyoles,045040100,QLSup - Estanys de Banyoles,480010,4663228,Temperatura de l'aigua (camp),09/21/2011,23,§C,0,
0450401,Estanys de Banyoles,045040100,QLSup - Estanys de Banyoles,480010,4663228,Temperatura de l'aigua (camp),09/21/2011,23,§C,0,
0450401,Estanys de Banyoles,045040100,QLSup - Estanys de Banyoles,480010,4663228,pH,10/25/2011,7.7,u.pH,,
0450401,Estanys de Banyoles,045040100,QLSup - Estanys de Banyoles,480010,4663228,Suma d'anions,10/25/2011,16.8289,meq/L,,
0450401,Estanys de Banyoles,045040100,QLSup - Estanys de Banyoles,480010,4663228,Suma de cations,10/25/2011,17.5789,meq/L,,
0450401,Estanys de Banyoles,045040100,QLSup - Estanys de Banyoles,480010,4663228,Conductivitat (camp),10/25/2011,1248,æS/cm,0,
0450401,Estanys de Banyoles,045040100,QLSup - Estanys de Banyoles,480010,4663228,Oxigen dissolt (camp),10/25/2011,6.5,mg/L,0,
0450401,Estanys de Banyoles,045040100,QLSup - Estanys de Banyoles,480010,4663228,% Saturaci¢ d'oxigen (camp),10/25/2011,68.7,%,0,
0450401,Estanys de Banyoles,045040100,QLSup - Estanys de Banyoles,480010,4663228,Temperatura de l'aigua (camp),10/25/2011,18,§C,0,
0450401,Estanys de Banyoles,045040100,QLSup - Estanys de Banyoles,480010,4663228,Temperatura de l'aigua (camp),10/25/2011,18,§C,0,
0450401,Estanys de Banyoles,045040100,QLSup - Estanys de Banyoles,480010,4663228,pH,12/19/2011,7.8,u.pH,,
0450401,Estanys de Banyoles,045040100,QLSup - Estanys de Banyoles,480010,4663228,Suma d'anions,12/19/2011,14.8456,meq/L,,
0450401,Estanys de Banyoles,045040100,QLSup - Estanys de Banyoles,480010,4663228,Suma de cations,12/19/2011,15.74,meq/L,,
0450401,Estanys de Banyoles,045040100,QLSup - Estanys de Banyoles,480010,4663228,Conductivitat (camp),12/19/2011,1203,æS/cm,0,
0450401,Estanys de Banyoles,045040100,QLSup - Estanys de Banyoles,480010,4663228,Oxigen dissolt (camp),12/19/2011,6.5,mg/L,0,
0450401,Estanys de Banyoles,045040100,QLSup - Estanys de Banyoles,480010,4663228,% Saturaci¢ d'oxigen (camp),12/19/2011,68.2,%,0,
0450401,Estanys de Banyoles,045040100,QLSup - Estanys de Banyoles,480010,4663228,Temperatura de l'aigua (camp),12/19/2011,12,§C,0,
0450401,Estanys de Banyoles,045040100,QLSup - Estanys de Banyoles,480010,4663228,Temperatura de l'aigua (camp),12/19/2011,12,§C,0,
0450401,Estanys de Banyoles,045040100,QLSup - Estanys de Banyoles,480010,4663228,pH,01/18/2012,7.8,u.pH,,
0450401,Estanys de Banyoles,045040100,QLSup - Estanys de Banyoles,480010,4663228,Suma d'anions,01/18/2012,15.4963,meq/L,,
0450401,Estanys de Banyoles,045040100,QLSup - Estanys de Banyoles,480010,4663228,Suma de cations,01/18/2012,15.6339,meq/L,,
0450401,Estanys de Banyoles,045040100,QLSup - Estanys de Banyoles,480010,4663228,Conductivitat (camp),01/18/2012,1348,æS/cm,0,
0450401,Estanys de Banyoles,045040100,QLSup - Estanys de Banyoles,480010,4663228,Temperatura de l'aigua (camp),01/18/2012,11,§C,0,
0450401,Estanys de Banyoles,045040100,QLSup - Estanys de Banyoles,480010,4663228,Temperatura de l'aigua (camp),01/18/2012,11,§C,0,
0450401,Estanys de Banyoles,045040100,QLSup - Estanys de Banyoles,480010,4663228,pH,03/06/2012,7.9,u.pH,,
0450401,Estanys de Banyoles,045040100,QLSup - Estanys de Banyoles,480010,4663228,Suma d'anions,03/06/2012,16.7246,meq/L,,
0450401,Estanys de Banyoles,045040100,QLSup - Estanys de Banyoles,480010,4663228,Suma de cations,03/06/2012,17.0636,meq/L,,
0450401,Estanys de Banyoles,045040100,QLSup - Estanys de Banyoles,480010,4663228,Conductivitat (camp),03/06/2012,1398,æS/cm,0,
0450401,Estanys de Banyoles,045040100,QLSup - Estanys de Banyoles,480010,4663228,Temperatura de l'aigua (camp),03/06/2012,10,§C,0,
0450401,Estanys de Banyoles,045040100,QLSup - Estanys de Banyoles,480010,4663228,Temperatura de l'aigua (camp),03/06/2012,10,§C,0,
0450401,Estanys de Banyoles,045040100,QLSup - Estanys de Banyoles,480010,4663228,pH,04/16/2012,7.7,u.pH,,
0450401,Estanys de Banyoles,045040100,QLSup - Estanys de Banyoles,480010,4663228,Suma d'anions,04/16/2012,15.8487,meq/L,,
0450401,Estanys de Banyoles,045040100,QLSup - Estanys de Banyoles,480010,4663228,Suma de cations,04/16/2012,16.7623,meq/L,,
0450401,Estanys de Banyoles,045040100,QLSup - Estanys de Banyoles,480010,4663228,Conductivitat (camp),04/16/2012,1361,æS/cm,0,
0450401,Estanys de Banyoles,045040100,QLSup - Estanys de Banyoles,480010,4663228,Temperatura de l'aigua (camp),04/16/2012,13,§C,0,
0450401,Estanys de Banyoles,045040100,QLSup - Estanys de Banyoles,480010,4663228,Temperatura de l'aigua (camp),04/16/2012,13,§C,0,
0450401,Estanys de Banyoles,045040100,QLSup - Estanys de Banyoles,480010,4663228,pH,06/26/2012,7.9,u.pH,,
0450401,Estanys de Banyoles,045040100,QLSup - Estanys de Banyoles,480010,4663228,Suma d'anions,06/26/2012,18.2066,meq/L,,
0450401,Estanys de Banyoles,045040100,QLSup - Estanys de Banyoles,480010,4663228,Suma de cations,06/26/2012,17.0532,meq/L,,
0450401,Estanys de Banyoles,045040100,QLSup - Estanys de Banyoles,480010,4663228,Conductivitat (camp),06/26/2012,1297,æS/cm,0,
0450401,Estanys de Banyoles,045040100,QLSup - Estanys de Banyoles,480010,4663228,Oxigen dissolt (camp),06/26/2012,8.4,mg/L,0,
0450401,Estanys de Banyoles,045040100,QLSup - Estanys de Banyoles,480010,4663228,% Saturaci¢ d'oxigen (camp),06/26/2012,106,%,0,
0450401,Estanys de Banyoles,045040100,QLSup - Estanys de Banyoles,480010,4663228,Temperatura de l'aigua (camp),06/26/2012,26,§C,0,
0450401,Estanys de Banyoles,045040100,QLSup - Estanys de Banyoles,480010,4663228,Temperatura de l'aigua (camp),06/26/2012,26,§C,0,
0450401,Estanys de Banyoles,045040100,QLSup - Estanys de Banyoles,480010,4663228,pH,07/05/2012,7.9,u.pH,,
0450401,Estanys de Banyoles,045040100,QLSup - Estanys de Banyoles,480010,4663228,Suma d'anions,07/05/2012,17.4306,meq/L,,
0450401,Estanys de Banyoles,045040100,QLSup - Estanys de Banyoles,480010,4663228,Suma de cations,07/05/2012,16.5418,meq/L,,
0450401,Estanys de Banyoles,045040100,QLSup - Estanys de Banyoles,480010,4663228,Conductivitat (camp),07/05/2012,1302,æS/cm,0,
0450401,Estanys de Banyoles,045040100,QLSup - Estanys de Banyoles,480010,4663228,Oxigen dissolt (camp),07/05/2012,7.3,mg/L,0,
0450401,Estanys de Banyoles,045040100,QLSup - Estanys de Banyoles,480010,4663228,% Saturaci¢ d'oxigen (camp),07/05/2012,89,%,0,
0450401,Estanys de Banyoles,045040100,QLSup - Estanys de Banyoles,480010,4663228,Temperatura de l'aigua (camp),07/05/2012,26,§C,0,
0450401,Estanys de Banyoles,045040100,QLSup - Estanys de Banyoles,480010,4663228,Temperatura de l'aigua (camp),07/05/2012,26,§C,0,
0450401,Estanys de Banyoles,045040100,QLSup - Estanys de Banyoles,480010,4663228,pH,09/19/2012,8,u.pH,,
0450401,Estanys de Banyoles,045040100,QLSup - Estanys de Banyoles,480010,4663228,Suma d'anions,09/19/2012,15.9139,meq/L,,
0450401,Estanys de Banyoles,045040100,QLSup - Estanys de Banyoles,480010,4663228,Suma de cations,09/19/2012,16.9828,meq/L,,
0450401,Estanys de Banyoles,045040100,QLSup - Estanys de Banyoles,480010,4663228,Conductivitat (camp),09/19/2012,1324,æS/cm,0,
0450401,Estanys de Banyoles,045040100,QLSup - Estanys de Banyoles,480010,4663228,Oxigen dissolt (camp),09/19/2012,8.5,mg/L,0,
0450401,Estanys de Banyoles,045040100,QLSup - Estanys de Banyoles,480010,4663228,% Saturaci¢ d'oxigen (camp),09/19/2012,101,%,0,
0450401,Estanys de Banyoles,045040100,QLSup - Estanys de Banyoles,480010,4663228,Temperatura de l'aigua (camp),09/19/2012,22,§C,0,
0450401,Estanys de Banyoles,045040100,QLSup - Estanys de Banyoles,480010,4663228,Temperatura de l'aigua (camp),09/19/2012,22,§C,0,
0450401,Estanys de Banyoles,045040100,QLSup - Estanys de Banyoles,480010,4663228,pH,10/24/2012,8,u.pH,,
0450401,Estanys de Banyoles,045040100,QLSup - Estanys de Banyoles,480010,4663228,Suma d'anions,10/24/2012,16.5204,meq/L,,
0450401,Estanys de Banyoles,045040100,QLSup - Estanys de Banyoles,480010,4663228,Suma de cations,10/24/2012,15.8176,meq/L,,
0450401,Estanys de Banyoles,045040100,QLSup - Estanys de Banyoles,480010,4663228,Conductivitat (camp),10/24/2012,1341,æS/cm,0,
0450401,Estanys de Banyoles,045040100,QLSup - Estanys de Banyoles,480010,4663228,Oxigen dissolt (camp),10/24/2012,8.4,mg/L,0,
0450401,Estanys de Banyoles,045040100,QLSup - Estanys de Banyoles,480010,4663228,% Saturaci¢ d'oxigen (camp),10/24/2012,95.3,%,0,
0450401,Estanys de Banyoles,045040100,QLSup - Estanys de Banyoles,480010,4663228,Temperatura de l'aigua (camp),10/24/2012,19,§C,0,
0450401,Estanys de Banyoles,045040100,QLSup - Estanys de Banyoles,480010,4663228,Temperatura de l'aigua (camp),10/24/2012,19,§C,0,
0450401,Estanys de Banyoles,045040100,QLSup - Estanys de Banyoles,480010,4663228,pH,12/18/2012,7.9,u.pH,,
0450401,Estanys de Banyoles,045040100,QLSup - Estanys de Banyoles,480010,4663228,Suma d'anions,12/18/2012,15.8083,meq/L,,
0450401,Estanys de Banyoles,045040100,QLSup - Estanys de Banyoles,480010,4663228,Suma de cations,12/18/2012,16.5267,meq/L,,
0450401,Estanys de Banyoles,045040100,QLSup - Estanys de Banyoles,480010,4663228,Conductivitat (camp),12/18/2012,100,æS/cm,0,
0450401,Estanys de Banyoles,045040100,QLSup - Estanys de Banyoles,480010,4663228,Oxigen dissolt (camp),12/18/2012,3.9,mg/L,0,
0450401,Estanys de Banyoles,045040100,QLSup - Estanys de Banyoles,480010,4663228,% Saturaci¢ d'oxigen (camp),12/18/2012,83,%,0,
0450401,Estanys de Banyoles,045040100,QLSup - Estanys de Banyoles,480010,4663228,Temperatura de l'aigua (camp),12/18/2012,11,§C,0,
0450401,Estanys de Banyoles,045040100,QLSup - Estanys de Banyoles,480010,4663228,Temperatura de l'aigua (camp),12/18/2012,11,§C,0,
0450401,Estanys de Banyoles,045040100,QLSup - Estanys de Banyoles,480010,4663228,pH,01/22/2013,7.8,u.pH,,
0450401,Estanys de Banyoles,045040100,QLSup - Estanys de Banyoles,480010,4663228,Suma d'anions,01/22/2013,16.6728,meq/L,,
0450401,Estanys de Banyoles,045040100,QLSup - Estanys de Banyoles,480010,4663228,Suma de cations,01/22/2013,16.2276,meq/L,,
0450401,Estanys de Banyoles,045040100,QLSup - Estanys de Banyoles,480010,4663228,Conductivitat (camp),01/22/2013,955,æS/cm,0,
0450401,Estanys de Banyoles,045040100,QLSup - Estanys de Banyoles,480010,4663228,Oxigen dissolt (camp),01/22/2013,10,mg/L,0,
0450401,Estanys de Banyoles,045040100,QLSup - Estanys de Banyoles,480010,4663228,% Saturaci¢ d'oxigen (camp),01/22/2013,89,%,0,
0450401,Estanys de Banyoles,045040100,QLSup - Estanys de Banyoles,480010,4663228,Temperatura de l'aigua (camp),01/22/2013,9,§C,0,
0450401,Estanys de Banyoles,045040100,QLSup - Estanys de Banyoles,480010,4663228,Temperatura de l'aigua (camp),01/22/2013,9,§C,0,
0450401,Estanys de Banyoles,045040100,QLSup - Estanys de Banyoles,480010,4663228,pH,03/18/2013,7.9,u.pH,,
0450401,Estanys de Banyoles,045040100,QLSup - Estanys de Banyoles,480010,4663228,Suma d'anions,03/18/2013,17.0702,meq/L,,
0450401,Estanys de Banyoles,045040100,QLSup - Estanys de Banyoles,480010,4663228,Suma de cations,03/18/2013,16.1551,meq/L,,
0450401,Estanys de Banyoles,045040100,QLSup - Estanys de Banyoles,480010,4663228,Conductivitat (camp),03/18/2013,1448,æS/cm,0,
0450401,Estanys de Banyoles,045040100,QLSup - Estanys de Banyoles,480010,4663228,Oxigen dissolt (camp),03/18/2013,10.4,mg/L,0,
0450401,Estanys de Banyoles,045040100,QLSup - Estanys de Banyoles,480010,4663228,% Saturaci¢ d'oxigen (camp),03/18/2013,97,%,0,
0450401,Estanys de Banyoles,045040100,QLSup - Estanys de Banyoles,480010,4663228,Temperatura de l'aigua (camp),03/18/2013,10,§C,0,
0450401,Estanys de Banyoles,045040100,QLSup - Estanys de Banyoles,480010,4663228,Temperatura de l'aigua (camp),03/18/2013,10,§C,0,
0450401,Estanys de Banyoles,045040100,QLSup - Estanys de Banyoles,480010,4663228,pH,04/11/2013,8.1,u.pH,,
0450401,Estanys de Banyoles,045040100,QLSup - Estanys de Banyoles,480010,4663228,Suma d'anions,04/11/2013,15.3199,meq/L,,
0450401,Estanys de Banyoles,045040100,QLSup - Estanys de Banyoles,480010,4663228,Suma de cations,04/11/2013,16.0538,meq/L,,
0450401,Estanys de Banyoles,045040100,QLSup - Estanys de Banyoles,480010,4663228,Conductivitat (camp),04/11/2013,1352,æS/cm,0,
0450401,Estanys de Banyoles,045040100,QLSup - Estanys de Banyoles,480010,4663228,Temperatura de l'aigua (camp),04/11/2013,14,§C,0,
0450401,Estanys de Banyoles,045040100,QLSup - Estanys de Banyoles,480010,4663228,Temperatura de l'aigua (camp),04/11/2013,14,§C,0,
0450401,Estanys de Banyoles,045040100,QLSup - Estanys de Banyoles,480010,4663228,pH,06/25/2013,8,u.pH,,
0450401,Estanys de Banyoles,045040100,QLSup - Estanys de Banyoles,480010,4663228,Suma d'anions,06/25/2013,15.0343,meq/L,,
0450401,Estanys de Banyoles,045040100,QLSup - Estanys de Banyoles,480010,4663228,Suma de cations,06/25/2013,15.9956,meq/L,,
0450401,Estanys de Banyoles,045040100,QLSup - Estanys de Banyoles,480010,4663228,Conductivitat (camp),06/25/2013,1303,æS/cm,0,
0450401,Estanys de Banyoles,045040100,QLSup - Estanys de Banyoles,480010,4663228,Temperatura de l'aigua (camp),06/25/2013,23,§C,0,
0450401,Estanys de Banyoles,045040100,QLSup - Estanys de Banyoles,480010,4663228,Temperatura de l'aigua (camp),06/25/2013,23,§C,0,
0450401,Estanys de Banyoles,045040100,QLSup - Estanys de Banyoles,480010,4663228,pH,07/03/2013,8.1,u.pH,,
0450401,Estanys de Banyoles,045040100,QLSup - Estanys de Banyoles,480010,4663228,Suma d'anions,07/03/2013,14.8654,meq/L,,
0450401,Estanys de Banyoles,045040100,QLSup - Estanys de Banyoles,480010,4663228,Suma de cations,07/03/2013,14.7926,meq/L,,
0450401,Estanys de Banyoles,045040100,QLSup - Estanys de Banyoles,480010,4663228,Conductivitat (camp),07/03/2013,1306,æS/cm,0,
0450401,Estanys de Banyoles,045040100,QLSup - Estanys de Banyoles,480010,4663228,Temperatura de l'aigua (camp),07/03/2013,24,§C,0,
0450401,Estanys de Banyoles,045040100,QLSup - Estanys de Banyoles,480010,4663228,Temperatura de l'aigua (camp),07/03/2013,24,§C,0,
0450401,Estanys de Banyoles,045040100,QLSup - Estanys de Banyoles,480010,4663228,pH,09/23/2013,8,u.pH,,
0450401,Estanys de Banyoles,045040100,QLSup - Estanys de Banyoles,480010,4663228,Suma d'anions,09/23/2013,15.4859,meq/L,,
0450401,Estanys de Banyoles,045040100,QLSup - Estanys de Banyoles,480010,4663228,Suma de cations,09/23/2013,15.6007,meq/L,,
0450401,Estanys de Banyoles,045040100,QLSup - Estanys de Banyoles,480010,4663228,Conductivitat (camp),09/23/2013,1323,æS/cm,0,
0450401,Estanys de Banyoles,045040100,QLSup - Estanys de Banyoles,480010,4663228,Temperatura de l'aigua (camp),09/23/2013,22,§C,0,
0450401,Estanys de Banyoles,045040100,QLSup - Estanys de Banyoles,480010,4663228,Temperatura de l'aigua (camp),09/23/2013,22,§C,0,
0450401,Estanys de Banyoles,045040100,QLSup - Estanys de Banyoles,480010,4663228,pH,10/22/2013,7.7,u.pH,,
0450401,Estanys de Banyoles,045040100,QLSup - Estanys de Banyoles,480010,4663228,Suma d'anions,10/22/2013,15.7226,meq/L,,
0450401,Estanys de Banyoles,045040100,QLSup - Estanys de Banyoles,480010,4663228,Suma de cations,10/22/2013,14.5536,meq/L,,
0450401,Estanys de Banyoles,045040100,QLSup - Estanys de Banyoles,480010,4663228,Conductivitat (camp),10/22/2013,1349,æS/cm,0,
0450401,Estanys de Banyoles,045040100,QLSup - Estanys de Banyoles,480010,4663228,Temperatura de l'aigua (camp),10/22/2013,19,§C,0,
0450401,Estanys de Banyoles,045040100,QLSup - Estanys de Banyoles,480010,4663228,Temperatura de l'aigua (camp),10/22/2013,19,§C,0,
0450401,Estanys de Banyoles,045040100,QLSup - Estanys de Banyoles,480010,4663228,pH,12/12/2013,7.9,u.pH,,
0450401,Estanys de Banyoles,045040100,QLSup - Estanys de Banyoles,480010,4663228,Suma d'anions,12/12/2013,15.8158,meq/L,,
0450401,Estanys de Banyoles,045040100,QLSup - Estanys de Banyoles,480010,4663228,Suma de cations,12/12/2013,15.8819,meq/L,,
0450401,Estanys de Banyoles,045040100,QLSup - Estanys de Banyoles,480010,4663228,Conductivitat (camp),12/12/2013,1487,æS/cm,0,
0450401,Estanys de Banyoles,045040100,QLSup - Estanys de Banyoles,480010,4663228,Temperatura de l'aigua (camp),12/12/2013,11,§C,0,
0450401,Estanys de Banyoles,045040100,QLSup - Estanys de Banyoles,480010,4663228,Temperatura de l'aigua (camp),12/12/2013,11,§C,0,
0450401,Estanys de Banyoles,045040100,QLSup - Estanys de Banyoles,480010,4663228,pH,01/27/2014,7.7,u.pH,,
0450401,Estanys de Banyoles,045040100,QLSup - Estanys de Banyoles,480010,4663228,Suma d'anions,01/27/2014,15.3876,meq/L,,
0450401,Estanys de Banyoles,045040100,QLSup - Estanys de Banyoles,480010,4663228,Suma de cations,01/27/2014,15.6334,meq/L,,
0450401,Estanys de Banyoles,045040100,QLSup - Estanys de Banyoles,480010,4663228,Conductivitat (camp),01/27/2014,1484,æS/cm,0,
0450401,Estanys de Banyoles,045040100,QLSup - Estanys de Banyoles,480010,4663228,Temperatura de l'aigua (camp),01/27/2014,10,§C,0,
0450401,Estanys de Banyoles,045040100,QLSup - Estanys de Banyoles,480010,4663228,Temperatura de l'aigua (camp),01/27/2014,10,§C,0,
0450401,Estanys de Banyoles,045040100,QLSup - Estanys de Banyoles,480010,4663228,pH,03/06/2014,7.4,u.pH,,
0450401,Estanys de Banyoles,045040100,QLSup - Estanys de Banyoles,480010,4663228,Suma d'anions,03/06/2014,15.4325,meq/L,,
0450401,Estanys de Banyoles,045040100,QLSup - Estanys de Banyoles,480010,4663228,Suma de cations,03/06/2014,16.4443,meq/L,,
0450401,Estanys de Banyoles,045040100,QLSup - Estanys de Banyoles,480010,4663228,Conductivitat (camp),03/06/2014,1405,æS/cm,0,
0450401,Estanys de Banyoles,045040100,QLSup - Estanys de Banyoles,480010,4663228,Temperatura de l'aigua (camp),03/06/2014,10,§C,0,
0450401,Estanys de Banyoles,045040100,QLSup - Estanys de Banyoles,480010,4663228,Temperatura de l'aigua (camp),03/06/2014,10,§C,0,
0450401,Estanys de Banyoles,045040100,QLSup - Estanys de Banyoles,480010,4663228,pH,04/07/2014,7.8,u.pH,,
0450401,Estanys de Banyoles,045040100,QLSup - Estanys de Banyoles,480010,4663228,Suma d'anions,04/07/2014,16.3421,meq/L,,
0450401,Estanys de Banyoles,045040100,QLSup - Estanys de Banyoles,480010,4663228,Suma de cations,04/07/2014,17.044,meq/L,,
0450401,Estanys de Banyoles,045040100,QLSup - Estanys de Banyoles,480010,4663228,Conductivitat (camp),04/07/2014,1356,æS/cm,0,
0450401,Estanys de Banyoles,045040100,QLSup - Estanys de Banyoles,480010,4663228,Temperatura de l'aigua (camp),04/07/2014,16,§C,0,
0450401,Estanys de Banyoles,045040100,QLSup - Estanys de Banyoles,480010,4663228,Temperatura de l'aigua (camp),04/07/2014,16,§C,0,
0450401,Estanys de Banyoles,045040100,QLSup - Estanys de Banyoles,480010,4663228,pH,06/17/2014,7.7,u.pH,,
0450401,Estanys de Banyoles,045040100,QLSup - Estanys de Banyoles,480010,4663228,Suma d'anions,06/17/2014,16.9316,meq/L,,
0450401,Estanys de Banyoles,045040100,QLSup - Estanys de Banyoles,480010,4663228,Suma de cations,06/17/2014,16.1935,meq/L,,
0450401,Estanys de Banyoles,045040100,QLSup - Estanys de Banyoles,480010,4663228,Conductivitat (camp),06/17/2014,1287,æS/cm,0,
0450401,Estanys de Banyoles,045040100,QLSup - Estanys de Banyoles,480010,4663228,Temperatura de l'aigua (camp),06/17/2014,23,§C,0,
0450401,Estanys de Banyoles,045040100,QLSup - Estanys de Banyoles,480010,4663228,Temperatura de l'aigua (camp),06/17/2014,23,§C,0,
0450401,Estanys de Banyoles,045040100,QLSup - Estanys de Banyoles,480010,4663228,pH,07/03/2014,7.7,u.pH,,
0450401,Estanys de Banyoles,045040100,QLSup - Estanys de Banyoles,480010,4663228,Suma d'anions,07/03/2014,15.8816,meq/L,,
0450401,Estanys de Banyoles,045040100,QLSup - Estanys de Banyoles,480010,4663228,Suma de cations,07/03/2014,16.7441,meq/L,,
0450401,Estanys de Banyoles,045040100,QLSup - Estanys de Banyoles,480010,4663228,Conductivitat (camp),07/03/2014,1304,æS/cm,0,
0450401,Estanys de Banyoles,045040100,QLSup - Estanys de Banyoles,480010,4663228,Temperatura de l'aigua (camp),07/03/2014,24,§C,0,
0450401,Estanys de Banyoles,045040100,QLSup - Estanys de Banyoles,480010,4663228,Temperatura de l'aigua (camp),07/03/2014,24,§C,0,
0450401,Estanys de Banyoles,045040100,QLSup - Estanys de Banyoles,480010,4663228,pH,09/09/2014,7.7,u.pH,,
0450401,Estanys de Banyoles,045040100,QLSup - Estanys de Banyoles,480010,4663228,Suma d'anions,09/09/2014,13.6604,meq/L,,
0450401,Estanys de Banyoles,045040100,QLSup - Estanys de Banyoles,480010,4663228,Suma de cations,09/09/2014,14.8023,meq/L,,
0450401,Estanys de Banyoles,045040100,QLSup - Estanys de Banyoles,480010,4663228,Conductivitat (camp),09/09/2014,1276,æS/cm,0,
0450401,Estanys de Banyoles,045040100,QLSup - Estanys de Banyoles,480010,4663228,Temperatura de l'aigua (camp),09/09/2014,25,§C,0,
0450401,Estanys de Banyoles,045040100,QLSup - Estanys de Banyoles,480010,4663228,Temperatura de l'aigua (camp),09/09/2014,25,§C,0,
0450401,Estanys de Banyoles,045040100,QLSup - Estanys de Banyoles,480010,4663228,pH,10/27/2014,7.7,u.pH,,
0450401,Estanys de Banyoles,045040100,QLSup - Estanys de Banyoles,480010,4663228,Suma d'anions,10/27/2014,14.6191,meq/L,,
0450401,Estanys de Banyoles,045040100,QLSup - Estanys de Banyoles,480010,4663228,Suma de cations,10/27/2014,13.514,meq/L,,
0450401,Estanys de Banyoles,045040100,QLSup - Estanys de Banyoles,480010,4663228,Conductivitat (camp),10/27/2014,1310,æS/cm,0,
0450401,Estanys de Banyoles,045040100,QLSup - Estanys de Banyoles,480010,4663228,Temperatura de l'aigua (camp),10/27/2014,20,§C,0,
0450401,Estanys de Banyoles,045040100,QLSup - Estanys de Banyoles,480010,4663228,Temperatura de l'aigua (camp),10/27/2014,20,§C,0,
0450401,Estanys de Banyoles,045040100,QLSup - Estanys de Banyoles,480010,4663228,pH,12/03/2014,7.7,u.pH,,
0450401,Estanys de Banyoles,045040100,QLSup - Estanys de Banyoles,480010,4663228,Suma d'anions,12/03/2014,15.4836,meq/L,,
0450401,Estanys de Banyoles,045040100,QLSup - Estanys de Banyoles,480010,4663228,Suma de cations,12/03/2014,15.596,meq/L,,
0450401,Estanys de Banyoles,045040100,QLSup - Estanys de Banyoles,480010,4663228,Conductivitat (camp),12/03/2014,1312,æS/cm,0,
0450401,Estanys de Banyoles,045040100,QLSup - Estanys de Banyoles,480010,4663228,Temperatura de l'aigua (camp),12/03/2014,15,§C,0,
0450401,Estanys de Banyoles,045040100,QLSup - Estanys de Banyoles,480010,4663228,Temperatura de l'aigua (camp),12/03/2014,15,§C,0,
0450401,Estanys de Banyoles,045040100,QLSup - Estanys de Banyoles,480010,4663228,pH,01/21/2015,7.8,u.pH,,
0450401,Estanys de Banyoles,045040100,QLSup - Estanys de Banyoles,480010,4663228,Suma d'anions,01/21/2015,16.5063,meq/L,,
0450401,Estanys de Banyoles,045040100,QLSup - Estanys de Banyoles,480010,4663228,Suma de cations,01/21/2015,17.569,meq/L,,
0450401,Estanys de Banyoles,045040100,QLSup - Estanys de Banyoles,480010,4663228,Conductivitat (camp),01/21/2015,1317,æS/cm,0,
0450401,Estanys de Banyoles,045040100,QLSup - Estanys de Banyoles,480010,4663228,Temperatura de l'aigua (camp),01/21/2015,12,§C,0,
0450401,Estanys de Banyoles,045040100,QLSup - Estanys de Banyoles,480010,4663228,Temperatura de l'aigua (camp),01/21/2015,12,§C,0,
0450401,Estanys de Banyoles,045040100,QLSup - Estanys de Banyoles,480010,4663228,pH,03/02/2015,8.1,u.pH,,
0450401,Estanys de Banyoles,045040100,QLSup - Estanys de Banyoles,480010,4663228,Suma d'anions,03/02/2015,17.17,meq/L,,
0450401,Estanys de Banyoles,045040100,QLSup - Estanys de Banyoles,480010,4663228,Suma de cations,03/02/2015,16.5763,meq/L,,
0450401,Estanys de Banyoles,045040100,QLSup - Estanys de Banyoles,480010,4663228,Conductivitat (camp),03/02/2015,1339,æS/cm,0,
0450401,Estanys de Banyoles,045040100,QLSup - Estanys de Banyoles,480010,4663228,Temperatura de l'aigua (camp),03/02/2015,11,§C,0,
0450401,Estanys de Banyoles,045040100,QLSup - Estanys de Banyoles,480010,4663228,Temperatura de l'aigua (camp),03/02/2015,11,§C,0,
0450401,Estanys de Banyoles,045040100,QLSup - Estanys de Banyoles,480010,4663228,pH,04/14/2015,8.1,u.pH,,
0450401,Estanys de Banyoles,045040100,QLSup - Estanys de Banyoles,480010,4663228,Suma d'anions,04/14/2015,16.3431,meq/L,,
0450401,Estanys de Banyoles,045040100,QLSup - Estanys de Banyoles,480010,4663228,Suma de cations,04/14/2015,16.2699,meq/L,,
0450401,Estanys de Banyoles,045040100,QLSup - Estanys de Banyoles,480010,4663228,Conductivitat (camp),04/14/2015,1303,æS/cm,0,
0450401,Estanys de Banyoles,045040100,QLSup - Estanys de Banyoles,480010,4663228,Temperatura de l'aigua (camp),04/14/2015,17,§C,0,
0450401,Estanys de Banyoles,045040100,QLSup - Estanys de Banyoles,480010,4663228,Temperatura de l'aigua (camp),04/14/2015,17,§C,0,
0450401,Estanys de Banyoles,045040100,QLSup - Estanys de Banyoles,480010,4663228,pH,06/30/2015,7.7,u.pH,,
0450401,Estanys de Banyoles,045040100,QLSup - Estanys de Banyoles,480010,4663228,Suma d'anions,06/30/2015,14.9828,meq/L,,
0450401,Estanys de Banyoles,045040100,QLSup - Estanys de Banyoles,480010,4663228,Suma de cations,06/30/2015,16.1404,meq/L,,
0450401,Estanys de Banyoles,045040100,QLSup - Estanys de Banyoles,480010,4663228,Conductivitat (camp),06/30/2015,1271,æS/cm,0,
0450401,Estanys de Banyoles,045040100,QLSup - Estanys de Banyoles,480010,4663228,Temperatura de l'aigua (camp),06/30/2015,26,§C,0,
0450401,Estanys de Banyoles,045040100,QLSup - Estanys de Banyoles,480010,4663228,Temperatura de l'aigua (camp),06/30/2015,26,§C,0,
0450401,Estanys de Banyoles,045040100,QLSup - Estanys de Banyoles,480010,4663228,pH,07/06/2015,7.4,u.pH,,
0450401,Estanys de Banyoles,045040100,QLSup - Estanys de Banyoles,480010,4663228,Suma d'anions,07/06/2015,16.8629,meq/L,,
0450401,Estanys de Banyoles,045040100,QLSup - Estanys de Banyoles,480010,4663228,Suma de cations,07/06/2015,16.7752,meq/L,,
0450401,Estanys de Banyoles,045040100,QLSup - Estanys de Banyoles,480010,4663228,Conductivitat (camp),07/06/2015,1271,æS/cm,0,
0450401,Estanys de Banyoles,045040100,QLSup - Estanys de Banyoles,480010,4663228,Temperatura de l'aigua (camp),07/06/2015,27,§C,0,
0450401,Estanys de Banyoles,045040100,QLSup - Estanys de Banyoles,480010,4663228,Temperatura de l'aigua (camp),07/06/2015,27,§C,0,
0450401,Estanys de Banyoles,045040100,QLSup - Estanys de Banyoles,480010,4663228,Clorofilúla a (camp),08/10/2015 12:11:00,1.2,mg/m3,0,Perfil amb sonda
0450401,Estanys de Banyoles,045040100,QLSup - Estanys de Banyoles,480010,4663228,Oxigen dissolt (camp),08/10/2015 12:12:00,8.5,mg/L,0,
0450401,Estanys de Banyoles,045040100,QLSup - Estanys de Banyoles,480010,4663228,% Saturaci¢ d'oxigen (camp),08/10/2015 12:12:00,108.4,%,0,
0450401,Estanys de Banyoles,045040100,QLSup - Estanys de Banyoles,480010,4663228,Temperatura de l'aigua (camp),08/10/2015 12:12:00,27.7,§C,0,
0450401,Estanys de Banyoles,045040100,QLSup - Estanys de Banyoles,480010,4663228,Clorofilúla a (camp),08/10/2015 12:12:00,1.3,mg/m3,0,S
0450401,Estanys de Banyoles,045040100,QLSup - Estanys de Banyoles,480010,4663228,Clorofilúla a (camp),08/10/2015 12:12:00,1.4,mg/m3,5,Mostra integrada 0-10 m
0450401,Estanys de Banyoles,045040100,QLSup - Estanys de Banyoles,480010,4663228,Temperatura de l'aigua (camp),08/10/2015 12:12:00,27.7,§C,0,Perfil amb sonda
0450401,Estanys de Banyoles,045040100,QLSup - Estanys de Banyoles,480010,4663228,Oxigen dissolt (camp),08/10/2015 12:13:00,8.5,mg/L,1,
0450401,Estanys de Banyoles,045040100,QLSup - Estanys de Banyoles,480010,4663228,% Saturaci¢ d'oxigen (camp),08/10/2015 12:13:00,108.6,%,1,
0450401,Estanys de Banyoles,045040100,QLSup - Estanys de Banyoles,480010,4663228,Temperatura de l'aigua (camp),08/10/2015 12:13:00,27.7,§C,1,
0450401,Estanys de Banyoles,045040100,QLSup - Estanys de Banyoles,480010,4663228,Clorofilúla a (camp),08/10/2015 12:13:00,1.6,mg/m3,1,Perfil amb sonda
0450401,Estanys de Banyoles,045040100,QLSup - Estanys de Banyoles,480010,4663228,Temperatura de l'aigua (camp),08/10/2015 12:13:00,27.7,§C,1,Perfil amb sonda
0450401,Estanys de Banyoles,045040100,QLSup - Estanys de Banyoles,480010,4663228,Oxigen dissolt (camp),08/10/2015 12:14:00,8.7,mg/L,2,
0450401,Estanys de Banyoles,045040100,QLSup - Estanys de Banyoles,480010,4663228,Oxigen dissolt (camp),08/10/2015 12:14:00,8.7,mg/L,3,
0450401,Estanys de Banyoles,045040100,QLSup - Estanys de Banyoles,480010,4663228,% Saturaci¢ d'oxigen (camp),08/10/2015 12:14:00,109.9,%,2,
0450401,Estanys de Banyoles,045040100,QLSup - Estanys de Banyoles,480010,4663228,% Saturaci¢ d'oxigen (camp),08/10/2015 12:14:00,110.1,%,3,
0450401,Estanys de Banyoles,045040100,QLSup - Estanys de Banyoles,480010,4663228,Temperatura de l'aigua (camp),08/10/2015 12:14:00,27.4,§C,2,
0450401,Estanys de Banyoles,045040100,QLSup - Estanys de Banyoles,480010,4663228,Temperatura de l'aigua (camp),08/10/2015 12:14:00,27.4,§C,3,
0450401,Estanys de Banyoles,045040100,QLSup - Estanys de Banyoles,480010,4663228,Clorofilúla a (camp),08/10/2015 12:14:00,1.1,mg/m3,2,Perfil amb sonda
0450401,Estanys de Banyoles,045040100,QLSup - Estanys de Banyoles,480010,4663228,Clorofilúla a (camp),08/10/2015 12:14:00,0.9,mg/m3,3,Perfil amb sonda
0450401,Estanys de Banyoles,045040100,QLSup - Estanys de Banyoles,480010,4663228,Temperatura de l'aigua (camp),08/10/2015 12:14:00,27.4,§C,2,Perfil amb sonda
0450401,Estanys de Banyoles,045040100,QLSup - Estanys de Banyoles,480010,4663228,Temperatura de l'aigua (camp),08/10/2015 12:14:00,27.4,§C,3,Perfil amb sonda
0450401,Estanys de Banyoles,045040100,QLSup - Estanys de Banyoles,480010,4663228,Oxigen dissolt (camp),08/10/2015 12:15:00,8.7,mg/L,4,
0450401,Estanys de Banyoles,045040100,QLSup - Estanys de Banyoles,480010,4663228,Oxigen dissolt (camp),08/10/2015 12:15:00,8.5,mg/L,5,
0450401,Estanys de Banyoles,045040100,QLSup - Estanys de Banyoles,480010,4663228,% Saturaci¢ d'oxigen (camp),08/10/2015 12:15:00,109.8,%,4,
0450401,Estanys de Banyoles,045040100,QLSup - Estanys de Banyoles,480010,4663228,% Saturaci¢ d'oxigen (camp),08/10/2015 12:15:00,107.6,%,5,
0450401,Estanys de Banyoles,045040100,QLSup - Estanys de Banyoles,480010,4663228,Temperatura de l'aigua (camp),08/10/2015 12:15:00,27.3,§C,4,
0450401,Estanys de Banyoles,045040100,QLSup - Estanys de Banyoles,480010,4663228,Temperatura de l'aigua (camp),08/10/2015 12:15:00,27.3,§C,5,
0450401,Estanys de Banyoles,045040100,QLSup - Estanys de Banyoles,480010,4663228,Clorofilúla a (camp),08/10/2015 12:15:00,0.9,mg/m3,4,Perfil amb sonda
0450401,Estanys de Banyoles,045040100,QLSup - Estanys de Banyoles,480010,4663228,Clorofilúla a (camp),08/10/2015 12:15:00,1.2,mg/m3,5,Perfil amb sonda
0450401,Estanys de Banyoles,045040100,QLSup - Estanys de Banyoles,480010,4663228,Temperatura de l'aigua (camp),08/10/2015 12:15:00,27.3,§C,4,Perfil amb sonda
0450401,Estanys de Banyoles,045040100,QLSup - Estanys de Banyoles,480010,4663228,Temperatura de l'aigua (camp),08/10/2015 12:15:00,27.3,§C,5,Perfil amb sonda
0450401,Estanys de Banyoles,045040100,QLSup - Estanys de Banyoles,480010,4663228,Oxigen dissolt (camp),08/10/2015 12:17:00,12.7,mg/L,6,
0450401,Estanys de Banyoles,045040100,QLSup - Estanys de Banyoles,480010,4663228,% Saturaci¢ d'oxigen (camp),08/10/2015 12:17:00,157.5,%,6,
0450401,Estanys de Banyoles,045040100,QLSup - Estanys de Banyoles,480010,4663228,Temperatura de l'aigua (camp),08/10/2015 12:17:00,26,§C,6,
0450401,Estanys de Banyoles,045040100,QLSup - Estanys de Banyoles,480010,4663228,Clorofilúla a (camp),08/10/2015 12:17:00,2.2,mg/m3,6,Perfil amb sonda
0450401,Estanys de Banyoles,045040100,QLSup - Estanys de Banyoles,480010,4663228,Temperatura de l'aigua (camp),08/10/2015 12:17:00,26,§C,6,Perfil amb sonda
0450401,Estanys de Banyoles,045040100,QLSup - Estanys de Banyoles,480010,4663228,Oxigen dissolt (camp),08/10/2015 12:18:00,13.3,mg/L,7,
0450401,Estanys de Banyoles,045040100,QLSup - Estanys de Banyoles,480010,4663228,% Saturaci¢ d'oxigen (camp),08/10/2015 12:18:00,155.7,%,7,
0450401,Estanys de Banyoles,045040100,QLSup - Estanys de Banyoles,480010,4663228,Temperatura de l'aigua (camp),08/10/2015 12:18:00,23.2,§C,7,
0450401,Estanys de Banyoles,045040100,QLSup - Estanys de Banyoles,480010,4663228,Clorofilúla a (camp),08/10/2015 12:18:00,3.9,mg/m3,7,Perfil amb sonda
0450401,Estanys de Banyoles,045040100,QLSup - Estanys de Banyoles,480010,4663228,Temperatura de l'aigua (camp),08/10/2015 12:18:00,23.2,§C,7,Perfil amb sonda
0450401,Estanys de Banyoles,045040100,QLSup - Estanys de Banyoles,480010,4663228,Oxigen dissolt (camp),08/10/2015 12:19:00,10.8,mg/L,8,
0450401,Estanys de Banyoles,045040100,QLSup - Estanys de Banyoles,480010,4663228,% Saturaci¢ d'oxigen (camp),08/10/2015 12:19:00,118.3,%,8,
0450401,Estanys de Banyoles,045040100,QLSup - Estanys de Banyoles,480010,4663228,Temperatura de l'aigua (camp),08/10/2015 12:19:00,19.3,§C,8,
0450401,Estanys de Banyoles,045040100,QLSup - Estanys de Banyoles,480010,4663228,Clorofilúla a (camp),08/10/2015 12:19:00,6.1,mg/m3,8,Perfil amb sonda
0450401,Estanys de Banyoles,045040100,QLSup - Estanys de Banyoles,480010,4663228,Temperatura de l'aigua (camp),08/10/2015 12:19:00,19.3,§C,8,Perfil amb sonda
0450401,Estanys de Banyoles,045040100,QLSup - Estanys de Banyoles,480010,4663228,Oxigen dissolt (camp),08/10/2015 12:20:00,7.3,mg/L,9,
0450401,Estanys de Banyoles,045040100,QLSup - Estanys de Banyoles,480010,4663228,% Saturaci¢ d'oxigen (camp),08/10/2015 12:20:00,76.7,%,9,
0450401,Estanys de Banyoles,045040100,QLSup - Estanys de Banyoles,480010,4663228,Temperatura de l'aigua (camp),08/10/2015 12:20:00,17.8,§C,9,
0450401,Estanys de Banyoles,045040100,QLSup - Estanys de Banyoles,480010,4663228,Clorofilúla a (camp),08/10/2015 12:20:00,4.2,mg/m3,9,Perfil amb sonda
0450401,Estanys de Banyoles,045040100,QLSup - Estanys de Banyoles,480010,4663228,Temperatura de l'aigua (camp),08/10/2015 12:20:00,17.8,§C,9,Perfil amb sonda
0450401,Estanys de Banyoles,045040100,QLSup - Estanys de Banyoles,480010,4663228,Oxigen dissolt (camp),08/10/2015 12:22:00,4.9,mg/L,10,
0450401,Estanys de Banyoles,045040100,QLSup - Estanys de Banyoles,480010,4663228,Oxigen dissolt (camp),08/10/2015 12:22:00,4.3,mg/L,11,
0450401,Estanys de Banyoles,045040100,QLSup - Estanys de Banyoles,480010,4663228,% Saturaci¢ d'oxigen (camp),08/10/2015 12:22:00,50.8,%,10,
0450401,Estanys de Banyoles,045040100,QLSup - Estanys de Banyoles,480010,4663228,% Saturaci¢ d'oxigen (camp),08/10/2015 12:22:00,44.4,%,11,
0450401,Estanys de Banyoles,045040100,QLSup - Estanys de Banyoles,480010,4663228,Temperatura de l'aigua (camp),08/10/2015 12:22:00,17,§C,10,
0450401,Estanys de Banyoles,045040100,QLSup - Estanys de Banyoles,480010,4663228,Temperatura de l'aigua (camp),08/10/2015 12:22:00,16.8,§C,11,
0450401,Estanys de Banyoles,045040100,QLSup - Estanys de Banyoles,480010,4663228,Clorofilúla a (camp),08/10/2015 12:22:00,1.1,mg/m3,5,T1
0450401,Estanys de Banyoles,045040100,QLSup - Estanys de Banyoles,480010,4663228,Clorofilúla a (camp),08/10/2015 12:22:00,2.4,mg/m3,10,Perfil amb sonda
0450401,Estanys de Banyoles,045040100,QLSup - Estanys de Banyoles,480010,4663228,Clorofilúla a (camp),08/10/2015 12:22:00,1.5,mg/m3,11,Perfil amb sonda
0450401,Estanys de Banyoles,045040100,QLSup - Estanys de Banyoles,480010,4663228,Temperatura de l'aigua (camp),08/10/2015 12:22:00,17,§C,10,Perfil amb sonda
0450401,Estanys de Banyoles,045040100,QLSup - Estanys de Banyoles,480010,4663228,Temperatura de l'aigua (camp),08/10/2015 12:22:00,16.8,§C,11,Perfil amb sonda
0450401,Estanys de Banyoles,045040100,QLSup - Estanys de Banyoles,480010,4663228,Oxigen dissolt (camp),08/10/2015 12:23:00,4,mg/L,12,
0450401,Estanys de Banyoles,045040100,QLSup - Estanys de Banyoles,480010,4663228,Oxigen dissolt (camp),08/10/2015 12:23:00,3.9,mg/L,13,
0450401,Estanys de Banyoles,045040100,QLSup - Estanys de Banyoles,480010,4663228,% Saturaci¢ d'oxigen (camp),08/10/2015 12:23:00,41.6,%,12,
0450401,Estanys de Banyoles,045040100,QLSup - Estanys de Banyoles,480010,4663228,% Saturaci¢ d'oxigen (camp),08/10/2015 12:23:00,40.7,%,13,
0450401,Estanys de Banyoles,045040100,QLSup - Estanys de Banyoles,480010,4663228,Temperatura de l'aigua (camp),08/10/2015 12:23:00,16.7,§C,12,
0450401,Estanys de Banyoles,045040100,QLSup - Estanys de Banyoles,480010,4663228,Temperatura de l'aigua (camp),08/10/2015 12:23:00,16.7,§C,13,
0450401,Estanys de Banyoles,045040100,QLSup - Estanys de Banyoles,480010,4663228,Clorofilúla a (camp),08/10/2015 12:23:00,1.1,mg/m3,12,Perfil amb sonda
0450401,Estanys de Banyoles,045040100,QLSup - Estanys de Banyoles,480010,4663228,Clorofilúla a (camp),08/10/2015 12:23:00,0.4,mg/m3,13,Perfil amb sonda
0450401,Estanys de Banyoles,045040100,QLSup - Estanys de Banyoles,480010,4663228,Temperatura de l'aigua (camp),08/10/2015 12:23:00,16.7,§C,12,Perfil amb sonda
0450401,Estanys de Banyoles,045040100,QLSup - Estanys de Banyoles,480010,4663228,Temperatura de l'aigua (camp),08/10/2015 12:23:00,16.7,§C,13,Perfil amb sonda
0450401,Estanys de Banyoles,045040100,QLSup - Estanys de Banyoles,480010,4663228,Oxigen dissolt (camp),08/10/2015 12:24:00,3.9,mg/L,14,
0450401,Estanys de Banyoles,045040100,QLSup - Estanys de Banyoles,480010,4663228,Oxigen dissolt (camp),08/10/2015 12:24:00,3.7,mg/L,15,
0450401,Estanys de Banyoles,045040100,QLSup - Estanys de Banyoles,480010,4663228,Oxigen dissolt (camp),08/10/2015 12:24:00,3.6,mg/L,16,
0450401,Estanys de Banyoles,045040100,QLSup - Estanys de Banyoles,480010,4663228,% Saturaci¢ d'oxigen (camp),08/10/2015 12:24:00,39.9,%,14,
0450401,Estanys de Banyoles,045040100,QLSup - Estanys de Banyoles,480010,4663228,% Saturaci¢ d'oxigen (camp),08/10/2015 12:24:00,37.7,%,15,
0450401,Estanys de Banyoles,045040100,QLSup - Estanys de Banyoles,480010,4663228,% Saturaci¢ d'oxigen (camp),08/10/2015 12:24:00,37.2,%,16,
0450401,Estanys de Banyoles,045040100,QLSup - Estanys de Banyoles,480010,4663228,Temperatura de l'aigua (camp),08/10/2015 12:24:00,16.7,§C,14,
0450401,Estanys de Banyoles,045040100,QLSup - Estanys de Banyoles,480010,4663228,Temperatura de l'aigua (camp),08/10/2015 12:24:00,16.7,§C,15,
0450401,Estanys de Banyoles,045040100,QLSup - Estanys de Banyoles,480010,4663228,Temperatura de l'aigua (camp),08/10/2015 12:24:00,16.7,§C,16,
0450401,Estanys de Banyoles,045040100,QLSup - Estanys de Banyoles,480010,4663228,Clorofilúla a (camp),08/10/2015 12:24:00,1.9,mg/m3,11,T2
0450401,Estanys de Banyoles,045040100,QLSup - Estanys de Banyoles,480010,4663228,Clorofilúla a (camp),08/10/2015 12:24:00,1.3,mg/m3,14,Perfil amb sonda
0450401,Estanys de Banyoles,045040100,QLSup - Estanys de Banyoles,480010,4663228,Clorofilúla a (camp),08/10/2015 12:24:00,1.4,mg/m3,15,Perfil amb sonda
0450401,Estanys de Banyoles,045040100,QLSup - Estanys de Banyoles,480010,4663228,Clorofilúla a (camp),08/10/2015 12:24:00,0.9,mg/m3,16,Perfil amb sonda
0450401,Estanys de Banyoles,045040100,QLSup - Estanys de Banyoles,480010,4663228,Temperatura de l'aigua (camp),08/10/2015 12:24:00,16.7,§C,14,Perfil amb sonda
0450401,Estanys de Banyoles,045040100,QLSup - Estanys de Banyoles,480010,4663228,Temperatura de l'aigua (camp),08/10/2015 12:24:00,16.7,§C,15,Perfil amb sonda
0450401,Estanys de Banyoles,045040100,QLSup - Estanys de Banyoles,480010,4663228,Temperatura de l'aigua (camp),08/10/2015 12:24:00,16.7,§C,16,Perfil amb sonda
0450401,Estanys de Banyoles,045040100,QLSup - Estanys de Banyoles,480010,4663228,Oxigen dissolt (camp),08/10/2015 12:25:00,3.5,mg/L,17,
0450401,Estanys de Banyoles,045040100,QLSup - Estanys de Banyoles,480010,4663228,Oxigen dissolt (camp),08/10/2015 12:25:00,3.5,mg/L,18,
0450401,Estanys de Banyoles,045040100,QLSup - Estanys de Banyoles,480010,4663228,% Saturaci¢ d'oxigen (camp),08/10/2015 12:25:00,36.3,%,17,
0450401,Estanys de Banyoles,045040100,QLSup - Estanys de Banyoles,480010,4663228,% Saturaci¢ d'oxigen (camp),08/10/2015 12:25:00,36.2,%,18,
0450401,Estanys de Banyoles,045040100,QLSup - Estanys de Banyoles,480010,4663228,Temperatura de l'aigua (camp),08/10/2015 12:25:00,16.7,§C,17,
0450401,Estanys de Banyoles,045040100,QLSup - Estanys de Banyoles,480010,4663228,Temperatura de l'aigua (camp),08/10/2015 12:25:00,16.7,§C,18,
0450401,Estanys de Banyoles,045040100,QLSup - Estanys de Banyoles,480010,4663228,Clorofilúla a (camp),08/10/2015 12:25:00,0.9,mg/m3,17,Perfil amb sonda
0450401,Estanys de Banyoles,045040100,QLSup - Estanys de Banyoles,480010,4663228,Clorofilúla a (camp),08/10/2015 12:25:00,0.9,mg/m3,18,Perfil amb sonda
0450401,Estanys de Banyoles,045040100,QLSup - Estanys de Banyoles,480010,4663228,Temperatura de l'aigua (camp),08/10/2015 12:25:00,16.7,§C,17,Perfil amb sonda
0450401,Estanys de Banyoles,045040100,QLSup - Estanys de Banyoles,480010,4663228,Temperatura de l'aigua (camp),08/10/2015 12:25:00,16.7,§C,18,Perfil amb sonda
0450401,Estanys de Banyoles,045040100,QLSup - Estanys de Banyoles,480010,4663228,Oxigen dissolt (camp),08/10/2015 12:26:00,3.6,mg/L,19,
0450401,Estanys de Banyoles,045040100,QLSup - Estanys de Banyoles,480010,4663228,Oxigen dissolt (camp),08/10/2015 12:26:00,3.6,mg/L,20,
0450401,Estanys de Banyoles,045040100,QLSup - Estanys de Banyoles,480010,4663228,% Saturaci¢ d'oxigen (camp),08/10/2015 12:26:00,37.3,%,19,
0450401,Estanys de Banyoles,045040100,QLSup - Estanys de Banyoles,480010,4663228,% Saturaci¢ d'oxigen (camp),08/10/2015 12:26:00,36.8,%,20,
0450401,Estanys de Banyoles,045040100,QLSup - Estanys de Banyoles,480010,4663228,Temperatura de l'aigua (camp),08/10/2015 12:26:00,16.7,§C,19,
0450401,Estanys de Banyoles,045040100,QLSup - Estanys de Banyoles,480010,4663228,Temperatura de l'aigua (camp),08/10/2015 12:26:00,16.6,§C,20,
0450401,Estanys de Banyoles,045040100,QLSup - Estanys de Banyoles,480010,4663228,Clorofilúla a (camp),08/10/2015 12:26:00,0.05,mg/m3,19,Perfil amb sonda
0450401,Estanys de Banyoles,045040100,QLSup - Estanys de Banyoles,480010,4663228,Clorofilúla a (camp),08/10/2015 12:26:00,0.6,mg/m3,20,Perfil amb sonda
0450401,Estanys de Banyoles,045040100,QLSup - Estanys de Banyoles,480010,4663228,Temperatura de l'aigua (camp),08/10/2015 12:26:00,16.7,§C,19,Perfil amb sonda
0450401,Estanys de Banyoles,045040100,QLSup - Estanys de Banyoles,480010,4663228,Temperatura de l'aigua (camp),08/10/2015 12:26:00,16.6,§C,20,Perfil amb sonda
0450401,Estanys de Banyoles,045040100,QLSup - Estanys de Banyoles,480010,4663228,Oxigen dissolt (camp),08/10/2015 12:28:00,4.4,mg/L,21,
0450401,Estanys de Banyoles,045040100,QLSup - Estanys de Banyoles,480010,4663228,Oxigen dissolt (camp),08/10/2015 12:28:00,4.9,mg/L,22,
0450401,Estanys de Banyoles,045040100,QLSup - Estanys de Banyoles,480010,4663228,% Saturaci¢ d'oxigen (camp),08/10/2015 12:28:00,41.9,%,21,
0450401,Estanys de Banyoles,045040100,QLSup - Estanys de Banyoles,480010,4663228,% Saturaci¢ d'oxigen (camp),08/10/2015 12:28:00,44.6,%,22,
0450401,Estanys de Banyoles,045040100,QLSup - Estanys de Banyoles,480010,4663228,Temperatura de l'aigua (camp),08/10/2015 12:28:00,13.3,§C,21,
0450401,Estanys de Banyoles,045040100,QLSup - Estanys de Banyoles,480010,4663228,Temperatura de l'aigua (camp),08/10/2015 12:28:00,11.3,§C,22,
0450401,Estanys de Banyoles,045040100,QLSup - Estanys de Banyoles,480010,4663228,Clorofilúla a (camp),08/10/2015 12:28:00,0.6,mg/m3,21,Perfil amb sonda
0450401,Estanys de Banyoles,045040100,QLSup - Estanys de Banyoles,480010,4663228,Clorofilúla a (camp),08/10/2015 12:28:00,0.5,mg/m3,22,Perfil amb sonda
0450401,Estanys de Banyoles,045040100,QLSup - Estanys de Banyoles,480010,4663228,Temperatura de l'aigua (camp),08/10/2015 12:28:00,13.3,§C,21,Perfil amb sonda
0450401,Estanys de Banyoles,045040100,QLSup - Estanys de Banyoles,480010,4663228,Temperatura de l'aigua (camp),08/10/2015 12:28:00,11.3,§C,22,Perfil amb sonda
0450401,Estanys de Banyoles,045040100,QLSup - Estanys de Banyoles,480010,4663228,Oxigen dissolt (camp),08/10/2015 12:29:00,5.1,mg/L,23,
0450401,Estanys de Banyoles,045040100,QLSup - Estanys de Banyoles,480010,4663228,Oxigen dissolt (camp),08/10/2015 12:29:00,5.1,mg/L,24,
0450401,Estanys de Banyoles,045040100,QLSup - Estanys de Banyoles,480010,4663228,% Saturaci¢ d'oxigen (camp),08/10/2015 12:29:00,46.3,%,23,
0450401,Estanys de Banyoles,045040100,QLSup - Estanys de Banyoles,480010,4663228,% Saturaci¢ d'oxigen (camp),08/10/2015 12:29:00,46.9,%,24,
0450401,Estanys de Banyoles,045040100,QLSup - Estanys de Banyoles,480010,4663228,Temperatura de l'aigua (camp),08/10/2015 12:29:00,11.2,§C,23,
0450401,Estanys de Banyoles,045040100,QLSup - Estanys de Banyoles,480010,4663228,Temperatura de l'aigua (camp),08/10/2015 12:29:00,11.1,§C,24,
0450401,Estanys de Banyoles,045040100,QLSup - Estanys de Banyoles,480010,4663228,Clorofilúla a (camp),08/10/2015 12:29:00,0.2,mg/m3,23,Perfil amb sonda
0450401,Estanys de Banyoles,045040100,QLSup - Estanys de Banyoles,480010,4663228,Clorofilúla a (camp),08/10/2015 12:29:00,0.3,mg/m3,24,Perfil amb sonda
0450401,Estanys de Banyoles,045040100,QLSup - Estanys de Banyoles,480010,4663228,Temperatura de l'aigua (camp),08/10/2015 12:29:00,11.2,§C,23,Perfil amb sonda
0450401,Estanys de Banyoles,045040100,QLSup - Estanys de Banyoles,480010,4663228,Temperatura de l'aigua (camp),08/10/2015 12:29:00,11.1,§C,24,Perfil amb sonda
0450401,Estanys de Banyoles,045040100,QLSup - Estanys de Banyoles,480010,4663228,Oxigen dissolt (camp),08/10/2015 12:30:00,5.2,mg/L,25,
0450401,Estanys de Banyoles,045040100,QLSup - Estanys de Banyoles,480010,4663228,Oxigen dissolt (camp),08/10/2015 12:30:00,5.2,mg/L,26,
0450401,Estanys de Banyoles,045040100,QLSup - Estanys de Banyoles,480010,4663228,Oxigen dissolt (camp),08/10/2015 12:30:00,5.2,mg/L,27,
0450401,Estanys de Banyoles,045040100,QLSup - Estanys de Banyoles,480010,4663228,% Saturaci¢ d'oxigen (camp),08/10/2015 12:30:00,47.1,%,25,
0450401,Estanys de Banyoles,045040100,QLSup - Estanys de Banyoles,480010,4663228,% Saturaci¢ d'oxigen (camp),08/10/2015 12:30:00,47.2,%,26,
0450401,Estanys de Banyoles,045040100,QLSup - Estanys de Banyoles,480010,4663228,% Saturaci¢ d'oxigen (camp),08/10/2015 12:30:00,47.3,%,27,
0450401,Estanys de Banyoles,045040100,QLSup - Estanys de Banyoles,480010,4663228,Temperatura de l'aigua (camp),08/10/2015 12:30:00,11.1,§C,25,
0450401,Estanys de Banyoles,045040100,QLSup - Estanys de Banyoles,480010,4663228,Temperatura de l'aigua (camp),08/10/2015 12:30:00,11.1,§C,26,
0450401,Estanys de Banyoles,045040100,QLSup - Estanys de Banyoles,480010,4663228,Temperatura de l'aigua (camp),08/10/2015 12:30:00,11.1,§C,27,
0450401,Estanys de Banyoles,045040100,QLSup - Estanys de Banyoles,480010,4663228,Clorofilúla a (camp),08/10/2015 12:30:00,0.05,mg/m3,25,Perfil amb sonda
0450401,Estanys de Banyoles,045040100,QLSup - Estanys de Banyoles,480010,4663228,Clorofilúla a (camp),08/10/2015 12:30:00,0.1,mg/m3,26,Perfil amb sonda
0450401,Estanys de Banyoles,045040100,QLSup - Estanys de Banyoles,480010,4663228,Clorofilúla a (camp),08/10/2015 12:30:00,0.4,mg/m3,27,Perfil amb sonda
0450401,Estanys de Banyoles,045040100,QLSup - Estanys de Banyoles,480010,4663228,Temperatura de l'aigua (camp),08/10/2015 12:30:00,11.1,§C,25,Perfil amb sonda
0450401,Estanys de Banyoles,045040100,QLSup - Estanys de Banyoles,480010,4663228,Temperatura de l'aigua (camp),08/10/2015 12:30:00,11.1,§C,26,Perfil amb sonda
0450401,Estanys de Banyoles,045040100,QLSup - Estanys de Banyoles,480010,4663228,Temperatura de l'aigua (camp),08/10/2015 12:30:00,11.1,§C,27,Perfil amb sonda
0450401,Estanys de Banyoles,045040100,QLSup - Estanys de Banyoles,480010,4663228,Oxigen dissolt (camp),08/10/2015 12:31:00,5.2,mg/L,28,
0450401,Estanys de Banyoles,045040100,QLSup - Estanys de Banyoles,480010,4663228,Oxigen dissolt (camp),08/10/2015 12:31:00,5.2,mg/L,29,
0450401,Estanys de Banyoles,045040100,QLSup - Estanys de Banyoles,480010,4663228,Oxigen dissolt (camp),08/10/2015 12:31:00,5.2,mg/L,30,
0450401,Estanys de Banyoles,045040100,QLSup - Estanys de Banyoles,480010,4663228,% Saturaci¢ d'oxigen (camp),08/10/2015 12:31:00,47.4,%,28,
0450401,Estanys de Banyoles,045040100,QLSup - Estanys de Banyoles,480010,4663228,% Saturaci¢ d'oxigen (camp),08/10/2015 12:31:00,47.3,%,29,
0450401,Estanys de Banyoles,045040100,QLSup - Estanys de Banyoles,480010,4663228,% Saturaci¢ d'oxigen (camp),08/10/2015 12:31:00,47.3,%,30,
0450401,Estanys de Banyoles,045040100,QLSup - Estanys de Banyoles,480010,4663228,Temperatura de l'aigua (camp),08/10/2015 12:31:00,11.1,§C,28,
0450401,Estanys de Banyoles,045040100,QLSup - Estanys de Banyoles,480010,4663228,Temperatura de l'aigua (camp),08/10/2015 12:31:00,11.1,§C,29,
0450401,Estanys de Banyoles,045040100,QLSup - Estanys de Banyoles,480010,4663228,Temperatura de l'aigua (camp),08/10/2015 12:31:00,11.1,§C,30,
0450401,Estanys de Banyoles,045040100,QLSup - Estanys de Banyoles,480010,4663228,Clorofilúla a (camp),08/10/2015 12:31:00,0.1,mg/m3,28,Perfil amb sonda
0450401,Estanys de Banyoles,045040100,QLSup - Estanys de Banyoles,480010,4663228,Clorofilúla a (camp),08/10/2015 12:31:00,0.4,mg/m3,29,Perfil amb sonda
0450401,Estanys de Banyoles,045040100,QLSup - Estanys de Banyoles,480010,4663228,Clorofilúla a (camp),08/10/2015 12:31:00,0.4,mg/m3,30,Perfil amb sonda
0450401,Estanys de Banyoles,045040100,QLSup - Estanys de Banyoles,480010,4663228,Temperatura de l'aigua (camp),08/10/2015 12:31:00,11.1,§C,28,Perfil amb sonda
0450401,Estanys de Banyoles,045040100,QLSup - Estanys de Banyoles,480010,4663228,Temperatura de l'aigua (camp),08/10/2015 12:31:00,11.1,§C,29,Perfil amb sonda
0450401,Estanys de Banyoles,045040100,QLSup - Estanys de Banyoles,480010,4663228,Temperatura de l'aigua (camp),08/10/2015 12:31:00,11.1,§C,30,Perfil amb sonda
0450401,Estanys de Banyoles,045040100,QLSup - Estanys de Banyoles,480010,4663228,Oxigen dissolt (camp),08/10/2015 12:32:00,5.2,mg/L,31,
0450401,Estanys de Banyoles,045040100,QLSup - Estanys de Banyoles,480010,4663228,Oxigen dissolt (camp),08/10/2015 12:32:00,5.2,mg/L,32,
0450401,Estanys de Banyoles,045040100,QLSup - Estanys de Banyoles,480010,4663228,% Saturaci¢ d'oxigen (camp),08/10/2015 12:32:00,47.3,%,31,
0450401,Estanys de Banyoles,045040100,QLSup - Estanys de Banyoles,480010,4663228,% Saturaci¢ d'oxigen (camp),08/10/2015 12:32:00,47.3,%,32,
0450401,Estanys de Banyoles,045040100,QLSup - Estanys de Banyoles,480010,4663228,Temperatura de l'aigua (camp),08/10/2015 12:32:00,11.1,§C,31,
0450401,Estanys de Banyoles,045040100,QLSup - Estanys de Banyoles,480010,4663228,Temperatura de l'aigua (camp),08/10/2015 12:32:00,11.1,§C,32,
0450401,Estanys de Banyoles,045040100,QLSup - Estanys de Banyoles,480010,4663228,Clorofilúla a (camp),08/10/2015 12:32:00,0.05,mg/m3,31,Perfil amb sonda
0450401,Estanys de Banyoles,045040100,QLSup - Estanys de Banyoles,480010,4663228,Clorofilúla a (camp),08/10/2015 12:32:00,0.2,mg/m3,32,Perfil amb sonda
0450401,Estanys de Banyoles,045040100,QLSup - Estanys de Banyoles,480010,4663228,Temperatura de l'aigua (camp),08/10/2015 12:32:00,11.1,§C,31,Perfil amb sonda
0450401,Estanys de Banyoles,045040100,QLSup - Estanys de Banyoles,480010,4663228,Temperatura de l'aigua (camp),08/10/2015 12:32:00,11.1,§C,32,Perfil amb sonda
0450401,Estanys de Banyoles,045040100,QLSup - Estanys de Banyoles,480010,4663228,Oxigen dissolt (camp),08/10/2015 12:33:00,5.2,mg/L,33,
0450401,Estanys de Banyoles,045040100,QLSup - Estanys de Banyoles,480010,4663228,Oxigen dissolt (camp),08/10/2015 12:33:00,5.2,mg/L,34,
0450401,Estanys de Banyoles,045040100,QLSup - Estanys de Banyoles,480010,4663228,Oxigen dissolt (camp),08/10/2015 12:33:00,5.2,mg/L,35,
0450401,Estanys de Banyoles,045040100,QLSup - Estanys de Banyoles,480010,4663228,% Saturaci¢ d'oxigen (camp),08/10/2015 12:33:00,47.3,%,33,
0450401,Estanys de Banyoles,045040100,QLSup - Estanys de Banyoles,480010,4663228,% Saturaci¢ d'oxigen (camp),08/10/2015 12:33:00,47.3,%,34,
0450401,Estanys de Banyoles,045040100,QLSup - Estanys de Banyoles,480010,4663228,% Saturaci¢ d'oxigen (camp),08/10/2015 12:33:00,47.3,%,35,
0450401,Estanys de Banyoles,045040100,QLSup - Estanys de Banyoles,480010,4663228,Temperatura de l'aigua (camp),08/10/2015 12:33:00,11.1,§C,33,
0450401,Estanys de Banyoles,045040100,QLSup - Estanys de Banyoles,480010,4663228,Temperatura de l'aigua (camp),08/10/2015 12:33:00,11.1,§C,34,
0450401,Estanys de Banyoles,045040100,QLSup - Estanys de Banyoles,480010,4663228,Temperatura de l'aigua (camp),08/10/2015 12:33:00,11.1,§C,35,
0450401,Estanys de Banyoles,045040100,QLSup - Estanys de Banyoles,480010,4663228,Clorofilúla a (camp),08/10/2015 12:33:00,0.3,mg/m3,33,Perfil amb sonda
0450401,Estanys de Banyoles,045040100,QLSup - Estanys de Banyoles,480010,4663228,Clorofilúla a (camp),08/10/2015 12:33:00,0.8,mg/m3,34,Perfil amb sonda
0450401,Estanys de Banyoles,045040100,QLSup - Estanys de Banyoles,480010,4663228,Clorofilúla a (camp),08/10/2015 12:33:00,0.3,mg/m3,35,Perfil amb sonda
0450401,Estanys de Banyoles,045040100,QLSup - Estanys de Banyoles,480010,4663228,Temperatura de l'aigua (camp),08/10/2015 12:33:00,11.1,§C,33,Perfil amb sonda
0450401,Estanys de Banyoles,045040100,QLSup - Estanys de Banyoles,480010,4663228,Temperatura de l'aigua (camp),08/10/2015 12:33:00,11.1,§C,34,Perfil amb sonda
0450401,Estanys de Banyoles,045040100,QLSup - Estanys de Banyoles,480010,4663228,Temperatura de l'aigua (camp),08/10/2015 12:33:00,11.1,§C,35,Perfil amb sonda
0450401,Estanys de Banyoles,045040100,QLSup - Estanys de Banyoles,480010,4663228,Oxigen dissolt (camp),08/10/2015 12:34:00,5.2,mg/L,36,
0450401,Estanys de Banyoles,045040100,QLSup - Estanys de Banyoles,480010,4663228,Oxigen dissolt (camp),08/10/2015 12:34:00,5.2,mg/L,37,
0450401,Estanys de Banyoles,045040100,QLSup - Estanys de Banyoles,480010,4663228,% Saturaci¢ d'oxigen (camp),08/10/2015 12:34:00,47.3,%,36,
0450401,Estanys de Banyoles,045040100,QLSup - Estanys de Banyoles,480010,4663228,% Saturaci¢ d'oxigen (camp),08/10/2015 12:34:00,47.3,%,37,
0450401,Estanys de Banyoles,045040100,QLSup - Estanys de Banyoles,480010,4663228,Temperatura de l'aigua (camp),08/10/2015 12:34:00,11.1,§C,36,
0450401,Estanys de Banyoles,045040100,QLSup - Estanys de Banyoles,480010,4663228,Temperatura de l'aigua (camp),08/10/2015 12:34:00,11.1,§C,37,
0450401,Estanys de Banyoles,045040100,QLSup - Estanys de Banyoles,480010,4663228,Clorofilúla a (camp),08/10/2015 12:34:00,0.8,mg/m3,36,Perfil amb sonda
0450401,Estanys de Banyoles,045040100,QLSup - Estanys de Banyoles,480010,4663228,Clorofilúla a (camp),08/10/2015 12:34:00,0.8,mg/m3,37,Perfil amb sonda
0450401,Estanys de Banyoles,045040100,QLSup - Estanys de Banyoles,480010,4663228,Temperatura de l'aigua (camp),08/10/2015 12:34:00,11.1,§C,36,Perfil amb sonda
0450401,Estanys de Banyoles,045040100,QLSup - Estanys de Banyoles,480010,4663228,Temperatura de l'aigua (camp),08/10/2015 12:34:00,11.1,§C,37,Perfil amb sonda
0450401,Estanys de Banyoles,045040100,QLSup - Estanys de Banyoles,480010,4663228,Oxigen dissolt (camp),08/10/2015 12:35:00,5.2,mg/L,38,
0450401,Estanys de Banyoles,045040100,QLSup - Estanys de Banyoles,480010,4663228,Oxigen dissolt (camp),08/10/2015 12:35:00,5.2,mg/L,39,
0450401,Estanys de Banyoles,045040100,QLSup - Estanys de Banyoles,480010,4663228,Oxigen dissolt (camp),08/10/2015 12:35:00,5.2,mg/L,40,
0450401,Estanys de Banyoles,045040100,QLSup - Estanys de Banyoles,480010,4663228,% Saturaci¢ d'oxigen (camp),08/10/2015 12:35:00,47.4,%,38,
0450401,Estanys de Banyoles,045040100,QLSup - Estanys de Banyoles,480010,4663228,% Saturaci¢ d'oxigen (camp),08/10/2015 12:35:00,47.3,%,39,
0450401,Estanys de Banyoles,045040100,QLSup - Estanys de Banyoles,480010,4663228,% Saturaci¢ d'oxigen (camp),08/10/2015 12:35:00,47.2,%,40,
0450401,Estanys de Banyoles,045040100,QLSup - Estanys de Banyoles,480010,4663228,Temperatura de l'aigua (camp),08/10/2015 12:35:00,11.1,§C,38,
0450401,Estanys de Banyoles,045040100,QLSup - Estanys de Banyoles,480010,4663228,Temperatura de l'aigua (camp),08/10/2015 12:35:00,11.1,§C,39,
0450401,Estanys de Banyoles,045040100,QLSup - Estanys de Banyoles,480010,4663228,Temperatura de l'aigua (camp),08/10/2015 12:35:00,11.1,§C,40,
0450401,Estanys de Banyoles,045040100,QLSup - Estanys de Banyoles,480010,4663228,Clorofilúla a (camp),08/10/2015 12:35:00,0.1,mg/m3,38,Perfil amb sonda
0450401,Estanys de Banyoles,045040100,QLSup - Estanys de Banyoles,480010,4663228,Clorofilúla a (camp),08/10/2015 12:35:00,0.05,mg/m3,39,Perfil amb sonda
0450401,Estanys de Banyoles,045040100,QLSup - Estanys de Banyoles,480010,4663228,Clorofilúla a (camp),08/10/2015 12:35:00,0.5,mg/m3,40,Perfil amb sonda
0450401,Estanys de Banyoles,045040100,QLSup - Estanys de Banyoles,480010,4663228,Temperatura de l'aigua (camp),08/10/2015 12:35:00,11.1,§C,38,Perfil amb sonda
0450401,Estanys de Banyoles,045040100,QLSup - Estanys de Banyoles,480010,4663228,Temperatura de l'aigua (camp),08/10/2015 12:35:00,11.1,§C,39,Perfil amb sonda
0450401,Estanys de Banyoles,045040100,QLSup - Estanys de Banyoles,480010,4663228,Temperatura de l'aigua (camp),08/10/2015 12:35:00,11.1,§C,40,Perfil amb sonda
0450401,Estanys de Banyoles,045040100,QLSup - Estanys de Banyoles,480010,4663228,Oxigen dissolt (camp),08/10/2015 12:36:00,5.2,mg/L,41,
0450401,Estanys de Banyoles,045040100,QLSup - Estanys de Banyoles,480010,4663228,Oxigen dissolt (camp),08/10/2015 12:36:00,5.2,mg/L,42,
0450401,Estanys de Banyoles,045040100,QLSup - Estanys de Banyoles,480010,4663228,Oxigen dissolt (camp),08/10/2015 12:36:00,5.2,mg/L,43,
0450401,Estanys de Banyoles,045040100,QLSup - Estanys de Banyoles,480010,4663228,% Saturaci¢ d'oxigen (camp),08/10/2015 12:36:00,47.2,%,41,
0450401,Estanys de Banyoles,045040100,QLSup - Estanys de Banyoles,480010,4663228,% Saturaci¢ d'oxigen (camp),08/10/2015 12:36:00,47.2,%,42,
0450401,Estanys de Banyoles,045040100,QLSup - Estanys de Banyoles,480010,4663228,% Saturaci¢ d'oxigen (camp),08/10/2015 12:36:00,47.2,%,43,
0450401,Estanys de Banyoles,045040100,QLSup - Estanys de Banyoles,480010,4663228,Temperatura de l'aigua (camp),08/10/2015 12:36:00,11.1,§C,41,
0450401,Estanys de Banyoles,045040100,QLSup - Estanys de Banyoles,480010,4663228,Temperatura de l'aigua (camp),08/10/2015 12:36:00,11.1,§C,42,
0450401,Estanys de Banyoles,045040100,QLSup - Estanys de Banyoles,480010,4663228,Temperatura de l'aigua (camp),08/10/2015 12:36:00,11.1,§C,43,
0450401,Estanys de Banyoles,045040100,QLSup - Estanys de Banyoles,480010,4663228,Clorofilúla a (camp),08/10/2015 12:36:00,0.7,mg/m3,41,Perfil amb sonda
0450401,Estanys de Banyoles,045040100,QLSup - Estanys de Banyoles,480010,4663228,Clorofilúla a (camp),08/10/2015 12:36:00,0.7,mg/m3,42,Perfil amb sonda
0450401,Estanys de Banyoles,045040100,QLSup - Estanys de Banyoles,480010,4663228,Clorofilúla a (camp),08/10/2015 12:36:00,0.05,mg/m3,43,Perfil amb sonda
0450401,Estanys de Banyoles,045040100,QLSup - Estanys de Banyoles,480010,4663228,Temperatura de l'aigua (camp),08/10/2015 12:36:00,11.1,§C,41,Perfil amb sonda
0450401,Estanys de Banyoles,045040100,QLSup - Estanys de Banyoles,480010,4663228,Temperatura de l'aigua (camp),08/10/2015 12:36:00,11.1,§C,42,Perfil amb sonda
0450401,Estanys de Banyoles,045040100,QLSup - Estanys de Banyoles,480010,4663228,Temperatura de l'aigua (camp),08/10/2015 12:36:00,11.1,§C,43,Perfil amb sonda
0450401,Estanys de Banyoles,045040100,QLSup - Estanys de Banyoles,480010,4663228,Oxigen dissolt (camp),08/10/2015 12:37:00,5.2,mg/L,44,
0450401,Estanys de Banyoles,045040100,QLSup - Estanys de Banyoles,480010,4663228,Oxigen dissolt (camp),08/10/2015 12:37:00,5.1,mg/L,45,
0450401,Estanys de Banyoles,045040100,QLSup - Estanys de Banyoles,480010,4663228,% Saturaci¢ d'oxigen (camp),08/10/2015 12:37:00,47.1,%,44,
0450401,Estanys de Banyoles,045040100,QLSup - Estanys de Banyoles,480010,4663228,% Saturaci¢ d'oxigen (camp),08/10/2015 12:37:00,47.1,%,45,
0450401,Estanys de Banyoles,045040100,QLSup - Estanys de Banyoles,480010,4663228,Temperatura de l'aigua (camp),08/10/2015 12:37:00,11.1,§C,44,
0450401,Estanys de Banyoles,045040100,QLSup - Estanys de Banyoles,480010,4663228,Temperatura de l'aigua (camp),08/10/2015 12:37:00,11.1,§C,45,
0450401,Estanys de Banyoles,045040100,QLSup - Estanys de Banyoles,480010,4663228,Clorofilúla a (camp),08/10/2015 12:37:00,0.05,mg/m3,44,Perfil amb sonda
0450401,Estanys de Banyoles,045040100,QLSup - Estanys de Banyoles,480010,4663228,Clorofilúla a (camp),08/10/2015 12:37:00,0.05,mg/m3,45,Perfil amb sonda
0450401,Estanys de Banyoles,045040100,QLSup - Estanys de Banyoles,480010,4663228,Temperatura de l'aigua (camp),08/10/2015 12:37:00,11.1,§C,44,Perfil amb sonda
0450401,Estanys de Banyoles,045040100,QLSup - Estanys de Banyoles,480010,4663228,Temperatura de l'aigua (camp),08/10/2015 12:37:00,11.1,§C,45,Perfil amb sonda
0450401,Estanys de Banyoles,045040100,QLSup - Estanys de Banyoles,480010,4663228,Clorofilúla a (camp),08/10/2015 12:38:00,0.4,mg/m3,45,F
0450401,Estanys de Banyoles,045040100,QLSup - Estanys de Banyoles,480010,4663228,pH,09/14/2015,7.8,u.pH,,
0450401,Estanys de Banyoles,045040100,QLSup - Estanys de Banyoles,480010,4663228,Suma d'anions,09/14/2015,16.8502,meq/L,,
0450401,Estanys de Banyoles,045040100,QLSup - Estanys de Banyoles,480010,4663228,Suma de cations,09/14/2015,16.7239,meq/L,,
0450401,Estanys de Banyoles,045040100,QLSup - Estanys de Banyoles,480010,4663228,Conductivitat (camp),09/14/2015,1291,æS/cm,0,
0450401,Estanys de Banyoles,045040100,QLSup - Estanys de Banyoles,480010,4663228,Temperatura de l'aigua (camp),09/14/2015,23,§C,0,
0450401,Estanys de Banyoles,045040100,QLSup - Estanys de Banyoles,480010,4663228,Temperatura de l'aigua (camp),09/14/2015,23,§C,0,
0450401,Estanys de Banyoles,045040100,QLSup - Estanys de Banyoles,480010,4663228,pH,10/20/2015,6.9,u.pH,,
0450401,Estanys de Banyoles,045040100,QLSup - Estanys de Banyoles,480010,4663228,Suma d'anions,10/20/2015,15.2268,meq/L,,
0450401,Estanys de Banyoles,045040100,QLSup - Estanys de Banyoles,480010,4663228,Suma de cations,10/20/2015,16.6684,meq/L,,
0450401,Estanys de Banyoles,045040100,QLSup - Estanys de Banyoles,480010,4663228,Conductivitat (camp),10/20/2015,1301,æS/cm,0,
0450401,Estanys de Banyoles,045040100,QLSup - Estanys de Banyoles,480010,4663228,Temperatura de l'aigua (camp),10/20/2015,19,§C,0,
0450401,Estanys de Banyoles,045040100,QLSup - Estanys de Banyoles,480010,4663228,Temperatura de l'aigua (camp),10/20/2015,19,§C,0,
0450401,Estanys de Banyoles,045040100,QLSup - Estanys de Banyoles,480010,4663228,pH,12/15/2015,7.7,u.pH,,
0450401,Estanys de Banyoles,045040100,QLSup - Estanys de Banyoles,480010,4663228,Suma d'anions,12/15/2015,15.4895,meq/L,,
0450401,Estanys de Banyoles,045040100,QLSup - Estanys de Banyoles,480010,4663228,Suma de cations,12/15/2015,16.5571,meq/L,,
0450401,Estanys de Banyoles,045040100,QLSup - Estanys de Banyoles,480010,4663228,Conductivitat (camp),12/15/2015,1387,æS/cm,0,
0450401,Estanys de Banyoles,045040100,QLSup - Estanys de Banyoles,480010,4663228,Temperatura de l'aigua (camp),12/15/2015,13,§C,0,
0450401,Estanys de Banyoles,045040100,QLSup - Estanys de Banyoles,480010,4663228,Temperatura de l'aigua (camp),12/15/2015,13,§C,0,
0450401,Estanys de Banyoles,045040100,QLSup - Estanys de Banyoles,480010,4663228,pH,01/20/2016,8,u.pH,,
0450401,Estanys de Banyoles,045040100,QLSup - Estanys de Banyoles,480010,4663228,Suma d'anions,01/20/2016,17.4445,meq/L,,
0450401,Estanys de Banyoles,045040100,QLSup - Estanys de Banyoles,480010,4663228,Suma de cations,01/20/2016,16.6739,meq/L,,
0450401,Estanys de Banyoles,045040100,QLSup - Estanys de Banyoles,480010,4663228,Conductivitat (camp),01/20/2016,1422,æS/cm,0,
0450401,Estanys de Banyoles,045040100,QLSup - Estanys de Banyoles,480010,4663228,Temperatura de l'aigua (camp),01/20/2016,11,§C,0,
0450401,Estanys de Banyoles,045040100,QLSup - Estanys de Banyoles,480010,4663228,Temperatura de l'aigua (camp),01/20/2016,11,§C,0,
0450401,Estanys de Banyoles,045040100,QLSup - Estanys de Banyoles,480010,4663228,pH,03/07/2016,8,u.pH,,
0450401,Estanys de Banyoles,045040100,QLSup - Estanys de Banyoles,480010,4663228,Suma d'anions,03/07/2016,17.031,meq/L,,
0450401,Estanys de Banyoles,045040100,QLSup - Estanys de Banyoles,480010,4663228,Suma de cations,03/07/2016,16.7997,meq/L,,
0450401,Estanys de Banyoles,045040100,QLSup - Estanys de Banyoles,480010,4663228,Conductivitat (camp),03/07/2016,1389,æS/cm,0,
0450401,Estanys de Banyoles,045040100,QLSup - Estanys de Banyoles,480010,4663228,Temperatura de l'aigua (camp),03/07/2016,11,§C,0,
0450401,Estanys de Banyoles,045040100,QLSup - Estanys de Banyoles,480010,4663228,Temperatura de l'aigua (camp),03/07/2016,11,§C,0,
0450401,Estanys de Banyoles,045040100,QLSup - Estanys de Banyoles,480010,4663228,pH,04/12/2016,7.9,u.pH,,
0450401,Estanys de Banyoles,045040100,QLSup - Estanys de Banyoles,480010,4663228,Suma d'anions,04/12/2016,15.3785,meq/L,,
0450401,Estanys de Banyoles,045040100,QLSup - Estanys de Banyoles,480010,4663228,Suma de cations,04/12/2016,15.6381,meq/L,,
0450401,Estanys de Banyoles,045040100,QLSup - Estanys de Banyoles,480010,4663228,Conductivitat (camp),04/12/2016,1347,æS/cm,0,
0450401,Estanys de Banyoles,045040100,QLSup - Estanys de Banyoles,480010,4663228,Temperatura de l'aigua (camp),04/12/2016,15,§C,0,
0450401,Estanys de Banyoles,045040100,QLSup - Estanys de Banyoles,480010,4663228,Temperatura de l'aigua (camp),04/12/2016,15,§C,0,
0450401,Estanys de Banyoles,045040100,QLSup - Estanys de Banyoles,480010,4663228,pH,06/30/2016,7.6,u.pH,,
0450401,Estanys de Banyoles,045040100,QLSup - Estanys de Banyoles,480010,4663228,Suma d'anions,06/30/2016,17.1223,meq/L,,
0450401,Estanys de Banyoles,045040100,QLSup - Estanys de Banyoles,480010,4663228,Suma de cations,06/30/2016,15.7407,meq/L,,
0450401,Estanys de Banyoles,045040100,QLSup - Estanys de Banyoles,480010,4663228,Conductivitat (camp),06/30/2016,1295,æS/cm,0,
0450401,Estanys de Banyoles,045040100,QLSup - Estanys de Banyoles,480010,4663228,Temperatura de l'aigua (camp),06/30/2016,25,§C,0,
0450401,Estanys de Banyoles,045040100,QLSup - Estanys de Banyoles,480010,4663228,Temperatura de l'aigua (camp),06/30/2016,25,§C,0,
0450401,Estanys de Banyoles,045040100,QLSup - Estanys de Banyoles,480010,4663228,pH,07/14/2016,7.5,u.pH,,
0450401,Estanys de Banyoles,045040100,QLSup - Estanys de Banyoles,480010,4663228,Suma d'anions,07/14/2016,16.4929,meq/L,,
0450401,Estanys de Banyoles,045040100,QLSup - Estanys de Banyoles,480010,4663228,Suma de cations,07/14/2016,15.1476,meq/L,,
0450401,Estanys de Banyoles,045040100,QLSup - Estanys de Banyoles,480010,4663228,Conductivitat (camp),07/14/2016,1284,æS/cm,0,
0450401,Estanys de Banyoles,045040100,QLSup - Estanys de Banyoles,480010,4663228,Temperatura de l'aigua (camp),07/14/2016,26,§C,0,
0450401,Estanys de Banyoles,045040100,QLSup - Estanys de Banyoles,480010,4663228,Temperatura de l'aigua (camp),07/14/2016,26,§C,0,
0450401,Estanys de Banyoles,045040100,QLSup - Estanys de Banyoles,480010,4663228,Clorofilúla a (camp),08/25/2016 11:12:00,0.56,mg/m3,0,Perfil amb sonda
0450401,Estanys de Banyoles,045040100,QLSup - Estanys de Banyoles,480010,4663228,Oxigen dissolt (camp),08/25/2016 11:13:00,9.1,mg/L,0,
0450401,Estanys de Banyoles,045040100,QLSup - Estanys de Banyoles,480010,4663228,Oxigen dissolt (camp),08/25/2016 11:13:00,9.2,mg/L,1,
0450401,Estanys de Banyoles,045040100,QLSup - Estanys de Banyoles,480010,4663228,% Saturaci¢ d'oxigen (camp),08/25/2016 11:13:00,112.9,%,0,
0450401,Estanys de Banyoles,045040100,QLSup - Estanys de Banyoles,480010,4663228,% Saturaci¢ d'oxigen (camp),08/25/2016 11:13:00,112.9,%,1,
0450401,Estanys de Banyoles,045040100,QLSup - Estanys de Banyoles,480010,4663228,Temperatura de l'aigua (camp),08/25/2016 11:13:00,25.9,§C,0,
0450401,Estanys de Banyoles,045040100,QLSup - Estanys de Banyoles,480010,4663228,Temperatura de l'aigua (camp),08/25/2016 11:13:00,25.8,§C,1,
0450401,Estanys de Banyoles,045040100,QLSup - Estanys de Banyoles,480010,4663228,Clorofilúla a (camp),08/25/2016 11:13:00,0.7,mg/m3,0,S
0450401,Estanys de Banyoles,045040100,QLSup - Estanys de Banyoles,480010,4663228,Clorofilúla a (camp),08/25/2016 11:13:00,0.23,mg/m3,1,Perfil amb sonda
0450401,Estanys de Banyoles,045040100,QLSup - Estanys de Banyoles,480010,4663228,Temperatura de l'aigua (camp),08/25/2016 11:13:00,25.9,§C,0,Perfil amb sonda
0450401,Estanys de Banyoles,045040100,QLSup - Estanys de Banyoles,480010,4663228,Temperatura de l'aigua (camp),08/25/2016 11:13:00,25.8,§C,1,Perfil amb sonda
0450401,Estanys de Banyoles,045040100,QLSup - Estanys de Banyoles,480010,4663228,Oxigen dissolt (camp),08/25/2016 11:14:00,9.2,mg/L,2,
0450401,Estanys de Banyoles,045040100,QLSup - Estanys de Banyoles,480010,4663228,Oxigen dissolt (camp),08/25/2016 11:14:00,9.2,mg/L,3,
0450401,Estanys de Banyoles,045040100,QLSup - Estanys de Banyoles,480010,4663228,% Saturaci¢ d'oxigen (camp),08/25/2016 11:14:00,112.9,%,2,
0450401,Estanys de Banyoles,045040100,QLSup - Estanys de Banyoles,480010,4663228,% Saturaci¢ d'oxigen (camp),08/25/2016 11:14:00,113.6,%,3,
0450401,Estanys de Banyoles,045040100,QLSup - Estanys de Banyoles,480010,4663228,Temperatura de l'aigua (camp),08/25/2016 11:14:00,25.8,§C,2,
0450401,Estanys de Banyoles,045040100,QLSup - Estanys de Banyoles,480010,4663228,Temperatura de l'aigua (camp),08/25/2016 11:14:00,25.8,§C,3,
0450401,Estanys de Banyoles,045040100,QLSup - Estanys de Banyoles,480010,4663228,Clorofilúla a (camp),08/25/2016 11:14:00,0.59,mg/m3,2,Perfil amb sonda
0450401,Estanys de Banyoles,045040100,QLSup - Estanys de Banyoles,480010,4663228,Clorofilúla a (camp),08/25/2016 11:14:00,0.68,mg/m3,3,Perfil amb sonda
0450401,Estanys de Banyoles,045040100,QLSup - Estanys de Banyoles,480010,4663228,Temperatura de l'aigua (camp),08/25/2016 11:14:00,25.8,§C,2,Perfil amb sonda
0450401,Estanys de Banyoles,045040100,QLSup - Estanys de Banyoles,480010,4663228,Temperatura de l'aigua (camp),08/25/2016 11:14:00,25.8,§C,3,Perfil amb sonda
0450401,Estanys de Banyoles,045040100,QLSup - Estanys de Banyoles,480010,4663228,Oxigen dissolt (camp),08/25/2016 11:15:00,9.2,mg/L,4,
0450401,Estanys de Banyoles,045040100,QLSup - Estanys de Banyoles,480010,4663228,% Saturaci¢ d'oxigen (camp),08/25/2016 11:15:00,112.9,%,4,
0450401,Estanys de Banyoles,045040100,QLSup - Estanys de Banyoles,480010,4663228,Temperatura de l'aigua (camp),08/25/2016 11:15:00,25.7,§C,4,
0450401,Estanys de Banyoles,045040100,QLSup - Estanys de Banyoles,480010,4663228,Clorofilúla a (camp),08/25/2016 11:15:00,0.72,mg/m3,4,Perfil amb sonda
0450401,Estanys de Banyoles,045040100,QLSup - Estanys de Banyoles,480010,4663228,Temperatura de l'aigua (camp),08/25/2016 11:15:00,25.7,§C,4,Perfil amb sonda
0450401,Estanys de Banyoles,045040100,QLSup - Estanys de Banyoles,480010,4663228,Oxigen dissolt (camp),08/25/2016 11:16:00,9.2,mg/L,5,
0450401,Estanys de Banyoles,045040100,QLSup - Estanys de Banyoles,480010,4663228,Oxigen dissolt (camp),08/25/2016 11:16:00,9.2,mg/L,6,
0450401,Estanys de Banyoles,045040100,QLSup - Estanys de Banyoles,480010,4663228,% Saturaci¢ d'oxigen (camp),08/25/2016 11:16:00,113.6,%,5,
0450401,Estanys de Banyoles,045040100,QLSup - Estanys de Banyoles,480010,4663228,% Saturaci¢ d'oxigen (camp),08/25/2016 11:16:00,113.1,%,6,
0450401,Estanys de Banyoles,045040100,QLSup - Estanys de Banyoles,480010,4663228,Temperatura de l'aigua (camp),08/25/2016 11:16:00,25.7,§C,5,
0450401,Estanys de Banyoles,045040100,QLSup - Estanys de Banyoles,480010,4663228,Temperatura de l'aigua (camp),08/25/2016 11:16:00,25.7,§C,6,
0450401,Estanys de Banyoles,045040100,QLSup - Estanys de Banyoles,480010,4663228,Clorofilúla a (camp),08/25/2016 11:16:00,0.85,mg/m3,5,Perfil amb sonda
0450401,Estanys de Banyoles,045040100,QLSup - Estanys de Banyoles,480010,4663228,Clorofilúla a (camp),08/25/2016 11:16:00,0.33,mg/m3,6,Perfil amb sonda
0450401,Estanys de Banyoles,045040100,QLSup - Estanys de Banyoles,480010,4663228,Temperatura de l'aigua (camp),08/25/2016 11:16:00,25.7,§C,5,Perfil amb sonda
0450401,Estanys de Banyoles,045040100,QLSup - Estanys de Banyoles,480010,4663228,Temperatura de l'aigua (camp),08/25/2016 11:16:00,25.7,§C,6,Perfil amb sonda
0450401,Estanys de Banyoles,045040100,QLSup - Estanys de Banyoles,480010,4663228,Oxigen dissolt (camp),08/25/2016 11:17:00,9.2,mg/L,7,
0450401,Estanys de Banyoles,045040100,QLSup - Estanys de Banyoles,480010,4663228,% Saturaci¢ d'oxigen (camp),08/25/2016 11:17:00,113.1,%,7,
0450401,Estanys de Banyoles,045040100,QLSup - Estanys de Banyoles,480010,4663228,Temperatura de l'aigua (camp),08/25/2016 11:17:00,25.7,§C,7,
0450401,Estanys de Banyoles,045040100,QLSup - Estanys de Banyoles,480010,4663228,Clorofilúla a (camp),08/25/2016 11:17:00,1.21,mg/m3,7,Perfil amb sonda
0450401,Estanys de Banyoles,045040100,QLSup - Estanys de Banyoles,480010,4663228,Clorofilúla a (camp),08/25/2016 11:17:00,1,mg/m3,7.5,Mostra integrada 0-13 m
0450401,Estanys de Banyoles,045040100,QLSup - Estanys de Banyoles,480010,4663228,Temperatura de l'aigua (camp),08/25/2016 11:17:00,25.7,§C,7,Perfil amb sonda
0450401,Estanys de Banyoles,045040100,QLSup - Estanys de Banyoles,480010,4663228,Clorofilúla a (camp),08/25/2016 11:18:00,0.7,mg/m3,7,T1
0450401,Estanys de Banyoles,045040100,QLSup - Estanys de Banyoles,480010,4663228,Oxigen dissolt (camp),08/25/2016 11:19:00,12,mg/L,8,
0450401,Estanys de Banyoles,045040100,QLSup - Estanys de Banyoles,480010,4663228,% Saturaci¢ d'oxigen (camp),08/25/2016 11:19:00,140.5,%,8,
0450401,Estanys de Banyoles,045040100,QLSup - Estanys de Banyoles,480010,4663228,Temperatura de l'aigua (camp),08/25/2016 11:19:00,23.1,§C,8,
0450401,Estanys de Banyoles,045040100,QLSup - Estanys de Banyoles,480010,4663228,Clorofilúla a (camp),08/25/2016 11:19:00,1.59,mg/m3,8,Perfil amb sonda
0450401,Estanys de Banyoles,045040100,QLSup - Estanys de Banyoles,480010,4663228,Temperatura de l'aigua (camp),08/25/2016 11:19:00,23.1,§C,8,Perfil amb sonda
0450401,Estanys de Banyoles,045040100,QLSup - Estanys de Banyoles,480010,4663228,Oxigen dissolt (camp),08/25/2016 11:20:00,9.1,mg/L,9,
0450401,Estanys de Banyoles,045040100,QLSup - Estanys de Banyoles,480010,4663228,% Saturaci¢ d'oxigen (camp),08/25/2016 11:20:00,99.3,%,9,
0450401,Estanys de Banyoles,045040100,QLSup - Estanys de Banyoles,480010,4663228,Temperatura de l'aigua (camp),08/25/2016 11:20:00,19.5,§C,9,
0450401,Estanys de Banyoles,045040100,QLSup - Estanys de Banyoles,480010,4663228,Clorofilúla a (camp),08/25/2016 11:20:00,1.78,mg/m3,9,Perfil amb sonda
0450401,Estanys de Banyoles,045040100,QLSup - Estanys de Banyoles,480010,4663228,Temperatura de l'aigua (camp),08/25/2016 11:20:00,19.5,§C,9,Perfil amb sonda
0450401,Estanys de Banyoles,045040100,QLSup - Estanys de Banyoles,480010,4663228,Oxigen dissolt (camp),08/25/2016 11:21:00,8.1,mg/L,10,
0450401,Estanys de Banyoles,045040100,QLSup - Estanys de Banyoles,480010,4663228,% Saturaci¢ d'oxigen (camp),08/25/2016 11:21:00,86.9,%,10,
0450401,Estanys de Banyoles,045040100,QLSup - Estanys de Banyoles,480010,4663228,Temperatura de l'aigua (camp),08/25/2016 11:21:00,18.5,§C,10,
0450401,Estanys de Banyoles,045040100,QLSup - Estanys de Banyoles,480010,4663228,Clorofilúla a (camp),08/25/2016 11:21:00,0.91,mg/m3,10,Perfil amb sonda
0450401,Estanys de Banyoles,045040100,QLSup - Estanys de Banyoles,480010,4663228,Temperatura de l'aigua (camp),08/25/2016 11:21:00,18.5,§C,10,Perfil amb sonda
0450401,Estanys de Banyoles,045040100,QLSup - Estanys de Banyoles,480010,4663228,Oxigen dissolt (camp),08/25/2016 11:22:00,7.1,mg/L,11,
0450401,Estanys de Banyoles,045040100,QLSup - Estanys de Banyoles,480010,4663228,% Saturaci¢ d'oxigen (camp),08/25/2016 11:22:00,75,%,11,
0450401,Estanys de Banyoles,045040100,QLSup - Estanys de Banyoles,480010,4663228,Temperatura de l'aigua (camp),08/25/2016 11:22:00,17.9,§C,11,
0450401,Estanys de Banyoles,045040100,QLSup - Estanys de Banyoles,480010,4663228,Clorofilúla a (camp),08/25/2016 11:22:00,1.63,mg/m3,11,Perfil amb sonda
0450401,Estanys de Banyoles,045040100,QLSup - Estanys de Banyoles,480010,4663228,Temperatura de l'aigua (camp),08/25/2016 11:22:00,17.9,§C,11,Perfil amb sonda
0450401,Estanys de Banyoles,045040100,QLSup - Estanys de Banyoles,480010,4663228,Oxigen dissolt (camp),08/25/2016 11:24:00,4.9,mg/L,12,
0450401,Estanys de Banyoles,045040100,QLSup - Estanys de Banyoles,480010,4663228,% Saturaci¢ d'oxigen (camp),08/25/2016 11:24:00,51.7,%,12,
0450401,Estanys de Banyoles,045040100,QLSup - Estanys de Banyoles,480010,4663228,Temperatura de l'aigua (camp),08/25/2016 11:24:00,17.5,§C,12,
0450401,Estanys de Banyoles,045040100,QLSup - Estanys de Banyoles,480010,4663228,Clorofilúla a (camp),08/25/2016 11:24:00,0.94,mg/m3,12,Perfil amb sonda
0450401,Estanys de Banyoles,045040100,QLSup - Estanys de Banyoles,480010,4663228,Temperatura de l'aigua (camp),08/25/2016 11:24:00,17.5,§C,12,Perfil amb sonda
0450401,Estanys de Banyoles,045040100,QLSup - Estanys de Banyoles,480010,4663228,Oxigen dissolt (camp),08/25/2016 11:25:00,4.4,mg/L,13,
0450401,Estanys de Banyoles,045040100,QLSup - Estanys de Banyoles,480010,4663228,% Saturaci¢ d'oxigen (camp),08/25/2016 11:25:00,45.8,%,13,
0450401,Estanys de Banyoles,045040100,QLSup - Estanys de Banyoles,480010,4663228,Temperatura de l'aigua (camp),08/25/2016 11:25:00,17.3,§C,13,
0450401,Estanys de Banyoles,045040100,QLSup - Estanys de Banyoles,480010,4663228,Clorofilúla a (camp),08/25/2016 11:25:00,1.5,mg/m3,13,T2
0450401,Estanys de Banyoles,045040100,QLSup - Estanys de Banyoles,480010,4663228,Temperatura de l'aigua (camp),08/25/2016 11:25:00,17.3,§C,13,Perfil amb sonda
0450401,Estanys de Banyoles,045040100,QLSup - Estanys de Banyoles,480010,4663228,Oxigen dissolt (camp),08/25/2016 11:26:00,3.7,mg/L,14,
0450401,Estanys de Banyoles,045040100,QLSup - Estanys de Banyoles,480010,4663228,% Saturaci¢ d'oxigen (camp),08/25/2016 11:26:00,38.5,%,14,
0450401,Estanys de Banyoles,045040100,QLSup - Estanys de Banyoles,480010,4663228,Temperatura de l'aigua (camp),08/25/2016 11:26:00,17.3,§C,14,
0450401,Estanys de Banyoles,045040100,QLSup - Estanys de Banyoles,480010,4663228,Clorofilúla a (camp),08/25/2016 11:26:00,0.98,mg/m3,13,Perfil amb sonda
0450401,Estanys de Banyoles,045040100,QLSup - Estanys de Banyoles,480010,4663228,Clorofilúla a (camp),08/25/2016 11:26:00,0.8,mg/m3,14,Perfil amb sonda
0450401,Estanys de Banyoles,045040100,QLSup - Estanys de Banyoles,480010,4663228,Temperatura de l'aigua (camp),08/25/2016 11:26:00,17.3,§C,14,Perfil amb sonda
0450401,Estanys de Banyoles,045040100,QLSup - Estanys de Banyoles,480010,4663228,Oxigen dissolt (camp),08/25/2016 11:27:00,3.2,mg/L,15,
0450401,Estanys de Banyoles,045040100,QLSup - Estanys de Banyoles,480010,4663228,% Saturaci¢ d'oxigen (camp),08/25/2016 11:27:00,33.2,%,15,
0450401,Estanys de Banyoles,045040100,QLSup - Estanys de Banyoles,480010,4663228,Temperatura de l'aigua (camp),08/25/2016 11:27:00,17.2,§C,15,
0450401,Estanys de Banyoles,045040100,QLSup - Estanys de Banyoles,480010,4663228,Clorofilúla a (camp),08/25/2016 11:27:00,0.99,mg/m3,15,Perfil amb sonda
0450401,Estanys de Banyoles,045040100,QLSup - Estanys de Banyoles,480010,4663228,Temperatura de l'aigua (camp),08/25/2016 11:27:00,17.2,§C,15,Perfil amb sonda
0450401,Estanys de Banyoles,045040100,QLSup - Estanys de Banyoles,480010,4663228,Oxigen dissolt (camp),08/25/2016 11:28:00,3,mg/L,16,
0450401,Estanys de Banyoles,045040100,QLSup - Estanys de Banyoles,480010,4663228,% Saturaci¢ d'oxigen (camp),08/25/2016 11:28:00,31.2,%,16,
0450401,Estanys de Banyoles,045040100,QLSup - Estanys de Banyoles,480010,4663228,Temperatura de l'aigua (camp),08/25/2016 11:28:00,17.2,§C,16,
0450401,Estanys de Banyoles,045040100,QLSup - Estanys de Banyoles,480010,4663228,Clorofilúla a (camp),08/25/2016 11:28:00,0.78,mg/m3,16,Perfil amb sonda
0450401,Estanys de Banyoles,045040100,QLSup - Estanys de Banyoles,480010,4663228,Temperatura de l'aigua (camp),08/25/2016 11:28:00,17.2,§C,16,Perfil amb sonda
0450401,Estanys de Banyoles,045040100,QLSup - Estanys de Banyoles,480010,4663228,Oxigen dissolt (camp),08/25/2016 11:29:00,3,mg/L,17,
0450401,Estanys de Banyoles,045040100,QLSup - Estanys de Banyoles,480010,4663228,Oxigen dissolt (camp),08/25/2016 11:29:00,3,mg/L,18,
0450401,Estanys de Banyoles,045040100,QLSup - Estanys de Banyoles,480010,4663228,% Saturaci¢ d'oxigen (camp),08/25/2016 11:29:00,31.3,%,17,
0450401,Estanys de Banyoles,045040100,QLSup - Estanys de Banyoles,480010,4663228,% Saturaci¢ d'oxigen (camp),08/25/2016 11:29:00,30.8,%,18,
0450401,Estanys de Banyoles,045040100,QLSup - Estanys de Banyoles,480010,4663228,Temperatura de l'aigua (camp),08/25/2016 11:29:00,17.2,§C,17,
0450401,Estanys de Banyoles,045040100,QLSup - Estanys de Banyoles,480010,4663228,Temperatura de l'aigua (camp),08/25/2016 11:29:00,17.2,§C,18,
0450401,Estanys de Banyoles,045040100,QLSup - Estanys de Banyoles,480010,4663228,Clorofilúla a (camp),08/25/2016 11:29:00,0.42,mg/m3,17,Perfil amb sonda
0450401,Estanys de Banyoles,045040100,QLSup - Estanys de Banyoles,480010,4663228,Clorofilúla a (camp),08/25/2016 11:29:00,0.72,mg/m3,18,Perfil amb sonda
0450401,Estanys de Banyoles,045040100,QLSup - Estanys de Banyoles,480010,4663228,Temperatura de l'aigua (camp),08/25/2016 11:29:00,17.2,§C,17,Perfil amb sonda
0450401,Estanys de Banyoles,045040100,QLSup - Estanys de Banyoles,480010,4663228,Temperatura de l'aigua (camp),08/25/2016 11:29:00,17.2,§C,18,Perfil amb sonda
0450401,Estanys de Banyoles,045040100,QLSup - Estanys de Banyoles,480010,4663228,Oxigen dissolt (camp),08/25/2016 11:30:00,2.9,mg/L,19,
0450401,Estanys de Banyoles,045040100,QLSup - Estanys de Banyoles,480010,4663228,Oxigen dissolt (camp),08/25/2016 11:30:00,2.9,mg/L,20,
0450401,Estanys de Banyoles,045040100,QLSup - Estanys de Banyoles,480010,4663228,% Saturaci¢ d'oxigen (camp),08/25/2016 11:30:00,30.4,%,19,
0450401,Estanys de Banyoles,045040100,QLSup - Estanys de Banyoles,480010,4663228,% Saturaci¢ d'oxigen (camp),08/25/2016 11:30:00,30.1,%,20,
0450401,Estanys de Banyoles,045040100,QLSup - Estanys de Banyoles,480010,4663228,Temperatura de l'aigua (camp),08/25/2016 11:30:00,17.2,§C,19,
0450401,Estanys de Banyoles,045040100,QLSup - Estanys de Banyoles,480010,4663228,Temperatura de l'aigua (camp),08/25/2016 11:30:00,17.1,§C,20,
0450401,Estanys de Banyoles,045040100,QLSup - Estanys de Banyoles,480010,4663228,Clorofilúla a (camp),08/25/2016 11:30:00,1.35,mg/m3,19,Perfil amb sonda
0450401,Estanys de Banyoles,045040100,QLSup - Estanys de Banyoles,480010,4663228,Clorofilúla a (camp),08/25/2016 11:30:00,1.51,mg/m3,20,Perfil amb sonda
0450401,Estanys de Banyoles,045040100,QLSup - Estanys de Banyoles,480010,4663228,Temperatura de l'aigua (camp),08/25/2016 11:30:00,17.2,§C,19,Perfil amb sonda
0450401,Estanys de Banyoles,045040100,QLSup - Estanys de Banyoles,480010,4663228,Temperatura de l'aigua (camp),08/25/2016 11:30:00,17.1,§C,20,Perfil amb sonda
0450401,Estanys de Banyoles,045040100,QLSup - Estanys de Banyoles,480010,4663228,Oxigen dissolt (camp),08/25/2016 11:32:00,4,mg/L,21,
0450401,Estanys de Banyoles,045040100,QLSup - Estanys de Banyoles,480010,4663228,Oxigen dissolt (camp),08/25/2016 11:32:00,4.2,mg/L,22,
0450401,Estanys de Banyoles,045040100,QLSup - Estanys de Banyoles,480010,4663228,Oxigen dissolt (camp),08/25/2016 11:32:00,4.3,mg/L,23,
0450401,Estanys de Banyoles,045040100,QLSup - Estanys de Banyoles,480010,4663228,% Saturaci¢ d'oxigen (camp),08/25/2016 11:32:00,38.5,%,21,
0450401,Estanys de Banyoles,045040100,QLSup - Estanys de Banyoles,480010,4663228,% Saturaci¢ d'oxigen (camp),08/25/2016 11:32:00,39.9,%,22,
0450401,Estanys de Banyoles,045040100,QLSup - Estanys de Banyoles,480010,4663228,% Saturaci¢ d'oxigen (camp),08/25/2016 11:32:00,40.7,%,23,
0450401,Estanys de Banyoles,045040100,QLSup - Estanys de Banyoles,480010,4663228,Temperatura de l'aigua (camp),08/25/2016 11:32:00,14,§C,21,
0450401,Estanys de Banyoles,045040100,QLSup - Estanys de Banyoles,480010,4663228,Temperatura de l'aigua (camp),08/25/2016 11:32:00,12.6,§C,22,
0450401,Estanys de Banyoles,045040100,QLSup - Estanys de Banyoles,480010,4663228,Temperatura de l'aigua (camp),08/25/2016 11:32:00,12.5,§C,23,
0450401,Estanys de Banyoles,045040100,QLSup - Estanys de Banyoles,480010,4663228,Clorofilúla a (camp),08/25/2016 11:32:00,0.96,mg/m3,21,Perfil amb sonda
0450401,Estanys de Banyoles,045040100,QLSup - Estanys de Banyoles,480010,4663228,Clorofilúla a (camp),08/25/2016 11:32:00,0.5,mg/m3,22,Perfil amb sonda
0450401,Estanys de Banyoles,045040100,QLSup - Estanys de Banyoles,480010,4663228,Clorofilúla a (camp),08/25/2016 11:32:00,0.55,mg/m3,23,Perfil amb sonda
0450401,Estanys de Banyoles,045040100,QLSup - Estanys de Banyoles,480010,4663228,Temperatura de l'aigua (camp),08/25/2016 11:32:00,14,§C,21,Perfil amb sonda
0450401,Estanys de Banyoles,045040100,QLSup - Estanys de Banyoles,480010,4663228,Temperatura de l'aigua (camp),08/25/2016 11:32:00,12.6,§C,22,Perfil amb sonda
0450401,Estanys de Banyoles,045040100,QLSup - Estanys de Banyoles,480010,4663228,Temperatura de l'aigua (camp),08/25/2016 11:32:00,12.5,§C,23,Perfil amb sonda
0450401,Estanys de Banyoles,045040100,QLSup - Estanys de Banyoles,480010,4663228,Oxigen dissolt (camp),08/25/2016 11:33:00,4.4,mg/L,24,
0450401,Estanys de Banyoles,045040100,QLSup - Estanys de Banyoles,480010,4663228,% Saturaci¢ d'oxigen (camp),08/25/2016 11:33:00,41.6,%,24,
0450401,Estanys de Banyoles,045040100,QLSup - Estanys de Banyoles,480010,4663228,Temperatura de l'aigua (camp),08/25/2016 11:33:00,12.5,§C,24,
0450401,Estanys de Banyoles,045040100,QLSup - Estanys de Banyoles,480010,4663228,Clorofilúla a (camp),08/25/2016 11:33:00,0.05,mg/m3,24,Perfil amb sonda
0450401,Estanys de Banyoles,045040100,QLSup - Estanys de Banyoles,480010,4663228,Temperatura de l'aigua (camp),08/25/2016 11:33:00,12.5,§C,24,Perfil amb sonda
0450401,Estanys de Banyoles,045040100,QLSup - Estanys de Banyoles,480010,4663228,Oxigen dissolt (camp),08/25/2016 11:34:00,4.4,mg/L,25,
0450401,Estanys de Banyoles,045040100,QLSup - Estanys de Banyoles,480010,4663228,Oxigen dissolt (camp),08/25/2016 11:34:00,4.4,mg/L,26,
0450401,Estanys de Banyoles,045040100,QLSup - Estanys de Banyoles,480010,4663228,Oxigen dissolt (camp),08/25/2016 11:34:00,4.4,mg/L,27,
0450401,Estanys de Banyoles,045040100,QLSup - Estanys de Banyoles,480010,4663228,Oxigen dissolt (camp),08/25/2016 11:34:00,4.4,mg/L,28,
0450401,Estanys de Banyoles,045040100,QLSup - Estanys de Banyoles,480010,4663228,% Saturaci¢ d'oxigen (camp),08/25/2016 11:34:00,41.5,%,25,
0450401,Estanys de Banyoles,045040100,QLSup - Estanys de Banyoles,480010,4663228,% Saturaci¢ d'oxigen (camp),08/25/2016 11:34:00,41.5,%,26,
0450401,Estanys de Banyoles,045040100,QLSup - Estanys de Banyoles,480010,4663228,% Saturaci¢ d'oxigen (camp),08/25/2016 11:34:00,41.3,%,27,
0450401,Estanys de Banyoles,045040100,QLSup - Estanys de Banyoles,480010,4663228,% Saturaci¢ d'oxigen (camp),08/25/2016 11:34:00,41.2,%,28,
0450401,Estanys de Banyoles,045040100,QLSup - Estanys de Banyoles,480010,4663228,Temperatura de l'aigua (camp),08/25/2016 11:34:00,12.5,§C,25,
0450401,Estanys de Banyoles,045040100,QLSup - Estanys de Banyoles,480010,4663228,Temperatura de l'aigua (camp),08/25/2016 11:34:00,12.5,§C,26,
0450401,Estanys de Banyoles,045040100,QLSup - Estanys de Banyoles,480010,4663228,Temperatura de l'aigua (camp),08/25/2016 11:34:00,12.5,§C,27,
0450401,Estanys de Banyoles,045040100,QLSup - Estanys de Banyoles,480010,4663228,Temperatura de l'aigua (camp),08/25/2016 11:34:00,12.5,§C,28,
0450401,Estanys de Banyoles,045040100,QLSup - Estanys de Banyoles,480010,4663228,Clorofilúla a (camp),08/25/2016 11:34:00,0.37,mg/m3,25,Perfil amb sonda
0450401,Estanys de Banyoles,045040100,QLSup - Estanys de Banyoles,480010,4663228,Clorofilúla a (camp),08/25/2016 11:34:00,0.05,mg/m3,26,Perfil amb sonda
0450401,Estanys de Banyoles,045040100,QLSup - Estanys de Banyoles,480010,4663228,Clorofilúla a (camp),08/25/2016 11:34:00,0.08,mg/m3,27,Perfil amb sonda
0450401,Estanys de Banyoles,045040100,QLSup - Estanys de Banyoles,480010,4663228,Clorofilúla a (camp),08/25/2016 11:34:00,0.35,mg/m3,28,Perfil amb sonda
0450401,Estanys de Banyoles,045040100,QLSup - Estanys de Banyoles,480010,4663228,Temperatura de l'aigua (camp),08/25/2016 11:34:00,12.5,§C,25,Perfil amb sonda
0450401,Estanys de Banyoles,045040100,QLSup - Estanys de Banyoles,480010,4663228,Temperatura de l'aigua (camp),08/25/2016 11:34:00,12.5,§C,26,Perfil amb sonda
0450401,Estanys de Banyoles,045040100,QLSup - Estanys de Banyoles,480010,4663228,Temperatura de l'aigua (camp),08/25/2016 11:34:00,12.5,§C,27,Perfil amb sonda
0450401,Estanys de Banyoles,045040100,QLSup - Estanys de Banyoles,480010,4663228,Temperatura de l'aigua (camp),08/25/2016 11:34:00,12.5,§C,28,Perfil amb sonda
0450401,Estanys de Banyoles,045040100,QLSup - Estanys de Banyoles,480010,4663228,Oxigen dissolt (camp),08/25/2016 11:35:00,4.5,mg/L,29,
0450401,Estanys de Banyoles,045040100,QLSup - Estanys de Banyoles,480010,4663228,Oxigen dissolt (camp),08/25/2016 11:35:00,4.4,mg/L,30,
0450401,Estanys de Banyoles,045040100,QLSup - Estanys de Banyoles,480010,4663228,% Saturaci¢ d'oxigen (camp),08/25/2016 11:35:00,41.9,%,29,
0450401,Estanys de Banyoles,045040100,QLSup - Estanys de Banyoles,480010,4663228,% Saturaci¢ d'oxigen (camp),08/25/2016 11:35:00,41.7,%,30,
0450401,Estanys de Banyoles,045040100,QLSup - Estanys de Banyoles,480010,4663228,Temperatura de l'aigua (camp),08/25/2016 11:35:00,12.5,§C,29,
0450401,Estanys de Banyoles,045040100,QLSup - Estanys de Banyoles,480010,4663228,Temperatura de l'aigua (camp),08/25/2016 11:35:00,12.5,§C,30,
0450401,Estanys de Banyoles,045040100,QLSup - Estanys de Banyoles,480010,4663228,Clorofilúla a (camp),08/25/2016 11:35:00,0.07,mg/m3,29,Perfil amb sonda
0450401,Estanys de Banyoles,045040100,QLSup - Estanys de Banyoles,480010,4663228,Clorofilúla a (camp),08/25/2016 11:35:00,0.49,mg/m3,30,Perfil amb sonda
0450401,Estanys de Banyoles,045040100,QLSup - Estanys de Banyoles,480010,4663228,Temperatura de l'aigua (camp),08/25/2016 11:35:00,12.5,§C,29,Perfil amb sonda
0450401,Estanys de Banyoles,045040100,QLSup - Estanys de Banyoles,480010,4663228,Temperatura de l'aigua (camp),08/25/2016 11:35:00,12.5,§C,30,Perfil amb sonda
0450401,Estanys de Banyoles,045040100,QLSup - Estanys de Banyoles,480010,4663228,Oxigen dissolt (camp),08/25/2016 11:36:00,4.4,mg/L,31,
0450401,Estanys de Banyoles,045040100,QLSup - Estanys de Banyoles,480010,4663228,% Saturaci¢ d'oxigen (camp),08/25/2016 11:36:00,41.5,%,31,
0450401,Estanys de Banyoles,045040100,QLSup - Estanys de Banyoles,480010,4663228,Temperatura de l'aigua (camp),08/25/2016 11:36:00,12.5,§C,31,
0450401,Estanys de Banyoles,045040100,QLSup - Estanys de Banyoles,480010,4663228,Clorofilúla a (camp),08/25/2016 11:36:00,0.53,mg/m3,31,Perfil amb sonda
0450401,Estanys de Banyoles,045040100,QLSup - Estanys de Banyoles,480010,4663228,Temperatura de l'aigua (camp),08/25/2016 11:36:00,12.5,§C,31,Perfil amb sonda
0450401,Estanys de Banyoles,045040100,QLSup - Estanys de Banyoles,480010,4663228,Oxigen dissolt (camp),08/25/2016 11:37:00,4.5,mg/L,32,
0450401,Estanys de Banyoles,045040100,QLSup - Estanys de Banyoles,480010,4663228,Oxigen dissolt (camp),08/25/2016 11:37:00,4.4,mg/L,33,
0450401,Estanys de Banyoles,045040100,QLSup - Estanys de Banyoles,480010,4663228,% Saturaci¢ d'oxigen (camp),08/25/2016 11:37:00,42.1,%,32,
0450401,Estanys de Banyoles,045040100,QLSup - Estanys de Banyoles,480010,4663228,% Saturaci¢ d'oxigen (camp),08/25/2016 11:37:00,41.7,%,33,
0450401,Estanys de Banyoles,045040100,QLSup - Estanys de Banyoles,480010,4663228,Temperatura de l'aigua (camp),08/25/2016 11:37:00,12.5,§C,32,
0450401,Estanys de Banyoles,045040100,QLSup - Estanys de Banyoles,480010,4663228,Temperatura de l'aigua (camp),08/25/2016 11:37:00,12.5,§C,33,
0450401,Estanys de Banyoles,045040100,QLSup - Estanys de Banyoles,480010,4663228,Clorofilúla a (camp),08/25/2016 11:37:00,0.25,mg/m3,32,Perfil amb sonda
0450401,Estanys de Banyoles,045040100,QLSup - Estanys de Banyoles,480010,4663228,Clorofilúla a (camp),08/25/2016 11:37:00,0.67,mg/m3,33,Perfil amb sonda
0450401,Estanys de Banyoles,045040100,QLSup - Estanys de Banyoles,480010,4663228,Temperatura de l'aigua (camp),08/25/2016 11:37:00,12.5,§C,32,Perfil amb sonda
0450401,Estanys de Banyoles,045040100,QLSup - Estanys de Banyoles,480010,4663228,Temperatura de l'aigua (camp),08/25/2016 11:37:00,12.5,§C,33,Perfil amb sonda
0450401,Estanys de Banyoles,045040100,QLSup - Estanys de Banyoles,480010,4663228,Oxigen dissolt (camp),08/25/2016 11:38:00,4.4,mg/L,34,
0450401,Estanys de Banyoles,045040100,QLSup - Estanys de Banyoles,480010,4663228,% Saturaci¢ d'oxigen (camp),08/25/2016 11:38:00,41.2,%,34,
0450401,Estanys de Banyoles,045040100,QLSup - Estanys de Banyoles,480010,4663228,Temperatura de l'aigua (camp),08/25/2016 11:38:00,12.5,§C,34,
0450401,Estanys de Banyoles,045040100,QLSup - Estanys de Banyoles,480010,4663228,Clorofilúla a (camp),08/25/2016 11:38:00,0.19,mg/m3,34,Perfil amb sonda
0450401,Estanys de Banyoles,045040100,QLSup - Estanys de Banyoles,480010,4663228,Temperatura de l'aigua (camp),08/25/2016 11:38:00,12.5,§C,34,Perfil amb sonda
0450401,Estanys de Banyoles,045040100,QLSup - Estanys de Banyoles,480010,4663228,Oxigen dissolt (camp),08/25/2016 11:39:00,4.4,mg/L,35,
0450401,Estanys de Banyoles,045040100,QLSup - Estanys de Banyoles,480010,4663228,Oxigen dissolt (camp),08/25/2016 11:39:00,4.5,mg/L,36,
0450401,Estanys de Banyoles,045040100,QLSup - Estanys de Banyoles,480010,4663228,% Saturaci¢ d'oxigen (camp),08/25/2016 11:39:00,41.7,%,35,
0450401,Estanys de Banyoles,045040100,QLSup - Estanys de Banyoles,480010,4663228,% Saturaci¢ d'oxigen (camp),08/25/2016 11:39:00,42,%,36,
0450401,Estanys de Banyoles,045040100,QLSup - Estanys de Banyoles,480010,4663228,Temperatura de l'aigua (camp),08/25/2016 11:39:00,12.5,§C,35,
0450401,Estanys de Banyoles,045040100,QLSup - Estanys de Banyoles,480010,4663228,Temperatura de l'aigua (camp),08/25/2016 11:39:00,12.5,§C,36,
0450401,Estanys de Banyoles,045040100,QLSup - Estanys de Banyoles,480010,4663228,Clorofilúla a (camp),08/25/2016 11:39:00,0.05,mg/m3,35,Perfil amb sonda
0450401,Estanys de Banyoles,045040100,QLSup - Estanys de Banyoles,480010,4663228,Clorofilúla a (camp),08/25/2016 11:39:00,0.05,mg/m3,36,Perfil amb sonda
0450401,Estanys de Banyoles,045040100,QLSup - Estanys de Banyoles,480010,4663228,Temperatura de l'aigua (camp),08/25/2016 11:39:00,12.5,§C,35,Perfil amb sonda
0450401,Estanys de Banyoles,045040100,QLSup - Estanys de Banyoles,480010,4663228,Temperatura de l'aigua (camp),08/25/2016 11:39:00,12.5,§C,36,Perfil amb sonda
0450401,Estanys de Banyoles,045040100,QLSup - Estanys de Banyoles,480010,4663228,Oxigen dissolt (camp),08/25/2016 11:40:00,4.4,mg/L,37,
0450401,Estanys de Banyoles,045040100,QLSup - Estanys de Banyoles,480010,4663228,Oxigen dissolt (camp),08/25/2016 11:40:00,4.4,mg/L,38,
0450401,Estanys de Banyoles,045040100,QLSup - Estanys de Banyoles,480010,4663228,% Saturaci¢ d'oxigen (camp),08/25/2016 11:40:00,41.5,%,37,
0450401,Estanys de Banyoles,045040100,QLSup - Estanys de Banyoles,480010,4663228,% Saturaci¢ d'oxigen (camp),08/25/2016 11:40:00,41.3,%,38,
0450401,Estanys de Banyoles,045040100,QLSup - Estanys de Banyoles,480010,4663228,Temperatura de l'aigua (camp),08/25/2016 11:40:00,12.5,§C,37,
0450401,Estanys de Banyoles,045040100,QLSup - Estanys de Banyoles,480010,4663228,Temperatura de l'aigua (camp),08/25/2016 11:40:00,12.5,§C,38,
0450401,Estanys de Banyoles,045040100,QLSup - Estanys de Banyoles,480010,4663228,Clorofilúla a (camp),08/25/2016 11:40:00,0.42,mg/m3,37,Perfil amb sonda
0450401,Estanys de Banyoles,045040100,QLSup - Estanys de Banyoles,480010,4663228,Clorofilúla a (camp),08/25/2016 11:40:00,0.25,mg/m3,38,Perfil amb sonda
0450401,Estanys de Banyoles,045040100,QLSup - Estanys de Banyoles,480010,4663228,Temperatura de l'aigua (camp),08/25/2016 11:40:00,12.5,§C,37,Perfil amb sonda
0450401,Estanys de Banyoles,045040100,QLSup - Estanys de Banyoles,480010,4663228,Temperatura de l'aigua (camp),08/25/2016 11:40:00,12.5,§C,38,Perfil amb sonda
0450401,Estanys de Banyoles,045040100,QLSup - Estanys de Banyoles,480010,4663228,Oxigen dissolt (camp),08/25/2016 11:41:00,4.4,mg/L,39,
0450401,Estanys de Banyoles,045040100,QLSup - Estanys de Banyoles,480010,4663228,Oxigen dissolt (camp),08/25/2016 11:41:00,4.4,mg/L,40,
0450401,Estanys de Banyoles,045040100,QLSup - Estanys de Banyoles,480010,4663228,% Saturaci¢ d'oxigen (camp),08/25/2016 11:41:00,41.5,%,39,
0450401,Estanys de Banyoles,045040100,QLSup - Estanys de Banyoles,480010,4663228,% Saturaci¢ d'oxigen (camp),08/25/2016 11:41:00,41.2,%,40,
0450401,Estanys de Banyoles,045040100,QLSup - Estanys de Banyoles,480010,4663228,Temperatura de l'aigua (camp),08/25/2016 11:41:00,12.5,§C,39,
0450401,Estanys de Banyoles,045040100,QLSup - Estanys de Banyoles,480010,4663228,Temperatura de l'aigua (camp),08/25/2016 11:41:00,12.5,§C,40,
0450401,Estanys de Banyoles,045040100,QLSup - Estanys de Banyoles,480010,4663228,Clorofilúla a (camp),08/25/2016 11:41:00,0.37,mg/m3,39,Perfil amb sonda
0450401,Estanys de Banyoles,045040100,QLSup - Estanys de Banyoles,480010,4663228,Clorofilúla a (camp),08/25/2016 11:41:00,0.05,mg/m3,40,Perfil amb sonda
0450401,Estanys de Banyoles,045040100,QLSup - Estanys de Banyoles,480010,4663228,Temperatura de l'aigua (camp),08/25/2016 11:41:00,12.5,§C,39,Perfil amb sonda
0450401,Estanys de Banyoles,045040100,QLSup - Estanys de Banyoles,480010,4663228,Temperatura de l'aigua (camp),08/25/2016 11:41:00,12.5,§C,40,Perfil amb sonda
0450401,Estanys de Banyoles,045040100,QLSup - Estanys de Banyoles,480010,4663228,Oxigen dissolt (camp),08/25/2016 11:42:00,4.3,mg/L,41,
0450401,Estanys de Banyoles,045040100,QLSup - Estanys de Banyoles,480010,4663228,% Saturaci¢ d'oxigen (camp),08/25/2016 11:42:00,40.8,%,41,
0450401,Estanys de Banyoles,045040100,QLSup - Estanys de Banyoles,480010,4663228,Temperatura de l'aigua (camp),08/25/2016 11:42:00,12.5,§C,41,
0450401,Estanys de Banyoles,045040100,QLSup - Estanys de Banyoles,480010,4663228,Clorofilúla a (camp),08/25/2016 11:42:00,0.3,mg/m3,41,Perfil amb sonda
0450401,Estanys de Banyoles,045040100,QLSup - Estanys de Banyoles,480010,4663228,Temperatura de l'aigua (camp),08/25/2016 11:42:00,12.5,§C,41,Perfil amb sonda
0450401,Estanys de Banyoles,045040100,QLSup - Estanys de Banyoles,480010,4663228,Oxigen dissolt (camp),08/25/2016 11:43:00,4.3,mg/L,42,
0450401,Estanys de Banyoles,045040100,QLSup - Estanys de Banyoles,480010,4663228,Oxigen dissolt (camp),08/25/2016 11:43:00,4.4,mg/L,43,
0450401,Estanys de Banyoles,045040100,QLSup - Estanys de Banyoles,480010,4663228,% Saturaci¢ d'oxigen (camp),08/25/2016 11:43:00,40.9,%,42,
0450401,Estanys de Banyoles,045040100,QLSup - Estanys de Banyoles,480010,4663228,% Saturaci¢ d'oxigen (camp),08/25/2016 11:43:00,41,%,43,
0450401,Estanys de Banyoles,045040100,QLSup - Estanys de Banyoles,480010,4663228,Temperatura de l'aigua (camp),08/25/2016 11:43:00,12.5,§C,42,
0450401,Estanys de Banyoles,045040100,QLSup - Estanys de Banyoles,480010,4663228,Temperatura de l'aigua (camp),08/25/2016 11:43:00,12.5,§C,43,
0450401,Estanys de Banyoles,045040100,QLSup - Estanys de Banyoles,480010,4663228,Clorofilúla a (camp),08/25/2016 11:43:00,0.73,mg/m3,42,Perfil amb sonda
0450401,Estanys de Banyoles,045040100,QLSup - Estanys de Banyoles,480010,4663228,Clorofilúla a (camp),08/25/2016 11:43:00,0.24,mg/m3,43,Perfil amb sonda
0450401,Estanys de Banyoles,045040100,QLSup - Estanys de Banyoles,480010,4663228,Temperatura de l'aigua (camp),08/25/2016 11:43:00,12.5,§C,42,Perfil amb sonda
0450401,Estanys de Banyoles,045040100,QLSup - Estanys de Banyoles,480010,4663228,Temperatura de l'aigua (camp),08/25/2016 11:43:00,12.5,§C,43,Perfil amb sonda
0450401,Estanys de Banyoles,045040100,QLSup - Estanys de Banyoles,480010,4663228,Oxigen dissolt (camp),08/25/2016 11:44:00,4.4,mg/L,44,
0450401,Estanys de Banyoles,045040100,QLSup - Estanys de Banyoles,480010,4663228,% Saturaci¢ d'oxigen (camp),08/25/2016 11:44:00,41.1,%,44,
0450401,Estanys de Banyoles,045040100,QLSup - Estanys de Banyoles,480010,4663228,Temperatura de l'aigua (camp),08/25/2016 11:44:00,12.5,§C,44,
0450401,Estanys de Banyoles,045040100,QLSup - Estanys de Banyoles,480010,4663228,Clorofilúla a (camp),08/25/2016 11:44:00,0.35,mg/m3,44,Perfil amb sonda
0450401,Estanys de Banyoles,045040100,QLSup - Estanys de Banyoles,480010,4663228,Temperatura de l'aigua (camp),08/25/2016 11:44:00,12.5,§C,44,Perfil amb sonda
0450401,Estanys de Banyoles,045040100,QLSup - Estanys de Banyoles,480010,4663228,Oxigen dissolt (camp),08/25/2016 11:45:00,4.4,mg/L,45,
0450401,Estanys de Banyoles,045040100,QLSup - Estanys de Banyoles,480010,4663228,% Saturaci¢ d'oxigen (camp),08/25/2016 11:45:00,41.5,%,45,
0450401,Estanys de Banyoles,045040100,QLSup - Estanys de Banyoles,480010,4663228,Temperatura de l'aigua (camp),08/25/2016 11:45:00,12.5,§C,45,
0450401,Estanys de Banyoles,045040100,QLSup - Estanys de Banyoles,480010,4663228,Clorofilúla a (camp),08/25/2016 11:45:00,0.6,mg/m3,45,F
0450401,Estanys de Banyoles,045040100,QLSup - Estanys de Banyoles,480010,4663228,Temperatura de l'aigua (camp),08/25/2016 11:45:00,12.5,§C,45,Perfil amb sonda
0450401,Estanys de Banyoles,045040100,QLSup - Estanys de Banyoles,480010,4663228,Clorofilúla a (camp),08/25/2016 11:46:00,0.21,mg/m3,45,Perfil amb sonda
0450401,Estanys de Banyoles,045040100,QLSup - Estanys de Banyoles,480010,4663228,pH,09/21/2016,7.9,u.pH,,
0450401,Estanys de Banyoles,045040100,QLSup - Estanys de Banyoles,480010,4663228,Suma d'anions,09/21/2016,15.689,meq/L,,
0450401,Estanys de Banyoles,045040100,QLSup - Estanys de Banyoles,480010,4663228,Suma de cations,09/21/2016,15.0703,meq/L,,
0450401,Estanys de Banyoles,045040100,QLSup - Estanys de Banyoles,480010,4663228,Conductivitat (camp),09/21/2016,1351,æS/cm,0,
0450401,Estanys de Banyoles,045040100,QLSup - Estanys de Banyoles,480010,4663228,Temperatura de l'aigua (camp),09/21/2016,22,§C,0,
0450401,Estanys de Banyoles,045040100,QLSup - Estanys de Banyoles,480010,4663228,Temperatura de l'aigua (camp),09/21/2016,22,§C,0,
0450401,Estanys de Banyoles,045040100,QLSup - Estanys de Banyoles,480010,4663228,pH,10/27/2016,7.7,u.pH,,
0450401,Estanys de Banyoles,045040100,QLSup - Estanys de Banyoles,480010,4663228,Suma d'anions,10/27/2016,15.1912,meq/L,,
0450401,Estanys de Banyoles,045040100,QLSup - Estanys de Banyoles,480010,4663228,Suma de cations,10/27/2016,14.3386,meq/L,,
0450401,Estanys de Banyoles,045040100,QLSup - Estanys de Banyoles,480010,4663228,Conductivitat (camp),10/27/2016,1376,æS/cm,0,
0450401,Estanys de Banyoles,045040100,QLSup - Estanys de Banyoles,480010,4663228,Temperatura de l'aigua (camp),10/27/2016,18,§C,0,
0450401,Estanys de Banyoles,045040100,QLSup - Estanys de Banyoles,480010,4663228,Temperatura de l'aigua (camp),10/27/2016,18,§C,0,
0450401,Estanys de Banyoles,045040100,QLSup - Estanys de Banyoles,480010,4663228,pH,12/15/2016,7.6,u.pH,,
0450401,Estanys de Banyoles,045040100,QLSup - Estanys de Banyoles,480010,4663228,Suma d'anions,12/15/2016,13.789,meq/L,,
0450401,Estanys de Banyoles,045040100,QLSup - Estanys de Banyoles,480010,4663228,Suma de cations,12/15/2016,13.2174,meq/L,,
0450401,Estanys de Banyoles,045040100,QLSup - Estanys de Banyoles,480010,4663228,Conductivitat (camp),12/15/2016,1363,æS/cm,0,
0450401,Estanys de Banyoles,045040100,QLSup - Estanys de Banyoles,480010,4663228,Temperatura de l'aigua (camp),12/15/2016,14,§C,0,
0450401,Estanys de Banyoles,045040100,QLSup - Estanys de Banyoles,480010,4663228,Temperatura de l'aigua (camp),12/15/2016,14,§C,0,
0450401,Estanys de Banyoles,045040100,QLSup - Estanys de Banyoles,480010,4663228,pH,01/19/2017,8.1,u.pH,,
0450401,Estanys de Banyoles,045040100,QLSup - Estanys de Banyoles,480010,4663228,Suma d'anions,01/19/2017,15.6311,meq/L,,
0450401,Estanys de Banyoles,045040100,QLSup - Estanys de Banyoles,480010,4663228,Suma de cations,01/19/2017,14.6425,meq/L,,
0450401,Estanys de Banyoles,045040100,QLSup - Estanys de Banyoles,480010,4663228,Conductivitat (camp),01/19/2017,1171,æS/cm,0,
0450401,Estanys de Banyoles,045040100,QLSup - Estanys de Banyoles,480010,4663228,Temperatura de l'aigua (camp),01/19/2017,4,§C,0,
0450401,Estanys de Banyoles,045040100,QLSup - Estanys de Banyoles,480010,4663228,Temperatura de l'aigua (camp),01/19/2017,4,§C,0,
0450401,Estanys de Banyoles,045040100,QLSup - Estanys de Banyoles,480010,4663228,pH,03/07/2017,7.4,u.pH,,
0450401,Estanys de Banyoles,045040100,QLSup - Estanys de Banyoles,480010,4663228,Suma d'anions,03/07/2017,16.2793,meq/L,,
0450401,Estanys de Banyoles,045040100,QLSup - Estanys de Banyoles,480010,4663228,Suma de cations,03/07/2017,16.2413,meq/L,,
0450401,Estanys de Banyoles,045040100,QLSup - Estanys de Banyoles,480010,4663228,Conductivitat (camp),03/07/2017,1445,æS/cm,0,
0450401,Estanys de Banyoles,045040100,QLSup - Estanys de Banyoles,480010,4663228,Temperatura de l'aigua (camp),03/07/2017,12,§C,0,
0450401,Estanys de Banyoles,045040100,QLSup - Estanys de Banyoles,480010,4663228,Temperatura de l'aigua (camp),03/07/2017,12,§C,0,
0450401,Estanys de Banyoles,045040100,QLSup - Estanys de Banyoles,480010,4663228,pH,04/11/2017,8.1,u.pH,,
0450401,Estanys de Banyoles,045040100,QLSup - Estanys de Banyoles,480010,4663228,Suma d'anions,04/11/2017,16.3269,meq/L,,
0450401,Estanys de Banyoles,045040100,QLSup - Estanys de Banyoles,480010,4663228,Suma de cations,04/11/2017,16.9367,meq/L,,
0450401,Estanys de Banyoles,045040100,QLSup - Estanys de Banyoles,480010,4663228,Conductivitat (camp),04/11/2017,1347,æS/cm,0,
0450401,Estanys de Banyoles,045040100,QLSup - Estanys de Banyoles,480010,4663228,Temperatura de l'aigua (camp),04/11/2017,17,§C,0,
0450401,Estanys de Banyoles,045040100,QLSup - Estanys de Banyoles,480010,4663228,Temperatura de l'aigua (camp),04/11/2017,17,§C,0,
0450401,Estanys de Banyoles,045040100,QLSup - Estanys de Banyoles,480010,4663228,pH,06/12/2017,8,u.pH,,
0450401,Estanys de Banyoles,045040100,QLSup - Estanys de Banyoles,480010,4663228,Suma d'anions,06/12/2017,15.7399,meq/L,,
0450401,Estanys de Banyoles,045040100,QLSup - Estanys de Banyoles,480010,4663228,Suma de cations,06/12/2017,14.9557,meq/L,,
0450401,Estanys de Banyoles,045040100,QLSup - Estanys de Banyoles,480010,4663228,Conductivitat (camp),06/12/2017,1326,æS/cm,0,
0450401,Estanys de Banyoles,045040100,QLSup - Estanys de Banyoles,480010,4663228,Temperatura de l'aigua (camp),06/12/2017,25,§C,0,
0450401,Estanys de Banyoles,045040100,QLSup - Estanys de Banyoles,480010,4663228,Temperatura de l'aigua (camp),06/12/2017,25,§C,0,
0450401,Estanys de Banyoles,045040100,QLSup - Estanys de Banyoles,480010,4663228,pH,07/11/2017,8.1,u.pH,,
0450401,Estanys de Banyoles,045040100,QLSup - Estanys de Banyoles,480010,4663228,Suma d'anions,07/11/2017,20.1132,meq/L,,
0450401,Estanys de Banyoles,045040100,QLSup - Estanys de Banyoles,480010,4663228,Suma de cations,07/11/2017,18.2482,meq/L,,
0450401,Estanys de Banyoles,045040100,QLSup - Estanys de Banyoles,480010,4663228,Conductivitat (camp),07/11/2017,1333,æS/cm,0,
0450401,Estanys de Banyoles,045040100,QLSup - Estanys de Banyoles,480010,4663228,Temperatura de l'aigua (camp),07/11/2017,26,§C,0,
0450401,Estanys de Banyoles,045040100,QLSup - Estanys de Banyoles,480010,4663228,Temperatura de l'aigua (camp),07/11/2017,26,§C,0,
0450401,Estanys de Banyoles,045040100,QLSup - Estanys de Banyoles,480010,4663228,pH,09/20/2017,8,u.pH,,
0450401,Estanys de Banyoles,045040100,QLSup - Estanys de Banyoles,480010,4663228,Suma d'anions,09/20/2017,16.8017,meq/L,,
0450401,Estanys de Banyoles,045040100,QLSup - Estanys de Banyoles,480010,4663228,Suma de cations,09/20/2017,15.9435,meq/L,,
0450401,Estanys de Banyoles,045040100,QLSup - Estanys de Banyoles,480010,4663228,Conductivitat (camp),09/20/2017,1282,æS/cm,0,
0450401,Estanys de Banyoles,045040100,QLSup - Estanys de Banyoles,480010,4663228,Temperatura de l'aigua (camp),09/20/2017,22,§C,0,
0450401,Estanys de Banyoles,045040100,QLSup - Estanys de Banyoles,480010,4663228,Temperatura de l'aigua (camp),09/20/2017,22,§C,0,
0450401,Estanys de Banyoles,045040100,QLSup - Estanys de Banyoles,480010,4663228,pH,10/26/2017,7.8,u.pH,,
0450401,Estanys de Banyoles,045040100,QLSup - Estanys de Banyoles,480010,4663228,Suma d'anions,10/26/2017,15.1849,meq/L,,
0450401,Estanys de Banyoles,045040100,QLSup - Estanys de Banyoles,480010,4663228,Suma de cations,10/26/2017,15.6757,meq/L,,
0450401,Estanys de Banyoles,045040100,QLSup - Estanys de Banyoles,480010,4663228,Conductivitat (camp),10/26/2017,1398,æS/cm,0,
0450401,Estanys de Banyoles,045040100,QLSup - Estanys de Banyoles,480010,4663228,Temperatura de l'aigua (camp),10/26/2017,20,§C,0,
0450401,Estanys de Banyoles,045040100,QLSup - Estanys de Banyoles,480010,4663228,Temperatura de l'aigua (camp),10/26/2017,20,§C,0,
0450401,Estanys de Banyoles,045040100,QLSup - Estanys de Banyoles,480010,4663228,pH,12/18/2017,8,u.pH,,
0450401,Estanys de Banyoles,045040100,QLSup - Estanys de Banyoles,480010,4663228,Suma d'anions,12/18/2017,15.8182,meq/L,,
0450401,Estanys de Banyoles,045040100,QLSup - Estanys de Banyoles,480010,4663228,Suma de cations,12/18/2017,15.5831,meq/L,,
0450401,Estanys de Banyoles,045040100,QLSup - Estanys de Banyoles,480010,4663228,Conductivitat (camp),12/18/2017,1436,æS/cm,0,
0450401,Estanys de Banyoles,045040100,QLSup - Estanys de Banyoles,480010,4663228,Temperatura de l'aigua (camp),12/18/2017,11,§C,0,
0450401,Estanys de Banyoles,045040100,QLSup - Estanys de Banyoles,480010,4663228,Temperatura de l'aigua (camp),12/18/2017,11,§C,0,
0450401,Estanys de Banyoles,045040100,QLSup - Estanys de Banyoles,480010,4663228,pH,01/24/2018,8.1,u.pH,,
0450401,Estanys de Banyoles,045040100,QLSup - Estanys de Banyoles,480010,4663228,Suma d'anions,01/24/2018,16.5993,meq/L,,
0450401,Estanys de Banyoles,045040100,QLSup - Estanys de Banyoles,480010,4663228,Suma de cations,01/24/2018,16.746,meq/L,,
0450401,Estanys de Banyoles,045040100,QLSup - Estanys de Banyoles,480010,4663228,Conductivitat (camp),01/24/2018,1424,æS/cm,0,
0450401,Estanys de Banyoles,045040100,QLSup - Estanys de Banyoles,480010,4663228,Temperatura de l'aigua (camp),01/24/2018,9,§C,0,
0450401,Estanys de Banyoles,045040100,QLSup - Estanys de Banyoles,480010,4663228,Temperatura de l'aigua (camp),01/24/2018,9,§C,0,
0450401,Estanys de Banyoles,045040100,QLSup - Estanys de Banyoles,480010,4663228,pH,03/22/2018,8,u.pH,,
0450401,Estanys de Banyoles,045040100,QLSup - Estanys de Banyoles,480010,4663228,Suma d'anions,03/22/2018,17.5327,meq/L,,
0450401,Estanys de Banyoles,045040100,QLSup - Estanys de Banyoles,480010,4663228,Suma de cations,03/22/2018,16.327,meq/L,,
0450401,Estanys de Banyoles,045040100,QLSup - Estanys de Banyoles,480010,4663228,Conductivitat (camp),03/22/2018,1388,æS/cm,0,
0450401,Estanys de Banyoles,045040100,QLSup - Estanys de Banyoles,480010,4663228,Temperatura de l'aigua (camp),03/22/2018,12,§C,0,
0450401,Estanys de Banyoles,045040100,QLSup - Estanys de Banyoles,480010,4663228,Temperatura de l'aigua (camp),03/22/2018,12,§C,0,
0450401,Estanys de Banyoles,045040100,QLSup - Estanys de Banyoles,480010,4663228,pH,04/11/2018,7.5,u.pH,,
0450401,Estanys de Banyoles,045040100,QLSup - Estanys de Banyoles,480010,4663228,Suma d'anions,04/11/2018,16.507,meq/L,,
0450401,Estanys de Banyoles,045040100,QLSup - Estanys de Banyoles,480010,4663228,Suma de cations,04/11/2018,16.7597,meq/L,,
0450401,Estanys de Banyoles,045040100,QLSup - Estanys de Banyoles,480010,4663228,Conductivitat (camp),04/11/2018,1422,æS/cm,0,
0450401,Estanys de Banyoles,045040100,QLSup - Estanys de Banyoles,480010,4663228,Temperatura de l'aigua (camp),04/11/2018,13,§C,0,
0450401,Estanys de Banyoles,045040100,QLSup - Estanys de Banyoles,480010,4663228,Temperatura de l'aigua (camp),04/11/2018,13,§C,0,
0450401,Estanys de Banyoles,045040100,QLSup - Estanys de Banyoles,480010,4663228,pH,06/20/2018,8.2,u.pH,,
0450401,Estanys de Banyoles,045040100,QLSup - Estanys de Banyoles,480010,4663228,Suma d'anions,06/20/2018,15.1677,meq/L,,
0450401,Estanys de Banyoles,045040100,QLSup - Estanys de Banyoles,480010,4663228,Suma de cations,06/20/2018,15.3006,meq/L,,
0450401,Estanys de Banyoles,045040100,QLSup - Estanys de Banyoles,480010,4663228,pH,07/04/2018,8,u.pH,,
0450401,Estanys de Banyoles,045040100,QLSup - Estanys de Banyoles,480010,4663228,Suma d'anions,07/04/2018,14.5427,meq/L,,
0450401,Estanys de Banyoles,045040100,QLSup - Estanys de Banyoles,480010,4663228,Suma de cations,07/04/2018,15.0752,meq/L,,
0450401,Estanys de Banyoles,045040100,QLSup - Estanys de Banyoles,480010,4663228,Oxigen dissolt (camp),08/09/2018 09:00:00,8.6,mg/L,0,
0450401,Estanys de Banyoles,045040100,QLSup - Estanys de Banyoles,480010,4663228,Oxigen dissolt (camp),08/09/2018 09:00:00,8.5,mg/L,1,
0450401,Estanys de Banyoles,045040100,QLSup - Estanys de Banyoles,480010,4663228,Oxigen dissolt (camp),08/09/2018 09:00:00,8.5,mg/L,2,
0450401,Estanys de Banyoles,045040100,QLSup - Estanys de Banyoles,480010,4663228,Oxigen dissolt (camp),08/09/2018 09:00:00,8.5,mg/L,3,
0450401,Estanys de Banyoles,045040100,QLSup - Estanys de Banyoles,480010,4663228,Oxigen dissolt (camp),08/09/2018 09:00:00,8.6,mg/L,4,
0450401,Estanys de Banyoles,045040100,QLSup - Estanys de Banyoles,480010,4663228,Oxigen dissolt (camp),08/09/2018 09:00:00,9.8,mg/L,5,
0450401,Estanys de Banyoles,045040100,QLSup - Estanys de Banyoles,480010,4663228,Oxigen dissolt (camp),08/09/2018 09:00:00,13.4,mg/L,6,
0450401,Estanys de Banyoles,045040100,QLSup - Estanys de Banyoles,480010,4663228,Oxigen dissolt (camp),08/09/2018 09:00:00,12.4,mg/L,7,
0450401,Estanys de Banyoles,045040100,QLSup - Estanys de Banyoles,480010,4663228,Oxigen dissolt (camp),08/09/2018 09:00:00,9.1,mg/L,8,
0450401,Estanys de Banyoles,045040100,QLSup - Estanys de Banyoles,480010,4663228,Oxigen dissolt (camp),08/09/2018 09:00:00,7.5,mg/L,9,
0450401,Estanys de Banyoles,045040100,QLSup - Estanys de Banyoles,480010,4663228,Oxigen dissolt (camp),08/09/2018 09:00:00,6.5,mg/L,10,
0450401,Estanys de Banyoles,045040100,QLSup - Estanys de Banyoles,480010,4663228,Oxigen dissolt (camp),08/09/2018 09:00:00,5.4,mg/L,11,
0450401,Estanys de Banyoles,045040100,QLSup - Estanys de Banyoles,480010,4663228,Oxigen dissolt (camp),08/09/2018 09:00:00,4.7,mg/L,12,
0450401,Estanys de Banyoles,045040100,QLSup - Estanys de Banyoles,480010,4663228,Oxigen dissolt (camp),08/09/2018 09:00:00,4.3,mg/L,13,
0450401,Estanys de Banyoles,045040100,QLSup - Estanys de Banyoles,480010,4663228,Oxigen dissolt (camp),08/09/2018 09:00:00,3.9,mg/L,14,
0450401,Estanys de Banyoles,045040100,QLSup - Estanys de Banyoles,480010,4663228,Oxigen dissolt (camp),08/09/2018 09:00:00,3.8,mg/L,15,
0450401,Estanys de Banyoles,045040100,QLSup - Estanys de Banyoles,480010,4663228,Oxigen dissolt (camp),08/09/2018 09:00:00,3.8,mg/L,16,
0450401,Estanys de Banyoles,045040100,QLSup - Estanys de Banyoles,480010,4663228,Oxigen dissolt (camp),08/09/2018 09:00:00,3.8,mg/L,17,
0450401,Estanys de Banyoles,045040100,QLSup - Estanys de Banyoles,480010,4663228,Oxigen dissolt (camp),08/09/2018 09:00:00,3.8,mg/L,18,
0450401,Estanys de Banyoles,045040100,QLSup - Estanys de Banyoles,480010,4663228,Oxigen dissolt (camp),08/09/2018 09:00:00,3.7,mg/L,19,
0450401,Estanys de Banyoles,045040100,QLSup - Estanys de Banyoles,480010,4663228,Oxigen dissolt (camp),08/09/2018 09:00:00,3.7,mg/L,20,
0450401,Estanys de Banyoles,045040100,QLSup - Estanys de Banyoles,480010,4663228,Oxigen dissolt (camp),08/09/2018 09:00:00,3.6,mg/L,21,
0450401,Estanys de Banyoles,045040100,QLSup - Estanys de Banyoles,480010,4663228,Oxigen dissolt (camp),08/09/2018 09:00:00,3.6,mg/L,22,
0450401,Estanys de Banyoles,045040100,QLSup - Estanys de Banyoles,480010,4663228,Oxigen dissolt (camp),08/09/2018 09:00:00,3.6,mg/L,23,
0450401,Estanys de Banyoles,045040100,QLSup - Estanys de Banyoles,480010,4663228,Oxigen dissolt (camp),08/09/2018 09:00:00,3.6,mg/L,24,
0450401,Estanys de Banyoles,045040100,QLSup - Estanys de Banyoles,480010,4663228,Oxigen dissolt (camp),08/09/2018 09:00:00,3.7,mg/L,25,
0450401,Estanys de Banyoles,045040100,QLSup - Estanys de Banyoles,480010,4663228,Oxigen dissolt (camp),08/09/2018 09:00:00,3.7,mg/L,26,
0450401,Estanys de Banyoles,045040100,QLSup - Estanys de Banyoles,480010,4663228,Oxigen dissolt (camp),08/09/2018 09:00:00,3.7,mg/L,27,
0450401,Estanys de Banyoles,045040100,QLSup - Estanys de Banyoles,480010,4663228,Oxigen dissolt (camp),08/09/2018 09:00:00,3.7,mg/L,28,
0450401,Estanys de Banyoles,045040100,QLSup - Estanys de Banyoles,480010,4663228,Oxigen dissolt (camp),08/09/2018 09:00:00,3.7,mg/L,29,
0450401,Estanys de Banyoles,045040100,QLSup - Estanys de Banyoles,480010,4663228,Oxigen dissolt (camp),08/09/2018 09:00:00,3.7,mg/L,30,
0450401,Estanys de Banyoles,045040100,QLSup - Estanys de Banyoles,480010,4663228,% Saturaci¢ d'oxigen (camp),08/09/2018 09:00:00,108.9,%,0,
0450401,Estanys de Banyoles,045040100,QLSup - Estanys de Banyoles,480010,4663228,% Saturaci¢ d'oxigen (camp),08/09/2018 09:00:00,108.7,%,1,
0450401,Estanys de Banyoles,045040100,QLSup - Estanys de Banyoles,480010,4663228,% Saturaci¢ d'oxigen (camp),08/09/2018 09:00:00,108.7,%,2,
0450401,Estanys de Banyoles,045040100,QLSup - Estanys de Banyoles,480010,4663228,% Saturaci¢ d'oxigen (camp),08/09/2018 09:00:00,108.7,%,3,
0450401,Estanys de Banyoles,045040100,QLSup - Estanys de Banyoles,480010,4663228,% Saturaci¢ d'oxigen (camp),08/09/2018 09:00:00,108.8,%,4,
0450401,Estanys de Banyoles,045040100,QLSup - Estanys de Banyoles,480010,4663228,% Saturaci¢ d'oxigen (camp),08/09/2018 09:00:00,123.8,%,5,
0450401,Estanys de Banyoles,045040100,QLSup - Estanys de Banyoles,480010,4663228,% Saturaci¢ d'oxigen (camp),08/09/2018 09:00:00,157.1,%,6,
0450401,Estanys de Banyoles,045040100,QLSup - Estanys de Banyoles,480010,4663228,% Saturaci¢ d'oxigen (camp),08/09/2018 09:00:00,139.1,%,7,
0450401,Estanys de Banyoles,045040100,QLSup - Estanys de Banyoles,480010,4663228,% Saturaci¢ d'oxigen (camp),08/09/2018 09:00:00,97.2,%,8,
0450401,Estanys de Banyoles,045040100,QLSup - Estanys de Banyoles,480010,4663228,% Saturaci¢ d'oxigen (camp),08/09/2018 09:00:00,78.2,%,9,
0450401,Estanys de Banyoles,045040100,QLSup - Estanys de Banyoles,480010,4663228,% Saturaci¢ d'oxigen (camp),08/09/2018 09:00:00,68,%,10,
0450401,Estanys de Banyoles,045040100,QLSup - Estanys de Banyoles,480010,4663228,% Saturaci¢ d'oxigen (camp),08/09/2018 09:00:00,56,%,11,
0450401,Estanys de Banyoles,045040100,QLSup - Estanys de Banyoles,480010,4663228,% Saturaci¢ d'oxigen (camp),08/09/2018 09:00:00,48.9,%,12,
0450401,Estanys de Banyoles,045040100,QLSup - Estanys de Banyoles,480010,4663228,% Saturaci¢ d'oxigen (camp),08/09/2018 09:00:00,44,%,13,
0450401,Estanys de Banyoles,045040100,QLSup - Estanys de Banyoles,480010,4663228,% Saturaci¢ d'oxigen (camp),08/09/2018 09:00:00,40.3,%,14,
0450401,Estanys de Banyoles,045040100,QLSup - Estanys de Banyoles,480010,4663228,% Saturaci¢ d'oxigen (camp),08/09/2018 09:00:00,39.3,%,15,
0450401,Estanys de Banyoles,045040100,QLSup - Estanys de Banyoles,480010,4663228,% Saturaci¢ d'oxigen (camp),08/09/2018 09:00:00,39.1,%,16,
0450401,Estanys de Banyoles,045040100,QLSup - Estanys de Banyoles,480010,4663228,% Saturaci¢ d'oxigen (camp),08/09/2018 09:00:00,38.8,%,17,
0450401,Estanys de Banyoles,045040100,QLSup - Estanys de Banyoles,480010,4663228,% Saturaci¢ d'oxigen (camp),08/09/2018 09:00:00,38.7,%,18,
0450401,Estanys de Banyoles,045040100,QLSup - Estanys de Banyoles,480010,4663228,% Saturaci¢ d'oxigen (camp),08/09/2018 09:00:00,37.8,%,19,
0450401,Estanys de Banyoles,045040100,QLSup - Estanys de Banyoles,480010,4663228,% Saturaci¢ d'oxigen (camp),08/09/2018 09:00:00,37.6,%,20,
0450401,Estanys de Banyoles,045040100,QLSup - Estanys de Banyoles,480010,4663228,% Saturaci¢ d'oxigen (camp),08/09/2018 09:00:00,37.5,%,21,
0450401,Estanys de Banyoles,045040100,QLSup - Estanys de Banyoles,480010,4663228,% Saturaci¢ d'oxigen (camp),08/09/2018 09:00:00,37.3,%,22,
0450401,Estanys de Banyoles,045040100,QLSup - Estanys de Banyoles,480010,4663228,% Saturaci¢ d'oxigen (camp),08/09/2018 09:00:00,37.3,%,23,
0450401,Estanys de Banyoles,045040100,QLSup - Estanys de Banyoles,480010,4663228,% Saturaci¢ d'oxigen (camp),08/09/2018 09:00:00,37.5,%,24,
0450401,Estanys de Banyoles,045040100,QLSup - Estanys de Banyoles,480010,4663228,% Saturaci¢ d'oxigen (camp),08/09/2018 09:00:00,37.8,%,25,
0450401,Estanys de Banyoles,045040100,QLSup - Estanys de Banyoles,480010,4663228,% Saturaci¢ d'oxigen (camp),08/09/2018 09:00:00,38,%,26,
0450401,Estanys de Banyoles,045040100,QLSup - Estanys de Banyoles,480010,4663228,% Saturaci¢ d'oxigen (camp),08/09/2018 09:00:00,38.4,%,27,
0450401,Estanys de Banyoles,045040100,QLSup - Estanys de Banyoles,480010,4663228,% Saturaci¢ d'oxigen (camp),08/09/2018 09:00:00,38.4,%,28,
0450401,Estanys de Banyoles,045040100,QLSup - Estanys de Banyoles,480010,4663228,% Saturaci¢ d'oxigen (camp),08/09/2018 09:00:00,38.5,%,29,
0450401,Estanys de Banyoles,045040100,QLSup - Estanys de Banyoles,480010,4663228,% Saturaci¢ d'oxigen (camp),08/09/2018 09:00:00,38,%,30,
0450401,Estanys de Banyoles,045040100,QLSup - Estanys de Banyoles,480010,4663228,Temperatura de l'aigua (camp),08/09/2018 09:00:00,27.6,§C,0,
0450401,Estanys de Banyoles,045040100,QLSup - Estanys de Banyoles,480010,4663228,Temperatura de l'aigua (camp),08/09/2018 09:00:00,27.6,§C,1,
0450401,Estanys de Banyoles,045040100,QLSup - Estanys de Banyoles,480010,4663228,Temperatura de l'aigua (camp),08/09/2018 09:00:00,27.6,§C,2,
0450401,Estanys de Banyoles,045040100,QLSup - Estanys de Banyoles,480010,4663228,Temperatura de l'aigua (camp),08/09/2018 09:00:00,27.6,§C,3,
0450401,Estanys de Banyoles,045040100,QLSup - Estanys de Banyoles,480010,4663228,Temperatura de l'aigua (camp),08/09/2018 09:00:00,27.6,§C,4,
0450401,Estanys de Banyoles,045040100,QLSup - Estanys de Banyoles,480010,4663228,Temperatura de l'aigua (camp),08/09/2018 09:00:00,27.2,§C,5,
0450401,Estanys de Banyoles,045040100,QLSup - Estanys de Banyoles,480010,4663228,Temperatura de l'aigua (camp),08/09/2018 09:00:00,23.2,§C,6,
0450401,Estanys de Banyoles,045040100,QLSup - Estanys de Banyoles,480010,4663228,Temperatura de l'aigua (camp),08/09/2018 09:00:00,20.9,§C,7,
0450401,Estanys de Banyoles,045040100,QLSup - Estanys de Banyoles,480010,4663228,Temperatura de l'aigua (camp),08/09/2018 09:00:00,18.3,§C,8,
0450401,Estanys de Banyoles,045040100,QLSup - Estanys de Banyoles,480010,4663228,Temperatura de l'aigua (camp),08/09/2018 09:00:00,17.5,§C,9,
0450401,Estanys de Banyoles,045040100,QLSup - Estanys de Banyoles,480010,4663228,Temperatura de l'aigua (camp),08/09/2018 09:00:00,17.1,§C,10,
0450401,Estanys de Banyoles,045040100,QLSup - Estanys de Banyoles,480010,4663228,Temperatura de l'aigua (camp),08/09/2018 09:00:00,16.9,§C,11,
0450401,Estanys de Banyoles,045040100,QLSup - Estanys de Banyoles,480010,4663228,Temperatura de l'aigua (camp),08/09/2018 09:00:00,16.8,§C,12,
0450401,Estanys de Banyoles,045040100,QLSup - Estanys de Banyoles,480010,4663228,Temperatura de l'aigua (camp),08/09/2018 09:00:00,16.7,§C,13,
0450401,Estanys de Banyoles,045040100,QLSup - Estanys de Banyoles,480010,4663228,Temperatura de l'aigua (camp),08/09/2018 09:00:00,16.7,§C,14,
0450401,Estanys de Banyoles,045040100,QLSup - Estanys de Banyoles,480010,4663228,Temperatura de l'aigua (camp),08/09/2018 09:00:00,16.7,§C,15,
0450401,Estanys de Banyoles,045040100,QLSup - Estanys de Banyoles,480010,4663228,Temperatura de l'aigua (camp),08/09/2018 09:00:00,16.7,§C,16,
0450401,Estanys de Banyoles,045040100,QLSup - Estanys de Banyoles,480010,4663228,Temperatura de l'aigua (camp),08/09/2018 09:00:00,16.7,§C,17,
0450401,Estanys de Banyoles,045040100,QLSup - Estanys de Banyoles,480010,4663228,Temperatura de l'aigua (camp),08/09/2018 09:00:00,16.7,§C,18,
0450401,Estanys de Banyoles,045040100,QLSup - Estanys de Banyoles,480010,4663228,Temperatura de l'aigua (camp),08/09/2018 09:00:00,16.7,§C,19,
0450401,Estanys de Banyoles,045040100,QLSup - Estanys de Banyoles,480010,4663228,Temperatura de l'aigua (camp),08/09/2018 09:00:00,16.7,§C,20,
0450401,Estanys de Banyoles,045040100,QLSup - Estanys de Banyoles,480010,4663228,Temperatura de l'aigua (camp),08/09/2018 09:00:00,16.7,§C,21,
0450401,Estanys de Banyoles,045040100,QLSup - Estanys de Banyoles,480010,4663228,Temperatura de l'aigua (camp),08/09/2018 09:00:00,16.7,§C,22,
0450401,Estanys de Banyoles,045040100,QLSup - Estanys de Banyoles,480010,4663228,Temperatura de l'aigua (camp),08/09/2018 09:00:00,16.7,§C,23,
0450401,Estanys de Banyoles,045040100,QLSup - Estanys de Banyoles,480010,4663228,Temperatura de l'aigua (camp),08/09/2018 09:00:00,16.7,§C,24,
0450401,Estanys de Banyoles,045040100,QLSup - Estanys de Banyoles,480010,4663228,Temperatura de l'aigua (camp),08/09/2018 09:00:00,16.7,§C,25,
0450401,Estanys de Banyoles,045040100,QLSup - Estanys de Banyoles,480010,4663228,Temperatura de l'aigua (camp),08/09/2018 09:00:00,16.7,§C,26,
0450401,Estanys de Banyoles,045040100,QLSup - Estanys de Banyoles,480010,4663228,Temperatura de l'aigua (camp),08/09/2018 09:00:00,16.7,§C,27,
0450401,Estanys de Banyoles,045040100,QLSup - Estanys de Banyoles,480010,4663228,Temperatura de l'aigua (camp),08/09/2018 09:00:00,16.6,§C,28,
0450401,Estanys de Banyoles,045040100,QLSup - Estanys de Banyoles,480010,4663228,Temperatura de l'aigua (camp),08/09/2018 09:00:00,16.7,§C,29,
0450401,Estanys de Banyoles,045040100,QLSup - Estanys de Banyoles,480010,4663228,Temperatura de l'aigua (camp),08/09/2018 09:00:00,16.7,§C,30,
0450401,Estanys de Banyoles,045040100,QLSup - Estanys de Banyoles,480010,4663228,Clorofilúla a (camp),08/09/2018 09:00:00,0.2,mg/m3,0,Perfil amb sonda
0450401,Estanys de Banyoles,045040100,QLSup - Estanys de Banyoles,480010,4663228,Clorofilúla a (camp),08/09/2018 09:00:00,0.3,mg/m3,1,Perfil amb sonda
0450401,Estanys de Banyoles,045040100,QLSup - Estanys de Banyoles,480010,4663228,Clorofilúla a (camp),08/09/2018 09:00:00,0.1,mg/m3,2,Perfil amb sonda
0450401,Estanys de Banyoles,045040100,QLSup - Estanys de Banyoles,480010,4663228,Clorofilúla a (camp),08/09/2018 09:00:00,0.4,mg/m3,3,Perfil amb sonda
0450401,Estanys de Banyoles,045040100,QLSup - Estanys de Banyoles,480010,4663228,Clorofilúla a (camp),08/09/2018 09:00:00,0.2,mg/m3,4,Perfil amb sonda
0450401,Estanys de Banyoles,045040100,QLSup - Estanys de Banyoles,480010,4663228,Clorofilúla a (camp),08/09/2018 09:00:00,0.05,mg/m3,5,Perfil amb sonda
0450401,Estanys de Banyoles,045040100,QLSup - Estanys de Banyoles,480010,4663228,Clorofilúla a (camp),08/09/2018 09:00:00,0.4,mg/m3,6,Perfil amb sonda
0450401,Estanys de Banyoles,045040100,QLSup - Estanys de Banyoles,480010,4663228,Clorofilúla a (camp),08/09/2018 09:00:00,0.7,mg/m3,7,Perfil amb sonda
0450401,Estanys de Banyoles,045040100,QLSup - Estanys de Banyoles,480010,4663228,Clorofilúla a (camp),08/09/2018 09:00:00,1.6,mg/m3,8,Perfil amb sonda
0450401,Estanys de Banyoles,045040100,QLSup - Estanys de Banyoles,480010,4663228,Clorofilúla a (camp),08/09/2018 09:00:00,1.5,mg/m3,9,Perfil amb sonda
0450401,Estanys de Banyoles,045040100,QLSup - Estanys de Banyoles,480010,4663228,Clorofilúla a (camp),08/09/2018 09:00:00,1.3,mg/m3,10,Perfil amb sonda
0450401,Estanys de Banyoles,045040100,QLSup - Estanys de Banyoles,480010,4663228,Clorofilúla a (camp),08/09/2018 09:00:00,0.8,mg/m3,11,Perfil amb sonda
0450401,Estanys de Banyoles,045040100,QLSup - Estanys de Banyoles,480010,4663228,Clorofilúla a (camp),08/09/2018 09:00:00,1,mg/m3,12,Perfil amb sonda
0450401,Estanys de Banyoles,045040100,QLSup - Estanys de Banyoles,480010,4663228,Clorofilúla a (camp),08/09/2018 09:00:00,1.3,mg/m3,13,Perfil amb sonda
0450401,Estanys de Banyoles,045040100,QLSup - Estanys de Banyoles,480010,4663228,Clorofilúla a (camp),08/09/2018 09:00:00,1.5,mg/m3,14,Perfil amb sonda
0450401,Estanys de Banyoles,045040100,QLSup - Estanys de Banyoles,480010,4663228,Clorofilúla a (camp),08/09/2018 09:00:00,1,mg/m3,15,Perfil amb sonda
0450401,Estanys de Banyoles,045040100,QLSup - Estanys de Banyoles,480010,4663228,Clorofilúla a (camp),08/09/2018 09:00:00,1.3,mg/m3,16,Perfil amb sonda
0450401,Estanys de Banyoles,045040100,QLSup - Estanys de Banyoles,480010,4663228,Clorofilúla a (camp),08/09/2018 09:00:00,1.5,mg/m3,17,Perfil amb sonda
0450401,Estanys de Banyoles,045040100,QLSup - Estanys de Banyoles,480010,4663228,Clorofilúla a (camp),08/09/2018 09:00:00,1.3,mg/m3,18,Perfil amb sonda
0450401,Estanys de Banyoles,045040100,QLSup - Estanys de Banyoles,480010,4663228,Clorofilúla a (camp),08/09/2018 09:00:00,1,mg/m3,19,Perfil amb sonda
0450401,Estanys de Banyoles,045040100,QLSup - Estanys de Banyoles,480010,4663228,Clorofilúla a (camp),08/09/2018 09:00:00,1.5,mg/m3,20,Perfil amb sonda
0450401,Estanys de Banyoles,045040100,QLSup - Estanys de Banyoles,480010,4663228,Clorofilúla a (camp),08/09/2018 09:00:00,1.7,mg/m3,21,Perfil amb sonda
0450401,Estanys de Banyoles,045040100,QLSup - Estanys de Banyoles,480010,4663228,Clorofilúla a (camp),08/09/2018 09:00:00,1.4,mg/m3,22,Perfil amb sonda
0450401,Estanys de Banyoles,045040100,QLSup - Estanys de Banyoles,480010,4663228,Clorofilúla a (camp),08/09/2018 09:00:00,1.1,mg/m3,23,Perfil amb sonda
0450401,Estanys de Banyoles,045040100,QLSup - Estanys de Banyoles,480010,4663228,Clorofilúla a (camp),08/09/2018 09:00:00,1.4,mg/m3,24,Perfil amb sonda
0450401,Estanys de Banyoles,045040100,QLSup - Estanys de Banyoles,480010,4663228,Clorofilúla a (camp),08/09/2018 09:00:00,1.6,mg/m3,25,Perfil amb sonda
0450401,Estanys de Banyoles,045040100,QLSup - Estanys de Banyoles,480010,4663228,Clorofilúla a (camp),08/09/2018 09:00:00,1.6,mg/m3,26,Perfil amb sonda
0450401,Estanys de Banyoles,045040100,QLSup - Estanys de Banyoles,480010,4663228,Clorofilúla a (camp),08/09/2018 09:00:00,1,mg/m3,27,Perfil amb sonda
0450401,Estanys de Banyoles,045040100,QLSup - Estanys de Banyoles,480010,4663228,Clorofilúla a (camp),08/09/2018 09:00:00,1,mg/m3,28,Perfil amb sonda
0450401,Estanys de Banyoles,045040100,QLSup - Estanys de Banyoles,480010,4663228,Clorofilúla a (camp),08/09/2018 09:00:00,1.3,mg/m3,29,Perfil amb sonda
0450401,Estanys de Banyoles,045040100,QLSup - Estanys de Banyoles,480010,4663228,Clorofilúla a (camp),08/09/2018 09:00:00,1.6,mg/m3,30,Perfil amb sonda
0450401,Estanys de Banyoles,045040100,QLSup - Estanys de Banyoles,480010,4663228,Temperatura de l'aigua (camp),08/09/2018 09:00:00,27.6,§C,0,Perfil amb sonda
0450401,Estanys de Banyoles,045040100,QLSup - Estanys de Banyoles,480010,4663228,Temperatura de l'aigua (camp),08/09/2018 09:00:00,27.6,§C,1,Perfil amb sonda
0450401,Estanys de Banyoles,045040100,QLSup - Estanys de Banyoles,480010,4663228,Temperatura de l'aigua (camp),08/09/2018 09:00:00,27.6,§C,2,Perfil amb sonda
0450401,Estanys de Banyoles,045040100,QLSup - Estanys de Banyoles,480010,4663228,Temperatura de l'aigua (camp),08/09/2018 09:00:00,27.6,§C,3,Perfil amb sonda
0450401,Estanys de Banyoles,045040100,QLSup - Estanys de Banyoles,480010,4663228,Temperatura de l'aigua (camp),08/09/2018 09:00:00,27.6,§C,4,Perfil amb sonda
0450401,Estanys de Banyoles,045040100,QLSup - Estanys de Banyoles,480010,4663228,Temperatura de l'aigua (camp),08/09/2018 09:00:00,27.2,§C,5,Perfil amb sonda
0450401,Estanys de Banyoles,045040100,QLSup - Estanys de Banyoles,480010,4663228,Temperatura de l'aigua (camp),08/09/2018 09:00:00,23.2,§C,6,Perfil amb sonda
0450401,Estanys de Banyoles,045040100,QLSup - Estanys de Banyoles,480010,4663228,Temperatura de l'aigua (camp),08/09/2018 09:00:00,20.9,§C,7,Perfil amb sonda
0450401,Estanys de Banyoles,045040100,QLSup - Estanys de Banyoles,480010,4663228,Temperatura de l'aigua (camp),08/09/2018 09:00:00,18.3,§C,8,Perfil amb sonda
0450401,Estanys de Banyoles,045040100,QLSup - Estanys de Banyoles,480010,4663228,Temperatura de l'aigua (camp),08/09/2018 09:00:00,17.5,§C,9,Perfil amb sonda
0450401,Estanys de Banyoles,045040100,QLSup - Estanys de Banyoles,480010,4663228,Temperatura de l'aigua (camp),08/09/2018 09:00:00,17.1,§C,10,Perfil amb sonda
0450401,Estanys de Banyoles,045040100,QLSup - Estanys de Banyoles,480010,4663228,Temperatura de l'aigua (camp),08/09/2018 09:00:00,16.9,§C,11,Perfil amb sonda
0450401,Estanys de Banyoles,045040100,QLSup - Estanys de Banyoles,480010,4663228,Temperatura de l'aigua (camp),08/09/2018 09:00:00,16.8,§C,12,Perfil amb sonda
0450401,Estanys de Banyoles,045040100,QLSup - Estanys de Banyoles,480010,4663228,Temperatura de l'aigua (camp),08/09/2018 09:00:00,16.7,§C,13,Perfil amb sonda
0450401,Estanys de Banyoles,045040100,QLSup - Estanys de Banyoles,480010,4663228,Temperatura de l'aigua (camp),08/09/2018 09:00:00,16.7,§C,14,Perfil amb sonda
0450401,Estanys de Banyoles,045040100,QLSup - Estanys de Banyoles,480010,4663228,Temperatura de l'aigua (camp),08/09/2018 09:00:00,16.7,§C,15,Perfil amb sonda
0450401,Estanys de Banyoles,045040100,QLSup - Estanys de Banyoles,480010,4663228,Temperatura de l'aigua (camp),08/09/2018 09:00:00,16.7,§C,16,Perfil amb sonda
0450401,Estanys de Banyoles,045040100,QLSup - Estanys de Banyoles,480010,4663228,Temperatura de l'aigua (camp),08/09/2018 09:00:00,16.7,§C,17,Perfil amb sonda
0450401,Estanys de Banyoles,045040100,QLSup - Estanys de Banyoles,480010,4663228,Temperatura de l'aigua (camp),08/09/2018 09:00:00,16.7,§C,18,Perfil amb sonda
0450401,Estanys de Banyoles,045040100,QLSup - Estanys de Banyoles,480010,4663228,Temperatura de l'aigua (camp),08/09/2018 09:00:00,16.7,§C,19,Perfil amb sonda
0450401,Estanys de Banyoles,045040100,QLSup - Estanys de Banyoles,480010,4663228,Temperatura de l'aigua (camp),08/09/2018 09:00:00,16.7,§C,20,Perfil amb sonda
0450401,Estanys de Banyoles,045040100,QLSup - Estanys de Banyoles,480010,4663228,Temperatura de l'aigua (camp),08/09/2018 09:00:00,16.7,§C,21,Perfil amb sonda
0450401,Estanys de Banyoles,045040100,QLSup - Estanys de Banyoles,480010,4663228,Temperatura de l'aigua (camp),08/09/2018 09:00:00,16.7,§C,22,Perfil amb sonda
0450401,Estanys de Banyoles,045040100,QLSup - Estanys de Banyoles,480010,4663228,Temperatura de l'aigua (camp),08/09/2018 09:00:00,16.7,§C,23,Perfil amb sonda
0450401,Estanys de Banyoles,045040100,QLSup - Estanys de Banyoles,480010,4663228,Temperatura de l'aigua (camp),08/09/2018 09:00:00,16.7,§C,24,Perfil amb sonda
0450401,Estanys de Banyoles,045040100,QLSup - Estanys de Banyoles,480010,4663228,Temperatura de l'aigua (camp),08/09/2018 09:00:00,16.7,§C,25,Perfil amb sonda
0450401,Estanys de Banyoles,045040100,QLSup - Estanys de Banyoles,480010,4663228,Temperatura de l'aigua (camp),08/09/2018 09:00:00,16.7,§C,26,Perfil amb sonda
0450401,Estanys de Banyoles,045040100,QLSup - Estanys de Banyoles,480010,4663228,Temperatura de l'aigua (camp),08/09/2018 09:00:00,16.7,§C,27,Perfil amb sonda
0450401,Estanys de Banyoles,045040100,QLSup - Estanys de Banyoles,480010,4663228,Temperatura de l'aigua (camp),08/09/2018 09:00:00,16.6,§C,28,Perfil amb sonda
0450401,Estanys de Banyoles,045040100,QLSup - Estanys de Banyoles,480010,4663228,Temperatura de l'aigua (camp),08/09/2018 09:00:00,16.7,§C,29,Perfil amb sonda
0450401,Estanys de Banyoles,045040100,QLSup - Estanys de Banyoles,480010,4663228,Temperatura de l'aigua (camp),08/09/2018 09:00:00,16.7,§C,30,Perfil amb sonda
0450401,Estanys de Banyoles,045040100,QLSup - Estanys de Banyoles,480010,4663228,Clorofilúla a (camp),08/09/2018 09:01:00,1,mg/m3,9,Mostra integrada 0-13 m
0450401,Estanys de Banyoles,045040100,QLSup - Estanys de Banyoles,480010,4663228,Clorofilúla a (camp),08/09/2018 09:02:00,0.9,mg/m3,0,S
0450401,Estanys de Banyoles,045040100,QLSup - Estanys de Banyoles,480010,4663228,Clorofilúla a (camp),08/09/2018 09:03:00,0.8,mg/m3,5,T1
0450401,Estanys de Banyoles,045040100,QLSup - Estanys de Banyoles,480010,4663228,Clorofilúla a (camp),08/09/2018 09:04:00,0.9,mg/m3,10,T2
0450401,Estanys de Banyoles,045040100,QLSup - Estanys de Banyoles,480010,4663228,Clorofilúla a (camp),08/09/2018 09:05:00,0.8,mg/m3,30,F
0450401,Estanys de Banyoles,045040100,QLSup - Estanys de Banyoles,480010,4663228,pH,09/20/2018,7.9,u.pH,,
0450401,Estanys de Banyoles,045040100,QLSup - Estanys de Banyoles,480010,4663228,Suma d'anions,09/20/2018,17.8286,meq/L,,
0450401,Estanys de Banyoles,045040100,QLSup - Estanys de Banyoles,480010,4663228,Suma de cations,09/20/2018,17.0823,meq/L,,
0450401,Estanys de Banyoles,045040100,QLSup - Estanys de Banyoles,480010,4663228,pH,10/03/2018,8,u.pH,,
0450401,Estanys de Banyoles,045040100,QLSup - Estanys de Banyoles,480010,4663228,Suma d'anions,10/03/2018,15.8143,meq/L,,
0450401,Estanys de Banyoles,045040100,QLSup - Estanys de Banyoles,480010,4663228,Suma de cations,10/03/2018,16.4467,meq/L,,
0450401,Estanys de Banyoles,045040100,QLSup - Estanys de Banyoles,480010,4663228,pH,12/11/2018,7.8,u.pH,,
0450401,Estanys de Banyoles,045040100,QLSup - Estanys de Banyoles,480010,4663228,Suma d'anions,12/11/2018,16.1777,meq/L,,
0450401,Estanys de Banyoles,045040100,QLSup - Estanys de Banyoles,480010,4663228,Suma de cations,12/11/2018,17.878,meq/L,,
0450401,Estanys de Banyoles,045040100,QLSup - Estanys de Banyoles,480010,4663228,Conductivitat (camp),12/11/2018,1345,æS/cm,0,
0450401,Estanys de Banyoles,045040100,QLSup - Estanys de Banyoles,480010,4663228,Temperatura de l'aigua (camp),12/11/2018,13,§C,0,
0450401,Estanys de Banyoles,045040100,QLSup - Estanys de Banyoles,480010,4663228,Temperatura de l'aigua (camp),12/11/2018,13,§C,0,
0450401,Estanys de Banyoles,045040100,QLSup - Estanys de Banyoles,480010,4663228,pH,01/07/2019,7.8,u.pH,,
0450401,Estanys de Banyoles,045040100,QLSup - Estanys de Banyoles,480010,4663228,Suma d'anions,01/07/2019,15.6772,meq/L,,
0450401,Estanys de Banyoles,045040100,QLSup - Estanys de Banyoles,480010,4663228,Suma de cations,01/07/2019,14.8055,meq/L,,
0450401,Estanys de Banyoles,045040100,QLSup - Estanys de Banyoles,480010,4663228,Conductivitat (camp),01/07/2019,1460,æS/cm,0,
0450401,Estanys de Banyoles,045040100,QLSup - Estanys de Banyoles,480010,4663228,Temperatura de l'aigua (camp),01/07/2019,11,§C,0,
0450401,Estanys de Banyoles,045040100,QLSup - Estanys de Banyoles,480010,4663228,Temperatura de l'aigua (camp),01/07/2019,11,§C,0,
0450401,Estanys de Banyoles,045040100,QLSup - Estanys de Banyoles,480010,4663228,pH,03/19/2019,7.7,u.pH,,
0450401,Estanys de Banyoles,045040100,QLSup - Estanys de Banyoles,480010,4663228,Suma d'anions,03/19/2019,14.6772,meq/L,,
0450401,Estanys de Banyoles,045040100,QLSup - Estanys de Banyoles,480010,4663228,Suma de cations,03/19/2019,14.2989,meq/L,,
0450401,Estanys de Banyoles,045040100,QLSup - Estanys de Banyoles,480010,4663228,Conductivitat (camp),03/19/2019,1351,æS/cm,0,
0450401,Estanys de Banyoles,045040100,QLSup - Estanys de Banyoles,480010,4663228,Temperatura de l'aigua (camp),03/19/2019,13,§C,0,
0450401,Estanys de Banyoles,045040100,QLSup - Estanys de Banyoles,480010,4663228,Temperatura de l'aigua (camp),03/19/2019,13,§C,0,
0450401,Estanys de Banyoles,045040100,QLSup - Estanys de Banyoles,480010,4663228,pH,04/02/2019,8,u.pH,,
0450401,Estanys de Banyoles,045040100,QLSup - Estanys de Banyoles,480010,4663228,Suma d'anions,04/02/2019,17.7184,meq/L,,
0450401,Estanys de Banyoles,045040100,QLSup - Estanys de Banyoles,480010,4663228,Suma de cations,04/02/2019,16.5026,meq/L,,
0450401,Estanys de Banyoles,045040100,QLSup - Estanys de Banyoles,480010,4663228,pH,06/13/2019,7.4,u.pH,,
0450401,Estanys de Banyoles,045040100,QLSup - Estanys de Banyoles,480010,4663228,Suma d'anions,06/13/2019,15.4332,meq/L,,
0450401,Estanys de Banyoles,045040100,QLSup - Estanys de Banyoles,480010,4663228,Suma de cations,06/13/2019,15.0704,meq/L,,
0450401,Estanys de Banyoles,045040100,QLSup - Estanys de Banyoles,480010,4663228,Conductivitat (camp),06/13/2019,1336,æS/cm,0,
0450401,Estanys de Banyoles,045040100,QLSup - Estanys de Banyoles,480010,4663228,Oxigen dissolt (camp),06/13/2019,9.17,mg/L,0,
0450401,Estanys de Banyoles,045040100,QLSup - Estanys de Banyoles,480010,4663228,% Saturaci¢ d'oxigen (camp),06/13/2019,105,%,0,
0450401,Estanys de Banyoles,045040100,QLSup - Estanys de Banyoles,480010,4663228,Temperatura de l'aigua (camp),06/13/2019,21,§C,0,
0450401,Estanys de Banyoles,045040100,QLSup - Estanys de Banyoles,480010,4663228,Temperatura de l'aigua (camp),06/13/2019,21,§C,0,
0450401,Estanys de Banyoles,045040100,QLSup - Estanys de Banyoles,480010,4663228,pH,07/09/2019,7.8,u.pH,,
0450401,Estanys de Banyoles,045040100,QLSup - Estanys de Banyoles,480010,4663228,Suma d'anions,07/09/2019,13.2324,meq/L,,
0450401,Estanys de Banyoles,045040100,QLSup - Estanys de Banyoles,480010,4663228,Suma de cations,07/09/2019,13.239,meq/L,,
0450401,Estanys de Banyoles,045040100,QLSup - Estanys de Banyoles,480010,4663228,Conductivitat (camp),07/09/2019,1222,æS/cm,0,
0450401,Estanys de Banyoles,045040100,QLSup - Estanys de Banyoles,480010,4663228,Oxigen dissolt (camp),07/09/2019,9.16,mg/L,0,
0450401,Estanys de Banyoles,045040100,QLSup - Estanys de Banyoles,480010,4663228,% Saturaci¢ d'oxigen (camp),07/09/2019,118.2,%,0,
0450401,Estanys de Banyoles,045040100,QLSup - Estanys de Banyoles,480010,4663228,Temperatura de l'aigua (camp),07/09/2019,27,§C,0,
0450401,Estanys de Banyoles,045040100,QLSup - Estanys de Banyoles,480010,4663228,Temperatura de l'aigua (camp),07/09/2019,27,§C,0,
0450401,Estanys de Banyoles,045040100,QLSup - Estanys de Banyoles,480010,4663228,pH,09/04/2019,8,u.pH,,
0450401,Estanys de Banyoles,045040100,QLSup - Estanys de Banyoles,480010,4663228,Suma d'anions,09/04/2019,13.0797,meq/L,,
0450401,Estanys de Banyoles,045040100,QLSup - Estanys de Banyoles,480010,4663228,Suma de cations,09/04/2019,12.5773,meq/L,,
0450401,Estanys de Banyoles,045040100,QLSup - Estanys de Banyoles,480010,4663228,Conductivitat (camp),09/04/2019,1330,æS/cm,0,
0450401,Estanys de Banyoles,045040100,QLSup - Estanys de Banyoles,480010,4663228,Oxigen dissolt (camp),09/04/2019,9.33,mg/L,0,
0450401,Estanys de Banyoles,045040100,QLSup - Estanys de Banyoles,480010,4663228,% Saturaci¢ d'oxigen (camp),09/04/2019,116,%,0,
0450401,Estanys de Banyoles,045040100,QLSup - Estanys de Banyoles,480010,4663228,Temperatura de l'aigua (camp),09/04/2019,26,§C,0,
0450401,Estanys de Banyoles,045040100,QLSup - Estanys de Banyoles,480010,4663228,Temperatura de l'aigua (camp),09/04/2019,26,§C,0,
0450401,Estanys de Banyoles,045040100,QLSup - Estanys de Banyoles,480010,4663228,pH,10/02/2019,7.9,u.pH,,
0450401,Estanys de Banyoles,045040100,QLSup - Estanys de Banyoles,480010,4663228,Suma d'anions,10/02/2019,14.2847,meq/L,,
0450401,Estanys de Banyoles,045040100,QLSup - Estanys de Banyoles,480010,4663228,Suma de cations,10/02/2019,14.0591,meq/L,,
0450401,Estanys de Banyoles,045040100,QLSup - Estanys de Banyoles,480010,4663228,Conductivitat (camp),10/02/2019,1291,æS/cm,0,
0450401,Estanys de Banyoles,045040100,QLSup - Estanys de Banyoles,480010,4663228,Temperatura de l'aigua (camp),10/02/2019,25,§C,0,
0450401,Estanys de Banyoles,045040100,QLSup - Estanys de Banyoles,480010,4663228,Temperatura de l'aigua (camp),10/02/2019,25,§C,0,
0450401,Estanys de Banyoles,045040100,QLSup - Estanys de Banyoles,480010,4663228,pH,12/03/2019,7.8,u.pH,,
0450401,Estanys de Banyoles,045040100,QLSup - Estanys de Banyoles,480010,4663228,Suma d'anions,12/03/2019,18.1333,meq/L,,
0450401,Estanys de Banyoles,045040100,QLSup - Estanys de Banyoles,480010,4663228,Suma de cations,12/03/2019,18.2202,meq/L,,
0450401,Estanys de Banyoles,045040100,QLSup - Estanys de Banyoles,480010,4663228,Conductivitat (camp),12/03/2019,1336,æS/cm,0,
0450401,Estanys de Banyoles,045040100,QLSup - Estanys de Banyoles,480010,4663228,Temperatura de l'aigua (camp),12/03/2019,13,§C,0,
0450401,Estanys de Banyoles,045040100,QLSup - Estanys de Banyoles,480010,4663228,Temperatura de l'aigua (camp),12/03/2019,13,§C,0,
0450401,Estanys de Banyoles,045040100,QLSup - Estanys de Banyoles,480010,4663228,pH,03/11/2020,7.9,u.pH,,
0450401,Estanys de Banyoles,045040100,QLSup - Estanys de Banyoles,480010,4663228,Suma d'anions,03/11/2020,16.4117,meq/L,,
0450401,Estanys de Banyoles,045040100,QLSup - Estanys de Banyoles,480010,4663228,Suma de cations,03/11/2020,16.575,meq/L,,
0450401,Estanys de Banyoles,045040100,QLSup - Estanys de Banyoles,480010,4663228,Conductivitat (camp),03/11/2020,1291,æS/cm,0,
0450401,Estanys de Banyoles,045040100,QLSup - Estanys de Banyoles,480010,4663228,Temperatura de l'aigua (camp),03/11/2020,16,§C,0,
0450401,Estanys de Banyoles,045040100,QLSup - Estanys de Banyoles,480010,4663228,Temperatura de l'aigua (camp),03/11/2020,16,§C,0,
0450401,Estanys de Banyoles,045040100,QLSup - Estanys de Banyoles,480010,4663228,pH,06/29/2020,8,u.pH,,
0450401,Estanys de Banyoles,045040100,QLSup - Estanys de Banyoles,480010,4663228,Suma d'anions,06/29/2020,15.5658,meq/L,,
0450401,Estanys de Banyoles,045040100,QLSup - Estanys de Banyoles,480010,4663228,Suma de cations,06/29/2020,15.9014,meq/L,,
0450401,Estanys de Banyoles,045040100,QLSup - Estanys de Banyoles,480010,4663228,Conductivitat (camp),06/29/2020,1301,æS/cm,0,
0450401,Estanys de Banyoles,045040100,QLSup - Estanys de Banyoles,480010,4663228,Temperatura de l'aigua (camp),06/29/2020,26,§C,0,
0450401,Estanys de Banyoles,045040100,QLSup - Estanys de Banyoles,480010,4663228,Temperatura de l'aigua (camp),06/29/2020,26,§C,0,
0450401,Estanys de Banyoles,045040100,QLSup - Estanys de Banyoles,480010,4663228,pH,07/08/2020,7.7,u.pH,,
0450401,Estanys de Banyoles,045040100,QLSup - Estanys de Banyoles,480010,4663228,Suma d'anions,07/08/2020,18.4365,meq/L,,
0450401,Estanys de Banyoles,045040100,QLSup - Estanys de Banyoles,480010,4663228,Suma de cations,07/08/2020,17.6516,meq/L,,
0450401,Estanys de Banyoles,045040100,QLSup - Estanys de Banyoles,480010,4663228,Conductivitat (camp),07/08/2020,1322,æS/cm,0,
0450401,Estanys de Banyoles,045040100,QLSup - Estanys de Banyoles,480010,4663228,Temperatura de l'aigua (camp),07/08/2020,30.6,§C,0,
0450401,Estanys de Banyoles,045040100,QLSup - Estanys de Banyoles,480010,4663228,Temperatura de l'aigua (camp),07/08/2020,30.6,§C,0,
0450401,Estanys de Banyoles,045040100,QLSup - Estanys de Banyoles,480010,4663228,pH,09/30/2020,7.8,u.pH,,
0450401,Estanys de Banyoles,045040100,QLSup - Estanys de Banyoles,480010,4663228,Suma d'anions,09/30/2020,15.9193,meq/L,,
0450401,Estanys de Banyoles,045040100,QLSup - Estanys de Banyoles,480010,4663228,Suma de cations,09/30/2020,15.0566,meq/L,,
0450401,Estanys de Banyoles,045040100,QLSup - Estanys de Banyoles,480010,4663228,Conductivitat (camp),09/30/2020,1267,æS/cm,0,
0450401,Estanys de Banyoles,045040100,QLSup - Estanys de Banyoles,480010,4663228,Temperatura de l'aigua (camp),09/30/2020,21.3,§C,0,
0450401,Estanys de Banyoles,045040100,QLSup - Estanys de Banyoles,480010,4663228,Temperatura de l'aigua (camp),09/30/2020,21.3,§C,0,
0450401,Estanys de Banyoles,045040100,QLSup - Estanys de Banyoles,480010,4663228,pH,10/14/2020,7.7,u.pH,,
0450401,Estanys de Banyoles,045040100,QLSup - Estanys de Banyoles,480010,4663228,Suma d'anions,10/14/2020,15.4298,meq/L,,
0450401,Estanys de Banyoles,045040100,QLSup - Estanys de Banyoles,480010,4663228,Suma de cations,10/14/2020,14.6,meq/L,,
0450401,Estanys de Banyoles,045040100,QLSup - Estanys de Banyoles,480010,4663228,Conductivitat (camp),10/14/2020,1343,æS/cm,0,
0450401,Estanys de Banyoles,045040100,QLSup - Estanys de Banyoles,480010,4663228,Temperatura de l'aigua (camp),10/14/2020,21,§C,0,
0450401,Estanys de Banyoles,045040100,QLSup - Estanys de Banyoles,480010,4663228,Temperatura de l'aigua (camp),10/14/2020,21,§C,0,
0450401,Estanys de Banyoles,045040100,QLSup - Estanys de Banyoles,480010,4663228,pH,12/01/2020,7.8,u.pH,,
0450401,Estanys de Banyoles,045040100,QLSup - Estanys de Banyoles,480010,4663228,Suma d'anions,12/01/2020,16.8508,meq/L,,
0450401,Estanys de Banyoles,045040100,QLSup - Estanys de Banyoles,480010,4663228,Suma de cations,12/01/2020,16.6303,meq/L,,
0450401,Estanys de Banyoles,045040100,QLSup - Estanys de Banyoles,480010,4663228,Conductivitat (camp),12/01/2020,1384,æS/cm,0,
0450401,Estanys de Banyoles,045040100,QLSup - Estanys de Banyoles,480010,4663228,Temperatura de l'aigua (camp),12/01/2020,12.9,§C,0,
0450401,Estanys de Banyoles,045040100,QLSup - Estanys de Banyoles,480010,4663228,Temperatura de l'aigua (camp),12/01/2020,12.9,§C,0,
0450401,Estanys de Banyoles,045040100,QLSup - Estanys de Banyoles,480010,4663228,pH,01/19/2021,7.9,u.pH,,
0450401,Estanys de Banyoles,045040100,QLSup - Estanys de Banyoles,480010,4663228,Suma d'anions,01/19/2021,16.7992,meq/L,,
0450401,Estanys de Banyoles,045040100,QLSup - Estanys de Banyoles,480010,4663228,Suma de cations,01/19/2021,16.8934,meq/L,,
0450401,Estanys de Banyoles,045040100,QLSup - Estanys de Banyoles,480010,4663228,Conductivitat (camp),01/19/2021,1417,æS/cm,0,
0450401,Estanys de Banyoles,045040100,QLSup - Estanys de Banyoles,480010,4663228,Temperatura de l'aigua (camp),01/19/2021,10,§C,0,
0450401,Estanys de Banyoles,045040100,QLSup - Estanys de Banyoles,480010,4663228,Temperatura de l'aigua (camp),01/19/2021,10,§C,0,
0450401,Estanys de Banyoles,045040100,QLSup - Estanys de Banyoles,480010,4663228,pH,03/23/2021,8,u.pH,,
0450401,Estanys de Banyoles,045040100,QLSup - Estanys de Banyoles,480010,4663228,Suma d'anions,03/23/2021,17.4671,meq/L,,
0450401,Estanys de Banyoles,045040100,QLSup - Estanys de Banyoles,480010,4663228,Suma de cations,03/23/2021,18.8082,meq/L,,
0450401,Estanys de Banyoles,045040100,QLSup - Estanys de Banyoles,480010,4663228,Conductivitat (camp),03/23/2021,1485,æS/cm,0,
0450401,Estanys de Banyoles,045040100,QLSup - Estanys de Banyoles,480010,4663228,Temperatura de l'aigua (camp),03/23/2021,11.1,§C,0,
0450401,Estanys de Banyoles,045040100,QLSup - Estanys de Banyoles,480010,4663228,Temperatura de l'aigua (camp),03/23/2021,11.1,§C,0,
0450401,Estanys de Banyoles,045040100,QLSup - Estanys de Banyoles,480010,4663228,pH,04/26/2021,8,u.pH,,
0450401,Estanys de Banyoles,045040100,QLSup - Estanys de Banyoles,480010,4663228,Suma d'anions,04/26/2021,17.1451,meq/L,,
0450401,Estanys de Banyoles,045040100,QLSup - Estanys de Banyoles,480010,4663228,Suma de cations,04/26/2021,15.5269,meq/L,,
0450401,Estanys de Banyoles,045040100,QLSup - Estanys de Banyoles,480010,4663228,Conductivitat (camp),04/26/2021,1366,æS/cm,0,
0450401,Estanys de Banyoles,045040100,QLSup - Estanys de Banyoles,480010,4663228,Temperatura de l'aigua (camp),04/26/2021,15,§C,0,
0450401,Estanys de Banyoles,045040100,QLSup - Estanys de Banyoles,480010,4663228,Temperatura de l'aigua (camp),04/26/2021,15,§C,0,
0450401,Estanys de Banyoles,045040100,QLSup - Estanys de Banyoles,480010,4663228,pH,06/09/2021,7.9,u.pH,,
0450401,Estanys de Banyoles,045040100,QLSup - Estanys de Banyoles,480010,4663228,Suma d'anions,06/09/2021,16.4478,meq/L,,
0450401,Estanys de Banyoles,045040100,QLSup - Estanys de Banyoles,480010,4663228,Suma de cations,06/09/2021,15.9121,meq/L,,
0450401,Estanys de Banyoles,045040100,QLSup - Estanys de Banyoles,480010,4663228,Conductivitat (camp),06/09/2021,1343,æS/cm,0,
0450401,Estanys de Banyoles,045040100,QLSup - Estanys de Banyoles,480010,4663228,Temperatura de l'aigua (camp),06/09/2021,24.7,§C,0,
0450401,Estanys de Banyoles,045040100,QLSup - Estanys de Banyoles,480010,4663228,Temperatura de l'aigua (camp),06/09/2021,24.7,§C,0,
0450401,Estanys de Banyoles,045040100,QLSup - Estanys de Banyoles,480010,4663228,pH,07/21/2021,8,u.pH,,
0450401,Estanys de Banyoles,045040100,QLSup - Estanys de Banyoles,480010,4663228,Suma d'anions,07/21/2021,15.4101,meq/L,,
0450401,Estanys de Banyoles,045040100,QLSup - Estanys de Banyoles,480010,4663228,Suma de cations,07/21/2021,14.5995,meq/L,,
0450401,Estanys de Banyoles,045040100,QLSup - Estanys de Banyoles,480010,4663228,Conductivitat (camp),07/21/2021,1335,æS/cm,0,
0450401,Estanys de Banyoles,045040100,QLSup - Estanys de Banyoles,480010,4663228,Temperatura de l'aigua (camp),07/21/2021,27,§C,0,
0450401,Estanys de Banyoles,045040100,QLSup - Estanys de Banyoles,480010,4663228,Temperatura de l'aigua (camp),07/21/2021,27,§C,0,
0450401,Estanys de Banyoles,045040100,QLSup - Estanys de Banyoles,480010,4663228,Conductivitat (camp),07/27/2021 09:45:00,1214,æS/cm,0,
0450401,Estanys de Banyoles,045040100,QLSup - Estanys de Banyoles,480010,4663228,Conductivitat (camp),07/27/2021 09:45:00,1209,æS/cm,1,
0450401,Estanys de Banyoles,045040100,QLSup - Estanys de Banyoles,480010,4663228,Conductivitat (camp),07/27/2021 09:45:00,1208,æS/cm,2,
0450401,Estanys de Banyoles,045040100,QLSup - Estanys de Banyoles,480010,4663228,Conductivitat (camp),07/27/2021 09:45:00,1206,æS/cm,3,
0450401,Estanys de Banyoles,045040100,QLSup - Estanys de Banyoles,480010,4663228,Conductivitat (camp),07/27/2021 09:45:00,1204,æS/cm,4,
0450401,Estanys de Banyoles,045040100,QLSup - Estanys de Banyoles,480010,4663228,Conductivitat (camp),07/27/2021 09:45:00,1202,æS/cm,5,
0450401,Estanys de Banyoles,045040100,QLSup - Estanys de Banyoles,480010,4663228,Conductivitat (camp),07/27/2021 09:45:00,1223,æS/cm,6,
0450401,Estanys de Banyoles,045040100,QLSup - Estanys de Banyoles,480010,4663228,Conductivitat (camp),07/27/2021 09:45:00,1210,æS/cm,7,
0450401,Estanys de Banyoles,045040100,QLSup - Estanys de Banyoles,480010,4663228,Conductivitat (camp),07/27/2021 09:45:00,1193,æS/cm,8,
0450401,Estanys de Banyoles,045040100,QLSup - Estanys de Banyoles,480010,4663228,Conductivitat (camp),07/27/2021 09:45:00,1181,æS/cm,9,
0450401,Estanys de Banyoles,045040100,QLSup - Estanys de Banyoles,480010,4663228,Conductivitat (camp),07/27/2021 09:45:00,1177,æS/cm,10,
0450401,Estanys de Banyoles,045040100,QLSup - Estanys de Banyoles,480010,4663228,Conductivitat (camp),07/27/2021 09:45:00,1175,æS/cm,11,
0450401,Estanys de Banyoles,045040100,QLSup - Estanys de Banyoles,480010,4663228,Conductivitat (camp),07/27/2021 09:45:00,1174,æS/cm,12,
0450401,Estanys de Banyoles,045040100,QLSup - Estanys de Banyoles,480010,4663228,Conductivitat (camp),07/27/2021 09:45:00,1174,æS/cm,13,
0450401,Estanys de Banyoles,045040100,QLSup - Estanys de Banyoles,480010,4663228,Conductivitat (camp),07/27/2021 09:45:00,1174,æS/cm,14,
0450401,Estanys de Banyoles,045040100,QLSup - Estanys de Banyoles,480010,4663228,Conductivitat (camp),07/27/2021 09:45:00,1174,æS/cm,15,
0450401,Estanys de Banyoles,045040100,QLSup - Estanys de Banyoles,480010,4663228,Conductivitat (camp),07/27/2021 09:45:00,1174,æS/cm,16,
0450401,Estanys de Banyoles,045040100,QLSup - Estanys de Banyoles,480010,4663228,Conductivitat (camp),07/27/2021 09:45:00,1174,æS/cm,17,
0450401,Estanys de Banyoles,045040100,QLSup - Estanys de Banyoles,480010,4663228,Conductivitat (camp),07/27/2021 09:45:00,1173,æS/cm,18,
0450401,Estanys de Banyoles,045040100,QLSup - Estanys de Banyoles,480010,4663228,Conductivitat (camp),07/27/2021 09:45:00,1173,æS/cm,19,
0450401,Estanys de Banyoles,045040100,QLSup - Estanys de Banyoles,480010,4663228,Conductivitat (camp),07/27/2021 09:45:00,1173,æS/cm,20,
0450401,Estanys de Banyoles,045040100,QLSup - Estanys de Banyoles,480010,4663228,Conductivitat (camp),07/27/2021 09:45:00,1166,æS/cm,21,
0450401,Estanys de Banyoles,045040100,QLSup - Estanys de Banyoles,480010,4663228,Conductivitat (camp),07/27/2021 09:45:00,1159,æS/cm,22,
0450401,Estanys de Banyoles,045040100,QLSup - Estanys de Banyoles,480010,4663228,Conductivitat (camp),07/27/2021 09:45:00,1157,æS/cm,23,
0450401,Estanys de Banyoles,045040100,QLSup - Estanys de Banyoles,480010,4663228,Conductivitat (camp),07/27/2021 09:45:00,1159,æS/cm,24,
0450401,Estanys de Banyoles,045040100,QLSup - Estanys de Banyoles,480010,4663228,Conductivitat (camp),07/27/2021 09:45:00,1161,æS/cm,25,
0450401,Estanys de Banyoles,045040100,QLSup - Estanys de Banyoles,480010,4663228,Conductivitat (camp),07/27/2021 09:45:00,1161,æS/cm,26,
0450401,Estanys de Banyoles,045040100,QLSup - Estanys de Banyoles,480010,4663228,Conductivitat (camp),07/27/2021 09:45:00,1161,æS/cm,27,
0450401,Estanys de Banyoles,045040100,QLSup - Estanys de Banyoles,480010,4663228,Conductivitat (camp),07/27/2021 09:45:00,1161,æS/cm,28,
0450401,Estanys de Banyoles,045040100,QLSup - Estanys de Banyoles,480010,4663228,Conductivitat (camp),07/27/2021 09:45:00,1161,æS/cm,29,
0450401,Estanys de Banyoles,045040100,QLSup - Estanys de Banyoles,480010,4663228,Conductivitat (camp),07/27/2021 09:45:00,1160,æS/cm,30,
0450401,Estanys de Banyoles,045040100,QLSup - Estanys de Banyoles,480010,4663228,Conductivitat (camp),07/27/2021 09:45:00,1160,æS/cm,31,
0450401,Estanys de Banyoles,045040100,QLSup - Estanys de Banyoles,480010,4663228,Conductivitat (camp),07/27/2021 09:45:00,1160,æS/cm,32,
0450401,Estanys de Banyoles,045040100,QLSup - Estanys de Banyoles,480010,4663228,Conductivitat (camp),07/27/2021 09:45:00,1160,æS/cm,33,
0450401,Estanys de Banyoles,045040100,QLSup - Estanys de Banyoles,480010,4663228,Conductivitat (camp),07/27/2021 09:45:00,1160,æS/cm,34,
0450401,Estanys de Banyoles,045040100,QLSup - Estanys de Banyoles,480010,4663228,Conductivitat (camp),07/27/2021 09:45:00,1160,æS/cm,35,
0450401,Estanys de Banyoles,045040100,QLSup - Estanys de Banyoles,480010,4663228,Conductivitat (camp),07/27/2021 09:45:00,1160,æS/cm,36,
0450401,Estanys de Banyoles,045040100,QLSup - Estanys de Banyoles,480010,4663228,Conductivitat (camp),07/27/2021 09:45:00,1160,æS/cm,37,
0450401,Estanys de Banyoles,045040100,QLSup - Estanys de Banyoles,480010,4663228,Conductivitat (camp),07/27/2021 09:45:00,1160,æS/cm,38,
0450401,Estanys de Banyoles,045040100,QLSup - Estanys de Banyoles,480010,4663228,Conductivitat (camp),07/27/2021 09:45:00,1160,æS/cm,39,
0450401,Estanys de Banyoles,045040100,QLSup - Estanys de Banyoles,480010,4663228,Conductivitat (camp),07/27/2021 09:45:00,1160,æS/cm,40,
0450401,Estanys de Banyoles,045040100,QLSup - Estanys de Banyoles,480010,4663228,Conductivitat (camp),07/27/2021 09:45:00,1160,æS/cm,41,
0450401,Estanys de Banyoles,045040100,QLSup - Estanys de Banyoles,480010,4663228,Conductivitat (camp),07/27/2021 09:45:00,1160,æS/cm,42,
0450401,Estanys de Banyoles,045040100,QLSup - Estanys de Banyoles,480010,4663228,Conductivitat (camp),07/27/2021 09:45:00,1161,æS/cm,43,
0450401,Estanys de Banyoles,045040100,QLSup - Estanys de Banyoles,480010,4663228,Conductivitat (camp),07/27/2021 09:45:00,1161,æS/cm,44,
0450401,Estanys de Banyoles,045040100,QLSup - Estanys de Banyoles,480010,4663228,Conductivitat (camp),07/27/2021 09:45:00,1161,æS/cm,45,
0450401,Estanys de Banyoles,045040100,QLSup - Estanys de Banyoles,480010,4663228,Conductivitat (camp),07/27/2021 09:45:00,1161,æS/cm,46,
0450401,Estanys de Banyoles,045040100,QLSup - Estanys de Banyoles,480010,4663228,Conductivitat (camp),07/27/2021 09:45:00,1161,æS/cm,47,
0450401,Estanys de Banyoles,045040100,QLSup - Estanys de Banyoles,480010,4663228,Oxigen dissolt (camp),07/27/2021 09:45:00,9,mg/L,0,
0450401,Estanys de Banyoles,045040100,QLSup - Estanys de Banyoles,480010,4663228,Oxigen dissolt (camp),07/27/2021 09:45:00,9.1,mg/L,1,
0450401,Estanys de Banyoles,045040100,QLSup - Estanys de Banyoles,480010,4663228,Oxigen dissolt (camp),07/27/2021 09:45:00,9,mg/L,2,
0450401,Estanys de Banyoles,045040100,QLSup - Estanys de Banyoles,480010,4663228,Oxigen dissolt (camp),07/27/2021 09:45:00,9.1,mg/L,3,
0450401,Estanys de Banyoles,045040100,QLSup - Estanys de Banyoles,480010,4663228,Oxigen dissolt (camp),07/27/2021 09:45:00,9.1,mg/L,4,
0450401,Estanys de Banyoles,045040100,QLSup - Estanys de Banyoles,480010,4663228,Oxigen dissolt (camp),07/27/2021 09:45:00,9,mg/L,5,
0450401,Estanys de Banyoles,045040100,QLSup - Estanys de Banyoles,480010,4663228,Oxigen dissolt (camp),07/27/2021 09:45:00,12.8,mg/L,6,
0450401,Estanys de Banyoles,045040100,QLSup - Estanys de Banyoles,480010,4663228,Oxigen dissolt (camp),07/27/2021 09:45:00,12,mg/L,7,
0450401,Estanys de Banyoles,045040100,QLSup - Estanys de Banyoles,480010,4663228,Oxigen dissolt (camp),07/27/2021 09:45:00,9.6,mg/L,8,
0450401,Estanys de Banyoles,045040100,QLSup - Estanys de Banyoles,480010,4663228,Oxigen dissolt (camp),07/27/2021 09:45:00,5.7,mg/L,9,
0450401,Estanys de Banyoles,045040100,QLSup - Estanys de Banyoles,480010,4663228,Oxigen dissolt (camp),07/27/2021 09:45:00,5,mg/L,10,
0450401,Estanys de Banyoles,045040100,QLSup - Estanys de Banyoles,480010,4663228,Oxigen dissolt (camp),07/27/2021 09:45:00,4.2,mg/L,11,
0450401,Estanys de Banyoles,045040100,QLSup - Estanys de Banyoles,480010,4663228,Oxigen dissolt (camp),07/27/2021 09:45:00,3.9,mg/L,12,
0450401,Estanys de Banyoles,045040100,QLSup - Estanys de Banyoles,480010,4663228,Oxigen dissolt (camp),07/27/2021 09:45:00,3.8,mg/L,13,
0450401,Estanys de Banyoles,045040100,QLSup - Estanys de Banyoles,480010,4663228,Oxigen dissolt (camp),07/27/2021 09:45:00,3.6,mg/L,14,
0450401,Estanys de Banyoles,045040100,QLSup - Estanys de Banyoles,480010,4663228,Oxigen dissolt (camp),07/27/2021 09:45:00,3.4,mg/L,15,
0450401,Estanys de Banyoles,045040100,QLSup - Estanys de Banyoles,480010,4663228,Oxigen dissolt (camp),07/27/2021 09:45:00,3.4,mg/L,16,
0450401,Estanys de Banyoles,045040100,QLSup - Estanys de Banyoles,480010,4663228,Oxigen dissolt (camp),07/27/2021 09:45:00,3.4,mg/L,17,
0450401,Estanys de Banyoles,045040100,QLSup - Estanys de Banyoles,480010,4663228,Oxigen dissolt (camp),07/27/2021 09:45:00,3.4,mg/L,18,
0450401,Estanys de Banyoles,045040100,QLSup - Estanys de Banyoles,480010,4663228,Oxigen dissolt (camp),07/27/2021 09:45:00,3.6,mg/L,19,
0450401,Estanys de Banyoles,045040100,QLSup - Estanys de Banyoles,480010,4663228,Oxigen dissolt (camp),07/27/2021 09:45:00,3.6,mg/L,20,
0450401,Estanys de Banyoles,045040100,QLSup - Estanys de Banyoles,480010,4663228,Oxigen dissolt (camp),07/27/2021 09:45:00,3.5,mg/L,21,
0450401,Estanys de Banyoles,045040100,QLSup - Estanys de Banyoles,480010,4663228,Oxigen dissolt (camp),07/27/2021 09:45:00,3.5,mg/L,22,
0450401,Estanys de Banyoles,045040100,QLSup - Estanys de Banyoles,480010,4663228,Oxigen dissolt (camp),07/27/2021 09:45:00,3.5,mg/L,23,
0450401,Estanys de Banyoles,045040100,QLSup - Estanys de Banyoles,480010,4663228,Oxigen dissolt (camp),07/27/2021 09:45:00,3.5,mg/L,24,
0450401,Estanys de Banyoles,045040100,QLSup - Estanys de Banyoles,480010,4663228,Oxigen dissolt (camp),07/27/2021 09:45:00,3.5,mg/L,25,
0450401,Estanys de Banyoles,045040100,QLSup - Estanys de Banyoles,480010,4663228,Oxigen dissolt (camp),07/27/2021 09:45:00,3.5,mg/L,26,
0450401,Estanys de Banyoles,045040100,QLSup - Estanys de Banyoles,480010,4663228,Oxigen dissolt (camp),07/27/2021 09:45:00,3.5,mg/L,27,
0450401,Estanys de Banyoles,045040100,QLSup - Estanys de Banyoles,480010,4663228,Oxigen dissolt (camp),07/27/2021 09:45:00,3.5,mg/L,28,
0450401,Estanys de Banyoles,045040100,QLSup - Estanys de Banyoles,480010,4663228,Oxigen dissolt (camp),07/27/2021 09:45:00,3.5,mg/L,29,
0450401,Estanys de Banyoles,045040100,QLSup - Estanys de Banyoles,480010,4663228,Oxigen dissolt (camp),07/27/2021 09:45:00,3.5,mg/L,30,
0450401,Estanys de Banyoles,045040100,QLSup - Estanys de Banyoles,480010,4663228,Oxigen dissolt (camp),07/27/2021 09:45:00,3.5,mg/L,31,
0450401,Estanys de Banyoles,045040100,QLSup - Estanys de Banyoles,480010,4663228,Oxigen dissolt (camp),07/27/2021 09:45:00,3.5,mg/L,32,
0450401,Estanys de Banyoles,045040100,QLSup - Estanys de Banyoles,480010,4663228,Oxigen dissolt (camp),07/27/2021 09:45:00,3.5,mg/L,33,
0450401,Estanys de Banyoles,045040100,QLSup - Estanys de Banyoles,480010,4663228,Oxigen dissolt (camp),07/27/2021 09:45:00,3.5,mg/L,34,
0450401,Estanys de Banyoles,045040100,QLSup - Estanys de Banyoles,480010,4663228,Oxigen dissolt (camp),07/27/2021 09:45:00,3.5,mg/L,35,
0450401,Estanys de Banyoles,045040100,QLSup - Estanys de Banyoles,480010,4663228,Oxigen dissolt (camp),07/27/2021 09:45:00,3.5,mg/L,36,
0450401,Estanys de Banyoles,045040100,QLSup - Estanys de Banyoles,480010,4663228,Oxigen dissolt (camp),07/27/2021 09:45:00,3.5,mg/L,37,
0450401,Estanys de Banyoles,045040100,QLSup - Estanys de Banyoles,480010,4663228,Oxigen dissolt (camp),07/27/2021 09:45:00,3.5,mg/L,38,
0450401,Estanys de Banyoles,045040100,QLSup - Estanys de Banyoles,480010,4663228,Oxigen dissolt (camp),07/27/2021 09:45:00,3.5,mg/L,39,
0450401,Estanys de Banyoles,045040100,QLSup - Estanys de Banyoles,480010,4663228,Oxigen dissolt (camp),07/27/2021 09:45:00,3.5,mg/L,40,
0450401,Estanys de Banyoles,045040100,QLSup - Estanys de Banyoles,480010,4663228,Oxigen dissolt (camp),07/27/2021 09:45:00,3.4,mg/L,41,
0450401,Estanys de Banyoles,045040100,QLSup - Estanys de Banyoles,480010,4663228,Oxigen dissolt (camp),07/27/2021 09:45:00,3.4,mg/L,42,
0450401,Estanys de Banyoles,045040100,QLSup - Estanys de Banyoles,480010,4663228,Oxigen dissolt (camp),07/27/2021 09:45:00,3.4,mg/L,43,
0450401,Estanys de Banyoles,045040100,QLSup - Estanys de Banyoles,480010,4663228,Oxigen dissolt (camp),07/27/2021 09:45:00,3.3,mg/L,44,
0450401,Estanys de Banyoles,045040100,QLSup - Estanys de Banyoles,480010,4663228,Oxigen dissolt (camp),07/27/2021 09:45:00,3.4,mg/L,45,
0450401,Estanys de Banyoles,045040100,QLSup - Estanys de Banyoles,480010,4663228,Oxigen dissolt (camp),07/27/2021 09:45:00,3.3,mg/L,46,
0450401,Estanys de Banyoles,045040100,QLSup - Estanys de Banyoles,480010,4663228,Oxigen dissolt (camp),07/27/2021 09:45:00,3.3,mg/L,47,
0450401,Estanys de Banyoles,045040100,QLSup - Estanys de Banyoles,480010,4663228,% Saturaci¢ d'oxigen (camp),07/27/2021 09:45:00,112.6,%,0,
0450401,Estanys de Banyoles,045040100,QLSup - Estanys de Banyoles,480010,4663228,% Saturaci¢ d'oxigen (camp),07/27/2021 09:45:00,112.7,%,1,
0450401,Estanys de Banyoles,045040100,QLSup - Estanys de Banyoles,480010,4663228,% Saturaci¢ d'oxigen (camp),07/27/2021 09:45:00,112.6,%,2,
0450401,Estanys de Banyoles,045040100,QLSup - Estanys de Banyoles,480010,4663228,% Saturaci¢ d'oxigen (camp),07/27/2021 09:45:00,112.6,%,3,
0450401,Estanys de Banyoles,045040100,QLSup - Estanys de Banyoles,480010,4663228,% Saturaci¢ d'oxigen (camp),07/27/2021 09:45:00,112.6,%,4,
0450401,Estanys de Banyoles,045040100,QLSup - Estanys de Banyoles,480010,4663228,% Saturaci¢ d'oxigen (camp),07/27/2021 09:45:00,112.5,%,5,
0450401,Estanys de Banyoles,045040100,QLSup - Estanys de Banyoles,480010,4663228,% Saturaci¢ d'oxigen (camp),07/27/2021 09:45:00,152,%,6,
0450401,Estanys de Banyoles,045040100,QLSup - Estanys de Banyoles,480010,4663228,% Saturaci¢ d'oxigen (camp),07/27/2021 09:45:00,136,%,7,
0450401,Estanys de Banyoles,045040100,QLSup - Estanys de Banyoles,480010,4663228,% Saturaci¢ d'oxigen (camp),07/27/2021 09:45:00,104.3,%,8,
0450401,Estanys de Banyoles,045040100,QLSup - Estanys de Banyoles,480010,4663228,% Saturaci¢ d'oxigen (camp),07/27/2021 09:45:00,60.6,%,9,
0450401,Estanys de Banyoles,045040100,QLSup - Estanys de Banyoles,480010,4663228,% Saturaci¢ d'oxigen (camp),07/27/2021 09:45:00,52.8,%,10,
0450401,Estanys de Banyoles,045040100,QLSup - Estanys de Banyoles,480010,4663228,% Saturaci¢ d'oxigen (camp),07/27/2021 09:45:00,43.6,%,11,
0450401,Estanys de Banyoles,045040100,QLSup - Estanys de Banyoles,480010,4663228,% Saturaci¢ d'oxigen (camp),07/27/2021 09:45:00,40.6,%,12,
0450401,Estanys de Banyoles,045040100,QLSup - Estanys de Banyoles,480010,4663228,% Saturaci¢ d'oxigen (camp),07/27/2021 09:45:00,39.4,%,13,
0450401,Estanys de Banyoles,045040100,QLSup - Estanys de Banyoles,480010,4663228,% Saturaci¢ d'oxigen (camp),07/27/2021 09:45:00,37.2,%,14,
0450401,Estanys de Banyoles,045040100,QLSup - Estanys de Banyoles,480010,4663228,% Saturaci¢ d'oxigen (camp),07/27/2021 09:45:00,35.5,%,15,
0450401,Estanys de Banyoles,045040100,QLSup - Estanys de Banyoles,480010,4663228,% Saturaci¢ d'oxigen (camp),07/27/2021 09:45:00,35.2,%,16,
0450401,Estanys de Banyoles,045040100,QLSup - Estanys de Banyoles,480010,4663228,% Saturaci¢ d'oxigen (camp),07/27/2021 09:45:00,34.9,%,17,
0450401,Estanys de Banyoles,045040100,QLSup - Estanys de Banyoles,480010,4663228,% Saturaci¢ d'oxigen (camp),07/27/2021 09:45:00,35.3,%,18,
0450401,Estanys de Banyoles,045040100,QLSup - Estanys de Banyoles,480010,4663228,% Saturaci¢ d'oxigen (camp),07/27/2021 09:45:00,37.5,%,19,
0450401,Estanys de Banyoles,045040100,QLSup - Estanys de Banyoles,480010,4663228,% Saturaci¢ d'oxigen (camp),07/27/2021 09:45:00,37.5,%,20,
0450401,Estanys de Banyoles,045040100,QLSup - Estanys de Banyoles,480010,4663228,% Saturaci¢ d'oxigen (camp),07/27/2021 09:45:00,32.9,%,21,
0450401,Estanys de Banyoles,045040100,QLSup - Estanys de Banyoles,480010,4663228,% Saturaci¢ d'oxigen (camp),07/27/2021 09:45:00,32.7,%,22,
0450401,Estanys de Banyoles,045040100,QLSup - Estanys de Banyoles,480010,4663228,% Saturaci¢ d'oxigen (camp),07/27/2021 09:45:00,32.6,%,23,
0450401,Estanys de Banyoles,045040100,QLSup - Estanys de Banyoles,480010,4663228,% Saturaci¢ d'oxigen (camp),07/27/2021 09:45:00,32.5,%,24,
0450401,Estanys de Banyoles,045040100,QLSup - Estanys de Banyoles,480010,4663228,% Saturaci¢ d'oxigen (camp),07/27/2021 09:45:00,32.5,%,25,
0450401,Estanys de Banyoles,045040100,QLSup - Estanys de Banyoles,480010,4663228,% Saturaci¢ d'oxigen (camp),07/27/2021 09:45:00,32.5,%,26,
0450401,Estanys de Banyoles,045040100,QLSup - Estanys de Banyoles,480010,4663228,% Saturaci¢ d'oxigen (camp),07/27/2021 09:45:00,32.5,%,27,
0450401,Estanys de Banyoles,045040100,QLSup - Estanys de Banyoles,480010,4663228,% Saturaci¢ d'oxigen (camp),07/27/2021 09:45:00,32.4,%,28,
0450401,Estanys de Banyoles,045040100,QLSup - Estanys de Banyoles,480010,4663228,% Saturaci¢ d'oxigen (camp),07/27/2021 09:45:00,32.4,%,29,
0450401,Estanys de Banyoles,045040100,QLSup - Estanys de Banyoles,480010,4663228,% Saturaci¢ d'oxigen (camp),07/27/2021 09:45:00,32.4,%,30,
0450401,Estanys de Banyoles,045040100,QLSup - Estanys de Banyoles,480010,4663228,% Saturaci¢ d'oxigen (camp),07/27/2021 09:45:00,32.3,%,31,
0450401,Estanys de Banyoles,045040100,QLSup - Estanys de Banyoles,480010,4663228,% Saturaci¢ d'oxigen (camp),07/27/2021 09:45:00,32.3,%,32,
0450401,Estanys de Banyoles,045040100,QLSup - Estanys de Banyoles,480010,4663228,% Saturaci¢ d'oxigen (camp),07/27/2021 09:45:00,32.3,%,33,
0450401,Estanys de Banyoles,045040100,QLSup - Estanys de Banyoles,480010,4663228,% Saturaci¢ d'oxigen (camp),07/27/2021 09:45:00,32.3,%,34,
0450401,Estanys de Banyoles,045040100,QLSup - Estanys de Banyoles,480010,4663228,% Saturaci¢ d'oxigen (camp),07/27/2021 09:45:00,32.3,%,35,
0450401,Estanys de Banyoles,045040100,QLSup - Estanys de Banyoles,480010,4663228,% Saturaci¢ d'oxigen (camp),07/27/2021 09:45:00,32.3,%,36,
0450401,Estanys de Banyoles,045040100,QLSup - Estanys de Banyoles,480010,4663228,% Saturaci¢ d'oxigen (camp),07/27/2021 09:45:00,32.2,%,37,
0450401,Estanys de Banyoles,045040100,QLSup - Estanys de Banyoles,480010,4663228,% Saturaci¢ d'oxigen (camp),07/27/2021 09:45:00,32.2,%,38,
0450401,Estanys de Banyoles,045040100,QLSup - Estanys de Banyoles,480010,4663228,% Saturaci¢ d'oxigen (camp),07/27/2021 09:45:00,32.2,%,39,
0450401,Estanys de Banyoles,045040100,QLSup - Estanys de Banyoles,480010,4663228,% Saturaci¢ d'oxigen (camp),07/27/2021 09:45:00,32,%,40,
0450401,Estanys de Banyoles,045040100,QLSup - Estanys de Banyoles,480010,4663228,% Saturaci¢ d'oxigen (camp),07/27/2021 09:45:00,31.8,%,41,
0450401,Estanys de Banyoles,045040100,QLSup - Estanys de Banyoles,480010,4663228,% Saturaci¢ d'oxigen (camp),07/27/2021 09:45:00,31.5,%,42,
0450401,Estanys de Banyoles,045040100,QLSup - Estanys de Banyoles,480010,4663228,% Saturaci¢ d'oxigen (camp),07/27/2021 09:45:00,31,%,43,
0450401,Estanys de Banyoles,045040100,QLSup - Estanys de Banyoles,480010,4663228,% Saturaci¢ d'oxigen (camp),07/27/2021 09:45:00,31,%,44,
0450401,Estanys de Banyoles,045040100,QLSup - Estanys de Banyoles,480010,4663228,% Saturaci¢ d'oxigen (camp),07/27/2021 09:45:00,31,%,45,
0450401,Estanys de Banyoles,045040100,QLSup - Estanys de Banyoles,480010,4663228,% Saturaci¢ d'oxigen (camp),07/27/2021 09:45:00,30.9,%,46,
0450401,Estanys de Banyoles,045040100,QLSup - Estanys de Banyoles,480010,4663228,% Saturaci¢ d'oxigen (camp),07/27/2021 09:45:00,30.9,%,47,
0450401,Estanys de Banyoles,045040100,QLSup - Estanys de Banyoles,480010,4663228,Temperatura de l'aigua (camp),07/27/2021 09:45:00,26.4,§C,0,
0450401,Estanys de Banyoles,045040100,QLSup - Estanys de Banyoles,480010,4663228,Temperatura de l'aigua (camp),07/27/2021 09:45:00,26.4,§C,1,
0450401,Estanys de Banyoles,045040100,QLSup - Estanys de Banyoles,480010,4663228,Temperatura de l'aigua (camp),07/27/2021 09:45:00,26.4,§C,2,
0450401,Estanys de Banyoles,045040100,QLSup - Estanys de Banyoles,480010,4663228,Temperatura de l'aigua (camp),07/27/2021 09:45:00,26.3,§C,3,
0450401,Estanys de Banyoles,045040100,QLSup - Estanys de Banyoles,480010,4663228,Temperatura de l'aigua (camp),07/27/2021 09:45:00,26.3,§C,4,
0450401,Estanys de Banyoles,045040100,QLSup - Estanys de Banyoles,480010,4663228,Temperatura de l'aigua (camp),07/27/2021 09:45:00,26.3,§C,5,
0450401,Estanys de Banyoles,045040100,QLSup - Estanys de Banyoles,480010,4663228,Temperatura de l'aigua (camp),07/27/2021 09:45:00,23.9,§C,6,
0450401,Estanys de Banyoles,045040100,QLSup - Estanys de Banyoles,480010,4663228,Temperatura de l'aigua (camp),07/27/2021 09:45:00,21.4,§C,7,
0450401,Estanys de Banyoles,045040100,QLSup - Estanys de Banyoles,480010,4663228,Temperatura de l'aigua (camp),07/27/2021 09:45:00,19.4,§C,8,
0450401,Estanys de Banyoles,045040100,QLSup - Estanys de Banyoles,480010,4663228,Temperatura de l'aigua (camp),07/27/2021 09:45:00,17.8,§C,9,
0450401,Estanys de Banyoles,045040100,QLSup - Estanys de Banyoles,480010,4663228,Temperatura de l'aigua (camp),07/27/2021 09:45:00,17.4,§C,10,
0450401,Estanys de Banyoles,045040100,QLSup - Estanys de Banyoles,480010,4663228,Temperatura de l'aigua (camp),07/27/2021 09:45:00,17.3,§C,11,
0450401,Estanys de Banyoles,045040100,QLSup - Estanys de Banyoles,480010,4663228,Temperatura de l'aigua (camp),07/27/2021 09:45:00,17.3,§C,12,
0450401,Estanys de Banyoles,045040100,QLSup - Estanys de Banyoles,480010,4663228,Temperatura de l'aigua (camp),07/27/2021 09:45:00,17.2,§C,13,
0450401,Estanys de Banyoles,045040100,QLSup - Estanys de Banyoles,480010,4663228,Temperatura de l'aigua (camp),07/27/2021 09:45:00,17.2,§C,14,
0450401,Estanys de Banyoles,045040100,QLSup - Estanys de Banyoles,480010,4663228,Temperatura de l'aigua (camp),07/27/2021 09:45:00,17.2,§C,15,
0450401,Estanys de Banyoles,045040100,QLSup - Estanys de Banyoles,480010,4663228,Temperatura de l'aigua (camp),07/27/2021 09:45:00,17.2,§C,16,
0450401,Estanys de Banyoles,045040100,QLSup - Estanys de Banyoles,480010,4663228,Temperatura de l'aigua (camp),07/27/2021 09:45:00,17.2,§C,17,
0450401,Estanys de Banyoles,045040100,QLSup - Estanys de Banyoles,480010,4663228,Temperatura de l'aigua (camp),07/27/2021 09:45:00,17.2,§C,18,
0450401,Estanys de Banyoles,045040100,QLSup - Estanys de Banyoles,480010,4663228,Temperatura de l'aigua (camp),07/27/2021 09:45:00,17.2,§C,19,
0450401,Estanys de Banyoles,045040100,QLSup - Estanys de Banyoles,480010,4663228,Temperatura de l'aigua (camp),07/27/2021 09:45:00,17.1,§C,20,
0450401,Estanys de Banyoles,045040100,QLSup - Estanys de Banyoles,480010,4663228,Temperatura de l'aigua (camp),07/27/2021 09:45:00,12.3,§C,21,
0450401,Estanys de Banyoles,045040100,QLSup - Estanys de Banyoles,480010,4663228,Temperatura de l'aigua (camp),07/27/2021 09:45:00,11.8,§C,22,
0450401,Estanys de Banyoles,045040100,QLSup - Estanys de Banyoles,480010,4663228,Temperatura de l'aigua (camp),07/27/2021 09:45:00,11.8,§C,23,
0450401,Estanys de Banyoles,045040100,QLSup - Estanys de Banyoles,480010,4663228,Temperatura de l'aigua (camp),07/27/2021 09:45:00,11.7,§C,24,
0450401,Estanys de Banyoles,045040100,QLSup - Estanys de Banyoles,480010,4663228,Temperatura de l'aigua (camp),07/27/2021 09:45:00,11.7,§C,25,
0450401,Estanys de Banyoles,045040100,QLSup - Estanys de Banyoles,480010,4663228,Temperatura de l'aigua (camp),07/27/2021 09:45:00,11.7,§C,26,
0450401,Estanys de Banyoles,045040100,QLSup - Estanys de Banyoles,480010,4663228,Temperatura de l'aigua (camp),07/27/2021 09:45:00,11.7,§C,27,
0450401,Estanys de Banyoles,045040100,QLSup - Estanys de Banyoles,480010,4663228,Temperatura de l'aigua (camp),07/27/2021 09:45:00,11.7,§C,28,
0450401,Estanys de Banyoles,045040100,QLSup - Estanys de Banyoles,480010,4663228,Temperatura de l'aigua (camp),07/27/2021 09:45:00,11.7,§C,29,
0450401,Estanys de Banyoles,045040100,QLSup - Estanys de Banyoles,480010,4663228,Temperatura de l'aigua (camp),07/27/2021 09:45:00,11.7,§C,30,
0450401,Estanys de Banyoles,045040100,QLSup - Estanys de Banyoles,480010,4663228,Temperatura de l'aigua (camp),07/27/2021 09:45:00,11.7,§C,31,
0450401,Estanys de Banyoles,045040100,QLSup - Estanys de Banyoles,480010,4663228,Temperatura de l'aigua (camp),07/27/2021 09:45:00,11.7,§C,32,
0450401,Estanys de Banyoles,045040100,QLSup - Estanys de Banyoles,480010,4663228,Temperatura de l'aigua (camp),07/27/2021 09:45:00,11.7,§C,33,
0450401,Estanys de Banyoles,045040100,QLSup - Estanys de Banyoles,480010,4663228,Temperatura de l'aigua (camp),07/27/2021 09:45:00,11.7,§C,34,
0450401,Estanys de Banyoles,045040100,QLSup - Estanys de Banyoles,480010,4663228,Temperatura de l'aigua (camp),07/27/2021 09:45:00,11.7,§C,35,
0450401,Estanys de Banyoles,045040100,QLSup - Estanys de Banyoles,480010,4663228,Temperatura de l'aigua (camp),07/27/2021 09:45:00,11.7,§C,36,
0450401,Estanys de Banyoles,045040100,QLSup - Estanys de Banyoles,480010,4663228,Temperatura de l'aigua (camp),07/27/2021 09:45:00,11.7,§C,37,
0450401,Estanys de Banyoles,045040100,QLSup - Estanys de Banyoles,480010,4663228,Temperatura de l'aigua (camp),07/27/2021 09:45:00,11.7,§C,38,
0450401,Estanys de Banyoles,045040100,QLSup - Estanys de Banyoles,480010,4663228,Temperatura de l'aigua (camp),07/27/2021 09:45:00,11.7,§C,39,
0450401,Estanys de Banyoles,045040100,QLSup - Estanys de Banyoles,480010,4663228,Temperatura de l'aigua (camp),07/27/2021 09:45:00,11.7,§C,40,
0450401,Estanys de Banyoles,045040100,QLSup - Estanys de Banyoles,480010,4663228,Temperatura de l'aigua (camp),07/27/2021 09:45:00,11.7,§C,41,
0450401,Estanys de Banyoles,045040100,QLSup - Estanys de Banyoles,480010,4663228,Temperatura de l'aigua (camp),07/27/2021 09:45:00,11.7,§C,42,
0450401,Estanys de Banyoles,045040100,QLSup - Estanys de Banyoles,480010,4663228,Temperatura de l'aigua (camp),07/27/2021 09:45:00,11.7,§C,43,
0450401,Estanys de Banyoles,045040100,QLSup - Estanys de Banyoles,480010,4663228,Temperatura de l'aigua (camp),07/27/2021 09:45:00,11.7,§C,44,
0450401,Estanys de Banyoles,045040100,QLSup - Estanys de Banyoles,480010,4663228,Temperatura de l'aigua (camp),07/27/2021 09:45:00,11.7,§C,45,
0450401,Estanys de Banyoles,045040100,QLSup - Estanys de Banyoles,480010,4663228,Temperatura de l'aigua (camp),07/27/2021 09:45:00,11.7,§C,46,
0450401,Estanys de Banyoles,045040100,QLSup - Estanys de Banyoles,480010,4663228,Temperatura de l'aigua (camp),07/27/2021 09:45:00,11.7,§C,47,
0450401,Estanys de Banyoles,045040100,QLSup - Estanys de Banyoles,480010,4663228,Temperatura de l'aigua (camp),07/27/2021 09:45:00,26.4,§C,0,Perfil amb sonda
0450401,Estanys de Banyoles,045040100,QLSup - Estanys de Banyoles,480010,4663228,Temperatura de l'aigua (camp),07/27/2021 09:45:00,26.4,§C,1,Perfil amb sonda
0450401,Estanys de Banyoles,045040100,QLSup - Estanys de Banyoles,480010,4663228,Temperatura de l'aigua (camp),07/27/2021 09:45:00,26.4,§C,2,Perfil amb sonda
0450401,Estanys de Banyoles,045040100,QLSup - Estanys de Banyoles,480010,4663228,Temperatura de l'aigua (camp),07/27/2021 09:45:00,26.3,§C,3,Perfil amb sonda
0450401,Estanys de Banyoles,045040100,QLSup - Estanys de Banyoles,480010,4663228,Temperatura de l'aigua (camp),07/27/2021 09:45:00,26.3,§C,4,Perfil amb sonda
0450401,Estanys de Banyoles,045040100,QLSup - Estanys de Banyoles,480010,4663228,Temperatura de l'aigua (camp),07/27/2021 09:45:00,26.3,§C,5,Perfil amb sonda
0450401,Estanys de Banyoles,045040100,QLSup - Estanys de Banyoles,480010,4663228,Temperatura de l'aigua (camp),07/27/2021 09:45:00,23.9,§C,6,Perfil amb sonda
0450401,Estanys de Banyoles,045040100,QLSup - Estanys de Banyoles,480010,4663228,Temperatura de l'aigua (camp),07/27/2021 09:45:00,21.4,§C,7,Perfil amb sonda
0450401,Estanys de Banyoles,045040100,QLSup - Estanys de Banyoles,480010,4663228,Temperatura de l'aigua (camp),07/27/2021 09:45:00,19.4,§C,8,Perfil amb sonda
0450401,Estanys de Banyoles,045040100,QLSup - Estanys de Banyoles,480010,4663228,Temperatura de l'aigua (camp),07/27/2021 09:45:00,17.8,§C,9,Perfil amb sonda
0450401,Estanys de Banyoles,045040100,QLSup - Estanys de Banyoles,480010,4663228,Temperatura de l'aigua (camp),07/27/2021 09:45:00,17.4,§C,10,Perfil amb sonda
0450401,Estanys de Banyoles,045040100,QLSup - Estanys de Banyoles,480010,4663228,Temperatura de l'aigua (camp),07/27/2021 09:45:00,17.3,§C,11,Perfil amb sonda
0450401,Estanys de Banyoles,045040100,QLSup - Estanys de Banyoles,480010,4663228,Temperatura de l'aigua (camp),07/27/2021 09:45:00,17.3,§C,12,Perfil amb sonda
0450401,Estanys de Banyoles,045040100,QLSup - Estanys de Banyoles,480010,4663228,Temperatura de l'aigua (camp),07/27/2021 09:45:00,17.2,§C,13,Perfil amb sonda
0450401,Estanys de Banyoles,045040100,QLSup - Estanys de Banyoles,480010,4663228,Temperatura de l'aigua (camp),07/27/2021 09:45:00,17.2,§C,14,Perfil amb sonda
0450401,Estanys de Banyoles,045040100,QLSup - Estanys de Banyoles,480010,4663228,Temperatura de l'aigua (camp),07/27/2021 09:45:00,17.2,§C,15,Perfil amb sonda
0450401,Estanys de Banyoles,045040100,QLSup - Estanys de Banyoles,480010,4663228,Temperatura de l'aigua (camp),07/27/2021 09:45:00,17.2,§C,16,Perfil amb sonda
0450401,Estanys de Banyoles,045040100,QLSup - Estanys de Banyoles,480010,4663228,Temperatura de l'aigua (camp),07/27/2021 09:45:00,17.2,§C,17,Perfil amb sonda
0450401,Estanys de Banyoles,045040100,QLSup - Estanys de Banyoles,480010,4663228,Temperatura de l'aigua (camp),07/27/2021 09:45:00,17.2,§C,18,Perfil amb sonda
0450401,Estanys de Banyoles,045040100,QLSup - Estanys de Banyoles,480010,4663228,Temperatura de l'aigua (camp),07/27/2021 09:45:00,17.2,§C,19,Perfil amb sonda
0450401,Estanys de Banyoles,045040100,QLSup - Estanys de Banyoles,480010,4663228,Temperatura de l'aigua (camp),07/27/2021 09:45:00,17.1,§C,20,Perfil amb sonda
0450401,Estanys de Banyoles,045040100,QLSup - Estanys de Banyoles,480010,4663228,Temperatura de l'aigua (camp),07/27/2021 09:45:00,12.3,§C,21,Perfil amb sonda
0450401,Estanys de Banyoles,045040100,QLSup - Estanys de Banyoles,480010,4663228,Temperatura de l'aigua (camp),07/27/2021 09:45:00,11.8,§C,22,Perfil amb sonda
0450401,Estanys de Banyoles,045040100,QLSup - Estanys de Banyoles,480010,4663228,Temperatura de l'aigua (camp),07/27/2021 09:45:00,11.8,§C,23,Perfil amb sonda
0450401,Estanys de Banyoles,045040100,QLSup - Estanys de Banyoles,480010,4663228,Temperatura de l'aigua (camp),07/27/2021 09:45:00,11.7,§C,24,Perfil amb sonda
0450401,Estanys de Banyoles,045040100,QLSup - Estanys de Banyoles,480010,4663228,Temperatura de l'aigua (camp),07/27/2021 09:45:00,11.7,§C,25,Perfil amb sonda
0450401,Estanys de Banyoles,045040100,QLSup - Estanys de Banyoles,480010,4663228,Temperatura de l'aigua (camp),07/27/2021 09:45:00,11.7,§C,26,Perfil amb sonda
0450401,Estanys de Banyoles,045040100,QLSup - Estanys de Banyoles,480010,4663228,Temperatura de l'aigua (camp),07/27/2021 09:45:00,11.7,§C,27,Perfil amb sonda
0450401,Estanys de Banyoles,045040100,QLSup - Estanys de Banyoles,480010,4663228,Temperatura de l'aigua (camp),07/27/2021 09:45:00,11.7,§C,28,Perfil amb sonda
0450401,Estanys de Banyoles,045040100,QLSup - Estanys de Banyoles,480010,4663228,Temperatura de l'aigua (camp),07/27/2021 09:45:00,11.7,§C,29,Perfil amb sonda
0450401,Estanys de Banyoles,045040100,QLSup - Estanys de Banyoles,480010,4663228,Temperatura de l'aigua (camp),07/27/2021 09:45:00,11.7,§C,30,Perfil amb sonda
0450401,Estanys de Banyoles,045040100,QLSup - Estanys de Banyoles,480010,4663228,Temperatura de l'aigua (camp),07/27/2021 09:45:00,11.7,§C,31,Perfil amb sonda
0450401,Estanys de Banyoles,045040100,QLSup - Estanys de Banyoles,480010,4663228,Temperatura de l'aigua (camp),07/27/2021 09:45:00,11.7,§C,32,Perfil amb sonda
0450401,Estanys de Banyoles,045040100,QLSup - Estanys de Banyoles,480010,4663228,Temperatura de l'aigua (camp),07/27/2021 09:45:00,11.7,§C,33,Perfil amb sonda
0450401,Estanys de Banyoles,045040100,QLSup - Estanys de Banyoles,480010,4663228,Temperatura de l'aigua (camp),07/27/2021 09:45:00,11.7,§C,34,Perfil amb sonda
0450401,Estanys de Banyoles,045040100,QLSup - Estanys de Banyoles,480010,4663228,Temperatura de l'aigua (camp),07/27/2021 09:45:00,11.7,§C,35,Perfil amb sonda
0450401,Estanys de Banyoles,045040100,QLSup - Estanys de Banyoles,480010,4663228,Temperatura de l'aigua (camp),07/27/2021 09:45:00,11.7,§C,36,Perfil amb sonda
0450401,Estanys de Banyoles,045040100,QLSup - Estanys de Banyoles,480010,4663228,Temperatura de l'aigua (camp),07/27/2021 09:45:00,11.7,§C,37,Perfil amb sonda
0450401,Estanys de Banyoles,045040100,QLSup - Estanys de Banyoles,480010,4663228,Temperatura de l'aigua (camp),07/27/2021 09:45:00,11.7,§C,38,Perfil amb sonda
0450401,Estanys de Banyoles,045040100,QLSup - Estanys de Banyoles,480010,4663228,Temperatura de l'aigua (camp),07/27/2021 09:45:00,11.7,§C,39,Perfil amb sonda
0450401,Estanys de Banyoles,045040100,QLSup - Estanys de Banyoles,480010,4663228,Temperatura de l'aigua (camp),07/27/2021 09:45:00,11.7,§C,40,Perfil amb sonda
0450401,Estanys de Banyoles,045040100,QLSup - Estanys de Banyoles,480010,4663228,Temperatura de l'aigua (camp),07/27/2021 09:45:00,11.7,§C,41,Perfil amb sonda
0450401,Estanys de Banyoles,045040100,QLSup - Estanys de Banyoles,480010,4663228,Temperatura de l'aigua (camp),07/27/2021 09:45:00,11.7,§C,42,Perfil amb sonda
0450401,Estanys de Banyoles,045040100,QLSup - Estanys de Banyoles,480010,4663228,Temperatura de l'aigua (camp),07/27/2021 09:45:00,11.7,§C,43,Perfil amb sonda
0450401,Estanys de Banyoles,045040100,QLSup - Estanys de Banyoles,480010,4663228,Temperatura de l'aigua (camp),07/27/2021 09:45:00,11.7,§C,44,Perfil amb sonda
0450401,Estanys de Banyoles,045040100,QLSup - Estanys de Banyoles,480010,4663228,Temperatura de l'aigua (camp),07/27/2021 09:45:00,11.7,§C,45,Perfil amb sonda
0450401,Estanys de Banyoles,045040100,QLSup - Estanys de Banyoles,480010,4663228,Temperatura de l'aigua (camp),07/27/2021 09:45:00,11.7,§C,46,Perfil amb sonda
0450401,Estanys de Banyoles,045040100,QLSup - Estanys de Banyoles,480010,4663228,Temperatura de l'aigua (camp),07/27/2021 09:45:00,11.7,§C,47,Perfil amb sonda
0450401,Estanys de Banyoles,045040100,QLSup - Estanys de Banyoles,480010,4663228,pH,09/29/2021,7.8,u.pH,,
0450401,Estanys de Banyoles,045040100,QLSup - Estanys de Banyoles,480010,4663228,Suma d'anions,09/29/2021,15.0938,meq/L,,
0450401,Estanys de Banyoles,045040100,QLSup - Estanys de Banyoles,480010,4663228,Suma de cations,09/29/2021,14.4333,meq/L,,
0450401,Estanys de Banyoles,045040100,QLSup - Estanys de Banyoles,480010,4663228,Conductivitat (camp),09/29/2021,1358,æS/cm,0,
0450401,Estanys de Banyoles,045040100,QLSup - Estanys de Banyoles,480010,4663228,Temperatura de l'aigua (camp),09/29/2021,22.5,§C,0,
0450401,Estanys de Banyoles,045040100,QLSup - Estanys de Banyoles,480010,4663228,Temperatura de l'aigua (camp),09/29/2021,22.5,§C,0,
0450401,Estanys de Banyoles,045040100,QLSup - Estanys de Banyoles,480010,4663228,pH,10/18/2021,7.8,u.pH,,
0450401,Estanys de Banyoles,045040100,QLSup - Estanys de Banyoles,480010,4663228,Suma d'anions,10/18/2021,16.7293,meq/L,,
0450401,Estanys de Banyoles,045040100,QLSup - Estanys de Banyoles,480010,4663228,Suma de cations,10/18/2021,15.8059,meq/L,,
0450401,Estanys de Banyoles,045040100,QLSup - Estanys de Banyoles,480010,4663228,Conductivitat (camp),10/18/2021,1364,æS/cm,0,
0450401,Estanys de Banyoles,045040100,QLSup - Estanys de Banyoles,480010,4663228,Temperatura de l'aigua (camp),10/18/2021,20,§C,0,
0450401,Estanys de Banyoles,045040100,QLSup - Estanys de Banyoles,480010,4663228,Temperatura de l'aigua (camp),10/18/2021,20,§C,0,
0450401,Estanys de Banyoles,045040100,QLSup - Estanys de Banyoles,480010,4663228,pH,12/15/2021,7.9,u.pH,,
0450401,Estanys de Banyoles,045040100,QLSup - Estanys de Banyoles,480010,4663228,Suma d'anions,12/15/2021,16.8779,meq/L,,
0450401,Estanys de Banyoles,045040100,QLSup - Estanys de Banyoles,480010,4663228,Suma de cations,12/15/2021,17.2828,meq/L,,
0450401,Estanys de Banyoles,045040100,QLSup - Estanys de Banyoles,480010,4663228,Conductivitat (camp),12/15/2021,1409,æS/cm,0,
0450401,Estanys de Banyoles,045040100,QLSup - Estanys de Banyoles,480010,4663228,Temperatura de l'aigua (camp),12/15/2021,11.4,§C,0,
0450401,Estanys de Banyoles,045040100,QLSup - Estanys de Banyoles,480010,4663228,Temperatura de l'aigua (camp),12/15/2021,11.4,§C,0,
0450401,Estanys de Banyoles,045040100,QLSup - Estanys de Banyoles,480010,4663228,pH,01/18/2022,7.9,u.pH,,
0450401,Estanys de Banyoles,045040100,QLSup - Estanys de Banyoles,480010,4663228,Suma d'anions,01/18/2022,16.0155,meq/L,,
0450401,Estanys de Banyoles,045040100,QLSup - Estanys de Banyoles,480010,4663228,Suma de cations,01/18/2022,16.4891,meq/L,,
0450401,Estanys de Banyoles,045040100,QLSup - Estanys de Banyoles,480010,4663228,Conductivitat (camp),01/18/2022,1448,æS/cm,0,
0450401,Estanys de Banyoles,045040100,QLSup - Estanys de Banyoles,480010,4663228,Temperatura de l'aigua (camp),01/18/2022,9.7,§C,0,
0450401,Estanys de Banyoles,045040100,QLSup - Estanys de Banyoles,480010,4663228,Temperatura de l'aigua (camp),01/18/2022,9.7,§C,0,
0450401,Estanys de Banyoles,045040100,QLSup - Estanys de Banyoles,480010,4663228,pH,03/15/2022,8,u.pH,,
0450401,Estanys de Banyoles,045040100,QLSup - Estanys de Banyoles,480010,4663228,Suma d'anions,03/15/2022,16.5578,meq/L,,
0450401,Estanys de Banyoles,045040100,QLSup - Estanys de Banyoles,480010,4663228,Suma de cations,03/15/2022,15.854,meq/L,,
0450401,Estanys de Banyoles,045040100,QLSup - Estanys de Banyoles,480010,4663228,Conductivitat (camp),03/15/2022,1387,æS/cm,0,
0450401,Estanys de Banyoles,045040100,QLSup - Estanys de Banyoles,480010,4663228,Temperatura de l'aigua (camp),03/15/2022,11.5,§C,0,
0450401,Estanys de Banyoles,045040100,QLSup - Estanys de Banyoles,480010,4663228,Temperatura de l'aigua (camp),03/15/2022,11.5,§C,0,
0450401,Estanys de Banyoles,045040100,QLSup - Estanys de Banyoles,480010,4663228,pH,04/27/2022,8,u.pH,,
0450401,Estanys de Banyoles,045040100,QLSup - Estanys de Banyoles,480010,4663228,Suma d'anions,04/27/2022,15.9798,meq/L,,
0450401,Estanys de Banyoles,045040100,QLSup - Estanys de Banyoles,480010,4663228,Suma de cations,04/27/2022,15.9777,meq/L,,
0450401,Estanys de Banyoles,045040100,QLSup - Estanys de Banyoles,480010,4663228,Conductivitat (camp),04/27/2022,1352,æS/cm,0,
0450401,Estanys de Banyoles,045040100,QLSup - Estanys de Banyoles,480010,4663228,Temperatura de l'aigua (camp),04/27/2022,18,§C,0,
0450401,Estanys de Banyoles,045040100,QLSup - Estanys de Banyoles,480010,4663228,Temperatura de l'aigua (camp),04/27/2022,18,§C,0,
0450401,Estanys de Banyoles,045040100,QLSup - Estanys de Banyoles,480010,4663228,pH,06/22/2022,7.8,u.pH,,
0450401,Estanys de Banyoles,045040100,QLSup - Estanys de Banyoles,480010,4663228,Suma d'anions,06/22/2022,17.7383,meq/L,,
0450401,Estanys de Banyoles,045040100,QLSup - Estanys de Banyoles,480010,4663228,Suma de cations,06/22/2022,16.4227,meq/L,,
0450401,Estanys de Banyoles,045040100,QLSup - Estanys de Banyoles,480010,4663228,Conductivitat (camp),06/22/2022,1324,æS/cm,0,
0450401,Estanys de Banyoles,045040100,QLSup - Estanys de Banyoles,480010,4663228,Temperatura de l'aigua (camp),06/22/2022,26.3,§C,0,
0450401,Estanys de Banyoles,045040100,QLSup - Estanys de Banyoles,480010,4663228,Temperatura de l'aigua (camp),06/22/2022,26.3,§C,0,
0450401,Estanys de Banyoles,045040100,QLSup - Estanys de Banyoles,480010,4663228,pH,07/12/2022,7.9,u.pH,,
0450401,Estanys de Banyoles,045040100,QLSup - Estanys de Banyoles,480010,4663228,Suma d'anions,07/12/2022,16.9543,meq/L,,
0450401,Estanys de Banyoles,045040100,QLSup - Estanys de Banyoles,480010,4663228,Suma de cations,07/12/2022,15.8989,meq/L,,
0450401,Estanys de Banyoles,045040100,QLSup - Estanys de Banyoles,480010,4663228,Conductivitat (camp),07/12/2022,1326,æS/cm,0,
0450401,Estanys de Banyoles,045040100,QLSup - Estanys de Banyoles,480010,4663228,Temperatura de l'aigua (camp),07/12/2022,28.6,§C,0,
0450401,Estanys de Banyoles,045040100,QLSup - Estanys de Banyoles,480010,4663228,Temperatura de l'aigua (camp),07/12/2022,28.6,§C,0,
0450401,Estanys de Banyoles,045040100,QLSup - Estanys de Banyoles,480010,4663228,Conductivitat (camp),08/24/2022 11:25:00,1066,æS/cm,0,
0450401,Estanys de Banyoles,045040100,QLSup - Estanys de Banyoles,480010,4663228,Conductivitat (camp),08/24/2022 11:25:00,1065,æS/cm,1,
0450401,Estanys de Banyoles,045040100,QLSup - Estanys de Banyoles,480010,4663228,Conductivitat (camp),08/24/2022 11:25:00,1064,æS/cm,2,
0450401,Estanys de Banyoles,045040100,QLSup - Estanys de Banyoles,480010,4663228,Conductivitat (camp),08/24/2022 11:25:00,1062,æS/cm,3,
0450401,Estanys de Banyoles,045040100,QLSup - Estanys de Banyoles,480010,4663228,Conductivitat (camp),08/24/2022 11:25:00,1061,æS/cm,4,
0450401,Estanys de Banyoles,045040100,QLSup - Estanys de Banyoles,480010,4663228,Conductivitat (camp),08/24/2022 11:25:00,1059,æS/cm,5,
0450401,Estanys de Banyoles,045040100,QLSup - Estanys de Banyoles,480010,4663228,Conductivitat (camp),08/24/2022 11:25:00,1057,æS/cm,6,
0450401,Estanys de Banyoles,045040100,QLSup - Estanys de Banyoles,480010,4663228,Conductivitat (camp),08/24/2022 11:25:00,1055,æS/cm,7,
0450401,Estanys de Banyoles,045040100,QLSup - Estanys de Banyoles,480010,4663228,Conductivitat (camp),08/24/2022 11:25:00,1057,æS/cm,8,
0450401,Estanys de Banyoles,045040100,QLSup - Estanys de Banyoles,480010,4663228,Conductivitat (camp),08/24/2022 11:25:00,1047,æS/cm,9,
0450401,Estanys de Banyoles,045040100,QLSup - Estanys de Banyoles,480010,4663228,Conductivitat (camp),08/24/2022 11:25:00,1033,æS/cm,10,
0450401,Estanys de Banyoles,045040100,QLSup - Estanys de Banyoles,480010,4663228,Conductivitat (camp),08/24/2022 11:25:00,1030,æS/cm,11,
0450401,Estanys de Banyoles,045040100,QLSup - Estanys de Banyoles,480010,4663228,Conductivitat (camp),08/24/2022 11:25:00,1024,æS/cm,12,
0450401,Estanys de Banyoles,045040100,QLSup - Estanys de Banyoles,480010,4663228,Conductivitat (camp),08/24/2022 11:25:00,1021,æS/cm,13,
0450401,Estanys de Banyoles,045040100,QLSup - Estanys de Banyoles,480010,4663228,Conductivitat (camp),08/24/2022 11:25:00,1021,æS/cm,14,
0450401,Estanys de Banyoles,045040100,QLSup - Estanys de Banyoles,480010,4663228,Conductivitat (camp),08/24/2022 11:25:00,1023,æS/cm,15,
0450401,Estanys de Banyoles,045040100,QLSup - Estanys de Banyoles,480010,4663228,Conductivitat (camp),08/24/2022 11:25:00,1025,æS/cm,16,
0450401,Estanys de Banyoles,045040100,QLSup - Estanys de Banyoles,480010,4663228,Conductivitat (camp),08/24/2022 11:25:00,1026,æS/cm,17,
0450401,Estanys de Banyoles,045040100,QLSup - Estanys de Banyoles,480010,4663228,Conductivitat (camp),08/24/2022 11:25:00,1027,æS/cm,18,
0450401,Estanys de Banyoles,045040100,QLSup - Estanys de Banyoles,480010,4663228,Conductivitat (camp),08/24/2022 11:25:00,1029,æS/cm,19,
0450401,Estanys de Banyoles,045040100,QLSup - Estanys de Banyoles,480010,4663228,Conductivitat (camp),08/24/2022 11:25:00,1032,æS/cm,20,
0450401,Estanys de Banyoles,045040100,QLSup - Estanys de Banyoles,480010,4663228,Conductivitat (camp),08/24/2022 11:25:00,1016,æS/cm,21,
0450401,Estanys de Banyoles,045040100,QLSup - Estanys de Banyoles,480010,4663228,Conductivitat (camp),08/24/2022 11:25:00,1002,æS/cm,22,
0450401,Estanys de Banyoles,045040100,QLSup - Estanys de Banyoles,480010,4663228,Conductivitat (camp),08/24/2022 11:25:00,1003,æS/cm,23,
0450401,Estanys de Banyoles,045040100,QLSup - Estanys de Banyoles,480010,4663228,Conductivitat (camp),08/24/2022 11:25:00,1003,æS/cm,24,
0450401,Estanys de Banyoles,045040100,QLSup - Estanys de Banyoles,480010,4663228,Conductivitat (camp),08/24/2022 11:25:00,1003,æS/cm,25,
0450401,Estanys de Banyoles,045040100,QLSup - Estanys de Banyoles,480010,4663228,Conductivitat (camp),08/24/2022 11:25:00,1004,æS/cm,26,
0450401,Estanys de Banyoles,045040100,QLSup - Estanys de Banyoles,480010,4663228,Conductivitat (camp),08/24/2022 11:25:00,1005,æS/cm,27,
0450401,Estanys de Banyoles,045040100,QLSup - Estanys de Banyoles,480010,4663228,Conductivitat (camp),08/24/2022 11:25:00,1005,æS/cm,28,
0450401,Estanys de Banyoles,045040100,QLSup - Estanys de Banyoles,480010,4663228,Conductivitat (camp),08/24/2022 11:25:00,1005,æS/cm,29,
0450401,Estanys de Banyoles,045040100,QLSup - Estanys de Banyoles,480010,4663228,Conductivitat (camp),08/24/2022 11:25:00,1006,æS/cm,30,
0450401,Estanys de Banyoles,045040100,QLSup - Estanys de Banyoles,480010,4663228,Conductivitat (camp),08/24/2022 11:25:00,1006,æS/cm,31,
0450401,Estanys de Banyoles,045040100,QLSup - Estanys de Banyoles,480010,4663228,Conductivitat (camp),08/24/2022 11:25:00,1007,æS/cm,32,
0450401,Estanys de Banyoles,045040100,QLSup - Estanys de Banyoles,480010,4663228,Conductivitat (camp),08/24/2022 11:25:00,1007,æS/cm,33,
0450401,Estanys de Banyoles,045040100,QLSup - Estanys de Banyoles,480010,4663228,Conductivitat (camp),08/24/2022 11:25:00,1008,æS/cm,34,
0450401,Estanys de Banyoles,045040100,QLSup - Estanys de Banyoles,480010,4663228,Conductivitat (camp),08/24/2022 11:25:00,1008,æS/cm,35,
0450401,Estanys de Banyoles,045040100,QLSup - Estanys de Banyoles,480010,4663228,Conductivitat (camp),08/24/2022 11:25:00,1008,æS/cm,36,
0450401,Estanys de Banyoles,045040100,QLSup - Estanys de Banyoles,480010,4663228,Conductivitat (camp),08/24/2022 11:25:00,1009,æS/cm,37,
0450401,Estanys de Banyoles,045040100,QLSup - Estanys de Banyoles,480010,4663228,Conductivitat (camp),08/24/2022 11:25:00,1009,æS/cm,38,
0450401,Estanys de Banyoles,045040100,QLSup - Estanys de Banyoles,480010,4663228,Conductivitat (camp),08/24/2022 11:25:00,1010,æS/cm,39,
0450401,Estanys de Banyoles,045040100,QLSup - Estanys de Banyoles,480010,4663228,Conductivitat (camp),08/24/2022 11:25:00,1010,æS/cm,40,
0450401,Estanys de Banyoles,045040100,QLSup - Estanys de Banyoles,480010,4663228,Conductivitat (camp),08/24/2022 11:25:00,1010,æS/cm,41,
0450401,Estanys de Banyoles,045040100,QLSup - Estanys de Banyoles,480010,4663228,Conductivitat (camp),08/24/2022 11:25:00,1011,æS/cm,42,
0450401,Estanys de Banyoles,045040100,QLSup - Estanys de Banyoles,480010,4663228,Conductivitat (camp),08/24/2022 11:25:00,1011,æS/cm,43,
0450401,Estanys de Banyoles,045040100,QLSup - Estanys de Banyoles,480010,4663228,Conductivitat (camp),08/24/2022 11:25:00,1011,æS/cm,44,
0450401,Estanys de Banyoles,045040100,QLSup - Estanys de Banyoles,480010,4663228,Conductivitat (camp),08/24/2022 11:25:00,1012,æS/cm,45,
0450401,Estanys de Banyoles,045040100,QLSup - Estanys de Banyoles,480010,4663228,Conductivitat (camp),08/24/2022 11:25:00,1012,æS/cm,46,
0450401,Estanys de Banyoles,045040100,QLSup - Estanys de Banyoles,480010,4663228,Conductivitat (camp),08/24/2022 11:25:00,1013,æS/cm,47,
0450401,Estanys de Banyoles,045040100,QLSup - Estanys de Banyoles,480010,4663228,Conductivitat (camp),08/24/2022 11:25:00,1232,æS/cm,48,
0450401,Estanys de Banyoles,045040100,QLSup - Estanys de Banyoles,480010,4663228,Conductivitat (camp),08/24/2022 11:25:00,1647,æS/cm,49,
0450401,Estanys de Banyoles,045040100,QLSup - Estanys de Banyoles,480010,4663228,Conductivitat (camp),08/24/2022 11:25:00,1658,æS/cm,50,
0450401,Estanys de Banyoles,045040100,QLSup - Estanys de Banyoles,480010,4663228,Oxigen dissolt (camp),08/24/2022 11:25:00,8.8,mg/L,0,
0450401,Estanys de Banyoles,045040100,QLSup - Estanys de Banyoles,480010,4663228,Oxigen dissolt (camp),08/24/2022 11:25:00,8.8,mg/L,1,
0450401,Estanys de Banyoles,045040100,QLSup - Estanys de Banyoles,480010,4663228,Oxigen dissolt (camp),08/24/2022 11:25:00,8.8,mg/L,2,
0450401,Estanys de Banyoles,045040100,QLSup - Estanys de Banyoles,480010,4663228,Oxigen dissolt (camp),08/24/2022 11:25:00,8.8,mg/L,3,
0450401,Estanys de Banyoles,045040100,QLSup - Estanys de Banyoles,480010,4663228,Oxigen dissolt (camp),08/24/2022 11:25:00,8.8,mg/L,4,
0450401,Estanys de Banyoles,045040100,QLSup - Estanys de Banyoles,480010,4663228,Oxigen dissolt (camp),08/24/2022 11:25:00,8.8,mg/L,5,
0450401,Estanys de Banyoles,045040100,QLSup - Estanys de Banyoles,480010,4663228,Oxigen dissolt (camp),08/24/2022 11:25:00,8.8,mg/L,6,
0450401,Estanys de Banyoles,045040100,QLSup - Estanys de Banyoles,480010,4663228,Oxigen dissolt (camp),08/24/2022 11:25:00,8.6,mg/L,7,
0450401,Estanys de Banyoles,045040100,QLSup - Estanys de Banyoles,480010,4663228,Oxigen dissolt (camp),08/24/2022 11:25:00,10,mg/L,8,
0450401,Estanys de Banyoles,045040100,QLSup - Estanys de Banyoles,480010,4663228,Oxigen dissolt (camp),08/24/2022 11:25:00,11.9,mg/L,9,
0450401,Estanys de Banyoles,045040100,QLSup - Estanys de Banyoles,480010,4663228,Oxigen dissolt (camp),08/24/2022 11:25:00,10.1,mg/L,10,
0450401,Estanys de Banyoles,045040100,QLSup - Estanys de Banyoles,480010,4663228,Oxigen dissolt (camp),08/24/2022 11:25:00,9.6,mg/L,11,
0450401,Estanys de Banyoles,045040100,QLSup - Estanys de Banyoles,480010,4663228,Oxigen dissolt (camp),08/24/2022 11:25:00,8.9,mg/L,12,
0450401,Estanys de Banyoles,045040100,QLSup - Estanys de Banyoles,480010,4663228,Oxigen dissolt (camp),08/24/2022 11:25:00,7.7,mg/L,13,
0450401,Estanys de Banyoles,045040100,QLSup - Estanys de Banyoles,480010,4663228,Oxigen dissolt (camp),08/24/2022 11:25:00,5.5,mg/L,14,
0450401,Estanys de Banyoles,045040100,QLSup - Estanys de Banyoles,480010,4663228,Oxigen dissolt (camp),08/24/2022 11:25:00,4.4,mg/L,15,
0450401,Estanys de Banyoles,045040100,QLSup - Estanys de Banyoles,480010,4663228,Oxigen dissolt (camp),08/24/2022 11:25:00,4,mg/L,16,
0450401,Estanys de Banyoles,045040100,QLSup - Estanys de Banyoles,480010,4663228,Oxigen dissolt (camp),08/24/2022 11:25:00,3.6,mg/L,17,
0450401,Estanys de Banyoles,045040100,QLSup - Estanys de Banyoles,480010,4663228,Oxigen dissolt (camp),08/24/2022 11:25:00,3.5,mg/L,18,
0450401,Estanys de Banyoles,045040100,QLSup - Estanys de Banyoles,480010,4663228,Oxigen dissolt (camp),08/24/2022 11:25:00,3.4,mg/L,19,
0450401,Estanys de Banyoles,045040100,QLSup - Estanys de Banyoles,480010,4663228,Oxigen dissolt (camp),08/24/2022 11:25:00,2.7,mg/L,20,
0450401,Estanys de Banyoles,045040100,QLSup - Estanys de Banyoles,480010,4663228,Oxigen dissolt (camp),08/24/2022 11:25:00,4.1,mg/L,21,
0450401,Estanys de Banyoles,045040100,QLSup - Estanys de Banyoles,480010,4663228,Oxigen dissolt (camp),08/24/2022 11:25:00,4.3,mg/L,22,
0450401,Estanys de Banyoles,045040100,QLSup - Estanys de Banyoles,480010,4663228,Oxigen dissolt (camp),08/24/2022 11:25:00,4.2,mg/L,23,
0450401,Estanys de Banyoles,045040100,QLSup - Estanys de Banyoles,480010,4663228,Oxigen dissolt (camp),08/24/2022 11:25:00,4.2,mg/L,24,
0450401,Estanys de Banyoles,045040100,QLSup - Estanys de Banyoles,480010,4663228,Oxigen dissolt (camp),08/24/2022 11:25:00,4.2,mg/L,25,
0450401,Estanys de Banyoles,045040100,QLSup - Estanys de Banyoles,480010,4663228,Oxigen dissolt (camp),08/24/2022 11:25:00,4.2,mg/L,26,
0450401,Estanys de Banyoles,045040100,QLSup - Estanys de Banyoles,480010,4663228,Oxigen dissolt (camp),08/24/2022 11:25:00,4.2,mg/L,27,
0450401,Estanys de Banyoles,045040100,QLSup - Estanys de Banyoles,480010,4663228,Oxigen dissolt (camp),08/24/2022 11:25:00,4.2,mg/L,28,
0450401,Estanys de Banyoles,045040100,QLSup - Estanys de Banyoles,480010,4663228,Oxigen dissolt (camp),08/24/2022 11:25:00,4.2,mg/L,29,
0450401,Estanys de Banyoles,045040100,QLSup - Estanys de Banyoles,480010,4663228,Oxigen dissolt (camp),08/24/2022 11:25:00,4.2,mg/L,30,
0450401,Estanys de Banyoles,045040100,QLSup - Estanys de Banyoles,480010,4663228,Oxigen dissolt (camp),08/24/2022 11:25:00,4.2,mg/L,31,
0450401,Estanys de Banyoles,045040100,QLSup - Estanys de Banyoles,480010,4663228,Oxigen dissolt (camp),08/24/2022 11:25:00,4.2,mg/L,32,
0450401,Estanys de Banyoles,045040100,QLSup - Estanys de Banyoles,480010,4663228,Oxigen dissolt (camp),08/24/2022 11:25:00,4.2,mg/L,33,
0450401,Estanys de Banyoles,045040100,QLSup - Estanys de Banyoles,480010,4663228,Oxigen dissolt (camp),08/24/2022 11:25:00,4.2,mg/L,34,
0450401,Estanys de Banyoles,045040100,QLSup - Estanys de Banyoles,480010,4663228,Oxigen dissolt (camp),08/24/2022 11:25:00,4.2,mg/L,35,
0450401,Estanys de Banyoles,045040100,QLSup - Estanys de Banyoles,480010,4663228,Oxigen dissolt (camp),08/24/2022 11:25:00,4.2,mg/L,36,
0450401,Estanys de Banyoles,045040100,QLSup - Estanys de Banyoles,480010,4663228,Oxigen dissolt (camp),08/24/2022 11:25:00,4.2,mg/L,37,
0450401,Estanys de Banyoles,045040100,QLSup - Estanys de Banyoles,480010,4663228,Oxigen dissolt (camp),08/24/2022 11:25:00,4.2,mg/L,38,
0450401,Estanys de Banyoles,045040100,QLSup - Estanys de Banyoles,480010,4663228,Oxigen dissolt (camp),08/24/2022 11:25:00,4.2,mg/L,39,
0450401,Estanys de Banyoles,045040100,QLSup - Estanys de Banyoles,480010,4663228,Oxigen dissolt (camp),08/24/2022 11:25:00,4.2,mg/L,40,
0450401,Estanys de Banyoles,045040100,QLSup - Estanys de Banyoles,480010,4663228,Oxigen dissolt (camp),08/24/2022 11:25:00,4.2,mg/L,41,
0450401,Estanys de Banyoles,045040100,QLSup - Estanys de Banyoles,480010,4663228,Oxigen dissolt (camp),08/24/2022 11:25:00,4.2,mg/L,42,
0450401,Estanys de Banyoles,045040100,QLSup - Estanys de Banyoles,480010,4663228,Oxigen dissolt (camp),08/24/2022 11:25:00,4.2,mg/L,43,
0450401,Estanys de Banyoles,045040100,QLSup - Estanys de Banyoles,480010,4663228,Oxigen dissolt (camp),08/24/2022 11:25:00,4.2,mg/L,44,
0450401,Estanys de Banyoles,045040100,QLSup - Estanys de Banyoles,480010,4663228,Oxigen dissolt (camp),08/24/2022 11:25:00,4.2,mg/L,45,
0450401,Estanys de Banyoles,045040100,QLSup - Estanys de Banyoles,480010,4663228,Oxigen dissolt (camp),08/24/2022 11:25:00,4.1,mg/L,46,
0450401,Estanys de Banyoles,045040100,QLSup - Estanys de Banyoles,480010,4663228,Oxigen dissolt (camp),08/24/2022 11:25:00,4,mg/L,47,
0450401,Estanys de Banyoles,045040100,QLSup - Estanys de Banyoles,480010,4663228,Oxigen dissolt (camp),08/24/2022 11:25:00,0.7,mg/L,48,
0450401,Estanys de Banyoles,045040100,QLSup - Estanys de Banyoles,480010,4663228,Oxigen dissolt (camp),08/24/2022 11:25:00,0.25,mg/L,49,
0450401,Estanys de Banyoles,045040100,QLSup - Estanys de Banyoles,480010,4663228,Oxigen dissolt (camp),08/24/2022 11:25:00,0.25,mg/L,50,
0450401,Estanys de Banyoles,045040100,QLSup - Estanys de Banyoles,480010,4663228,% Saturaci¢ d'oxigen (camp),08/24/2022 11:25:00,110,%,0,
0450401,Estanys de Banyoles,045040100,QLSup - Estanys de Banyoles,480010,4663228,% Saturaci¢ d'oxigen (camp),08/24/2022 11:25:00,110,%,1,
0450401,Estanys de Banyoles,045040100,QLSup - Estanys de Banyoles,480010,4663228,% Saturaci¢ d'oxigen (camp),08/24/2022 11:25:00,109.9,%,2,
0450401,Estanys de Banyoles,045040100,QLSup - Estanys de Banyoles,480010,4663228,% Saturaci¢ d'oxigen (camp),08/24/2022 11:25:00,109.8,%,3,
0450401,Estanys de Banyoles,045040100,QLSup - Estanys de Banyoles,480010,4663228,% Saturaci¢ d'oxigen (camp),08/24/2022 11:25:00,109.8,%,4,
0450401,Estanys de Banyoles,045040100,QLSup - Estanys de Banyoles,480010,4663228,% Saturaci¢ d'oxigen (camp),08/24/2022 11:25:00,109.6,%,5,
0450401,Estanys de Banyoles,045040100,QLSup - Estanys de Banyoles,480010,4663228,% Saturaci¢ d'oxigen (camp),08/24/2022 11:25:00,109.6,%,6,
0450401,Estanys de Banyoles,045040100,QLSup - Estanys de Banyoles,480010,4663228,% Saturaci¢ d'oxigen (camp),08/24/2022 11:25:00,107.3,%,7,
0450401,Estanys de Banyoles,045040100,QLSup - Estanys de Banyoles,480010,4663228,% Saturaci¢ d'oxigen (camp),08/24/2022 11:25:00,121.2,%,8,
0450401,Estanys de Banyoles,045040100,QLSup - Estanys de Banyoles,480010,4663228,% Saturaci¢ d'oxigen (camp),08/24/2022 11:25:00,133.4,%,9,
0450401,Estanys de Banyoles,045040100,QLSup - Estanys de Banyoles,480010,4663228,% Saturaci¢ d'oxigen (camp),08/24/2022 11:25:00,108.4,%,10,
0450401,Estanys de Banyoles,045040100,QLSup - Estanys de Banyoles,480010,4663228,% Saturaci¢ d'oxigen (camp),08/24/2022 11:25:00,101.3,%,11,
0450401,Estanys de Banyoles,045040100,QLSup - Estanys de Banyoles,480010,4663228,% Saturaci¢ d'oxigen (camp),08/24/2022 11:25:00,92.4,%,12,
0450401,Estanys de Banyoles,045040100,QLSup - Estanys de Banyoles,480010,4663228,% Saturaci¢ d'oxigen (camp),08/24/2022 11:25:00,78.3,%,13,
0450401,Estanys de Banyoles,045040100,QLSup - Estanys de Banyoles,480010,4663228,% Saturaci¢ d'oxigen (camp),08/24/2022 11:25:00,56.1,%,14,
0450401,Estanys de Banyoles,045040100,QLSup - Estanys de Banyoles,480010,4663228,% Saturaci¢ d'oxigen (camp),08/24/2022 11:25:00,44,%,15,
0450401,Estanys de Banyoles,045040100,QLSup - Estanys de Banyoles,480010,4663228,% Saturaci¢ d'oxigen (camp),08/24/2022 11:25:00,39.9,%,16,
0450401,Estanys de Banyoles,045040100,QLSup - Estanys de Banyoles,480010,4663228,% Saturaci¢ d'oxigen (camp),08/24/2022 11:25:00,36,%,17,
0450401,Estanys de Banyoles,045040100,QLSup - Estanys de Banyoles,480010,4663228,% Saturaci¢ d'oxigen (camp),08/24/2022 11:25:00,34.9,%,18,
0450401,Estanys de Banyoles,045040100,QLSup - Estanys de Banyoles,480010,4663228,% Saturaci¢ d'oxigen (camp),08/24/2022 11:25:00,34.3,%,19,
0450401,Estanys de Banyoles,045040100,QLSup - Estanys de Banyoles,480010,4663228,% Saturaci¢ d'oxigen (camp),08/24/2022 11:25:00,26.7,%,20,
0450401,Estanys de Banyoles,045040100,QLSup - Estanys de Banyoles,480010,4663228,% Saturaci¢ d'oxigen (camp),08/24/2022 11:25:00,38.7,%,21,
0450401,Estanys de Banyoles,045040100,QLSup - Estanys de Banyoles,480010,4663228,% Saturaci¢ d'oxigen (camp),08/24/2022 11:25:00,39.5,%,22,
0450401,Estanys de Banyoles,045040100,QLSup - Estanys de Banyoles,480010,4663228,% Saturaci¢ d'oxigen (camp),08/24/2022 11:25:00,39,%,23,
0450401,Estanys de Banyoles,045040100,QLSup - Estanys de Banyoles,480010,4663228,% Saturaci¢ d'oxigen (camp),08/24/2022 11:25:00,38.8,%,24,
0450401,Estanys de Banyoles,045040100,QLSup - Estanys de Banyoles,480010,4663228,% Saturaci¢ d'oxigen (camp),08/24/2022 11:25:00,38.6,%,25,
0450401,Estanys de Banyoles,045040100,QLSup - Estanys de Banyoles,480010,4663228,% Saturaci¢ d'oxigen (camp),08/24/2022 11:25:00,38.6,%,26,
0450401,Estanys de Banyoles,045040100,QLSup - Estanys de Banyoles,480010,4663228,% Saturaci¢ d'oxigen (camp),08/24/2022 11:25:00,38.6,%,27,
0450401,Estanys de Banyoles,045040100,QLSup - Estanys de Banyoles,480010,4663228,% Saturaci¢ d'oxigen (camp),08/24/2022 11:25:00,38.6,%,28,
0450401,Estanys de Banyoles,045040100,QLSup - Estanys de Banyoles,480010,4663228,% Saturaci¢ d'oxigen (camp),08/24/2022 11:25:00,38.6,%,29,
0450401,Estanys de Banyoles,045040100,QLSup - Estanys de Banyoles,480010,4663228,% Saturaci¢ d'oxigen (camp),08/24/2022 11:25:00,38.5,%,30,
0450401,Estanys de Banyoles,045040100,QLSup - Estanys de Banyoles,480010,4663228,% Saturaci¢ d'oxigen (camp),08/24/2022 11:25:00,38.6,%,31,
0450401,Estanys de Banyoles,045040100,QLSup - Estanys de Banyoles,480010,4663228,% Saturaci¢ d'oxigen (camp),08/24/2022 11:25:00,38.6,%,32,
0450401,Estanys de Banyoles,045040100,QLSup - Estanys de Banyoles,480010,4663228,% Saturaci¢ d'oxigen (camp),08/24/2022 11:25:00,38.6,%,33,
0450401,Estanys de Banyoles,045040100,QLSup - Estanys de Banyoles,480010,4663228,% Saturaci¢ d'oxigen (camp),08/24/2022 11:25:00,38.6,%,34,
0450401,Estanys de Banyoles,045040100,QLSup - Estanys de Banyoles,480010,4663228,% Saturaci¢ d'oxigen (camp),08/24/2022 11:25:00,38.6,%,35,
0450401,Estanys de Banyoles,045040100,QLSup - Estanys de Banyoles,480010,4663228,% Saturaci¢ d'oxigen (camp),08/24/2022 11:25:00,38.6,%,36,
0450401,Estanys de Banyoles,045040100,QLSup - Estanys de Banyoles,480010,4663228,% Saturaci¢ d'oxigen (camp),08/24/2022 11:25:00,38.6,%,37,
0450401,Estanys de Banyoles,045040100,QLSup - Estanys de Banyoles,480010,4663228,% Saturaci¢ d'oxigen (camp),08/24/2022 11:25:00,38.7,%,38,
0450401,Estanys de Banyoles,045040100,QLSup - Estanys de Banyoles,480010,4663228,% Saturaci¢ d'oxigen (camp),08/24/2022 11:25:00,38.7,%,39,
0450401,Estanys de Banyoles,045040100,QLSup - Estanys de Banyoles,480010,4663228,% Saturaci¢ d'oxigen (camp),08/24/2022 11:25:00,38.7,%,40,
0450401,Estanys de Banyoles,045040100,QLSup - Estanys de Banyoles,480010,4663228,% Saturaci¢ d'oxigen (camp),08/24/2022 11:25:00,38.6,%,41,
0450401,Estanys de Banyoles,045040100,QLSup - Estanys de Banyoles,480010,4663228,% Saturaci¢ d'oxigen (camp),08/24/2022 11:25:00,38.6,%,42,
0450401,Estanys de Banyoles,045040100,QLSup - Estanys de Banyoles,480010,4663228,% Saturaci¢ d'oxigen (camp),08/24/2022 11:25:00,38.5,%,43,
0450401,Estanys de Banyoles,045040100,QLSup - Estanys de Banyoles,480010,4663228,% Saturaci¢ d'oxigen (camp),08/24/2022 11:25:00,38.5,%,44,
0450401,Estanys de Banyoles,045040100,QLSup - Estanys de Banyoles,480010,4663228,% Saturaci¢ d'oxigen (camp),08/24/2022 11:25:00,38.4,%,45,
0450401,Estanys de Banyoles,045040100,QLSup - Estanys de Banyoles,480010,4663228,% Saturaci¢ d'oxigen (camp),08/24/2022 11:25:00,38,%,46,
0450401,Estanys de Banyoles,045040100,QLSup - Estanys de Banyoles,480010,4663228,% Saturaci¢ d'oxigen (camp),08/24/2022 11:25:00,36.4,%,47,
0450401,Estanys de Banyoles,045040100,QLSup - Estanys de Banyoles,480010,4663228,% Saturaci¢ d'oxigen (camp),08/24/2022 11:25:00,6.6,%,48,
0450401,Estanys de Banyoles,045040100,QLSup - Estanys de Banyoles,480010,4663228,% Saturaci¢ d'oxigen (camp),08/24/2022 11:25:00,2.5,%,49,
0450401,Estanys de Banyoles,045040100,QLSup - Estanys de Banyoles,480010,4663228,% Saturaci¢ d'oxigen (camp),08/24/2022 11:25:00,2.5,%,50,
0450401,Estanys de Banyoles,045040100,QLSup - Estanys de Banyoles,480010,4663228,Temperatura de l'aigua (camp),08/24/2022 11:25:00,26.8,§C,0,
0450401,Estanys de Banyoles,045040100,QLSup - Estanys de Banyoles,480010,4663228,Temperatura de l'aigua (camp),08/24/2022 11:25:00,26.8,§C,1,
0450401,Estanys de Banyoles,045040100,QLSup - Estanys de Banyoles,480010,4663228,Temperatura de l'aigua (camp),08/24/2022 11:25:00,26.8,§C,2,
0450401,Estanys de Banyoles,045040100,QLSup - Estanys de Banyoles,480010,4663228,Temperatura de l'aigua (camp),08/24/2022 11:25:00,26.7,§C,3,
0450401,Estanys de Banyoles,045040100,QLSup - Estanys de Banyoles,480010,4663228,Temperatura de l'aigua (camp),08/24/2022 11:25:00,26.7,§C,4,
0450401,Estanys de Banyoles,045040100,QLSup - Estanys de Banyoles,480010,4663228,Temperatura de l'aigua (camp),08/24/2022 11:25:00,26.7,§C,5,
0450401,Estanys de Banyoles,045040100,QLSup - Estanys de Banyoles,480010,4663228,Temperatura de l'aigua (camp),08/24/2022 11:25:00,26.7,§C,6,
0450401,Estanys de Banyoles,045040100,QLSup - Estanys de Banyoles,480010,4663228,Temperatura de l'aigua (camp),08/24/2022 11:25:00,26.4,§C,7,
0450401,Estanys de Banyoles,045040100,QLSup - Estanys de Banyoles,480010,4663228,Temperatura de l'aigua (camp),08/24/2022 11:25:00,25.2,§C,8,
0450401,Estanys de Banyoles,045040100,QLSup - Estanys de Banyoles,480010,4663228,Temperatura de l'aigua (camp),08/24/2022 11:25:00,20.9,§C,9,
0450401,Estanys de Banyoles,045040100,QLSup - Estanys de Banyoles,480010,4663228,Temperatura de l'aigua (camp),08/24/2022 11:25:00,18.5,§C,10,
0450401,Estanys de Banyoles,045040100,QLSup - Estanys de Banyoles,480010,4663228,Temperatura de l'aigua (camp),08/24/2022 11:25:00,17.7,§C,11,
0450401,Estanys de Banyoles,045040100,QLSup - Estanys de Banyoles,480010,4663228,Temperatura de l'aigua (camp),08/24/2022 11:25:00,16.9,§C,12,
0450401,Estanys de Banyoles,045040100,QLSup - Estanys de Banyoles,480010,4663228,Temperatura de l'aigua (camp),08/24/2022 11:25:00,16.2,§C,13,
0450401,Estanys de Banyoles,045040100,QLSup - Estanys de Banyoles,480010,4663228,Temperatura de l'aigua (camp),08/24/2022 11:25:00,15.8,§C,14,
0450401,Estanys de Banyoles,045040100,QLSup - Estanys de Banyoles,480010,4663228,Temperatura de l'aigua (camp),08/24/2022 11:25:00,15.6,§C,15,
0450401,Estanys de Banyoles,045040100,QLSup - Estanys de Banyoles,480010,4663228,Temperatura de l'aigua (camp),08/24/2022 11:25:00,15.6,§C,16,
0450401,Estanys de Banyoles,045040100,QLSup - Estanys de Banyoles,480010,4663228,Temperatura de l'aigua (camp),08/24/2022 11:25:00,15.5,§C,17,
0450401,Estanys de Banyoles,045040100,QLSup - Estanys de Banyoles,480010,4663228,Temperatura de l'aigua (camp),08/24/2022 11:25:00,15.5,§C,18,
0450401,Estanys de Banyoles,045040100,QLSup - Estanys de Banyoles,480010,4663228,Temperatura de l'aigua (camp),08/24/2022 11:25:00,15.5,§C,19,
0450401,Estanys de Banyoles,045040100,QLSup - Estanys de Banyoles,480010,4663228,Temperatura de l'aigua (camp),08/24/2022 11:25:00,15.4,§C,20,
0450401,Estanys de Banyoles,045040100,QLSup - Estanys de Banyoles,480010,4663228,Temperatura de l'aigua (camp),08/24/2022 11:25:00,12.7,§C,21,
0450401,Estanys de Banyoles,045040100,QLSup - Estanys de Banyoles,480010,4663228,Temperatura de l'aigua (camp),08/24/2022 11:25:00,11.6,§C,22,
0450401,Estanys de Banyoles,045040100,QLSup - Estanys de Banyoles,480010,4663228,Temperatura de l'aigua (camp),08/24/2022 11:25:00,11.6,§C,23,
0450401,Estanys de Banyoles,045040100,QLSup - Estanys de Banyoles,480010,4663228,Temperatura de l'aigua (camp),08/24/2022 11:25:00,11.6,§C,24,
0450401,Estanys de Banyoles,045040100,QLSup - Estanys de Banyoles,480010,4663228,Temperatura de l'aigua (camp),08/24/2022 11:25:00,11.5,§C,25,
0450401,Estanys de Banyoles,045040100,QLSup - Estanys de Banyoles,480010,4663228,Temperatura de l'aigua (camp),08/24/2022 11:25:00,11.5,§C,26,
0450401,Estanys de Banyoles,045040100,QLSup - Estanys de Banyoles,480010,4663228,Temperatura de l'aigua (camp),08/24/2022 11:25:00,11.5,§C,27,
0450401,Estanys de Banyoles,045040100,QLSup - Estanys de Banyoles,480010,4663228,Temperatura de l'aigua (camp),08/24/2022 11:25:00,11.5,§C,28,
0450401,Estanys de Banyoles,045040100,QLSup - Estanys de Banyoles,480010,4663228,Temperatura de l'aigua (camp),08/24/2022 11:25:00,11.5,§C,29,
0450401,Estanys de Banyoles,045040100,QLSup - Estanys de Banyoles,480010,4663228,Temperatura de l'aigua (camp),08/24/2022 11:25:00,11.5,§C,30,
0450401,Estanys de Banyoles,045040100,QLSup - Estanys de Banyoles,480010,4663228,Temperatura de l'aigua (camp),08/24/2022 11:25:00,11.5,§C,31,
0450401,Estanys de Banyoles,045040100,QLSup - Estanys de Banyoles,480010,4663228,Temperatura de l'aigua (camp),08/24/2022 11:25:00,11.5,§C,32,
0450401,Estanys de Banyoles,045040100,QLSup - Estanys de Banyoles,480010,4663228,Temperatura de l'aigua (camp),08/24/2022 11:25:00,11.5,§C,33,
0450401,Estanys de Banyoles,045040100,QLSup - Estanys de Banyoles,480010,4663228,Temperatura de l'aigua (camp),08/24/2022 11:25:00,11.5,§C,34,
0450401,Estanys de Banyoles,045040100,QLSup - Estanys de Banyoles,480010,4663228,Temperatura de l'aigua (camp),08/24/2022 11:25:00,11.5,§C,35,
0450401,Estanys de Banyoles,045040100,QLSup - Estanys de Banyoles,480010,4663228,Temperatura de l'aigua (camp),08/24/2022 11:25:00,11.5,§C,36,
0450401,Estanys de Banyoles,045040100,QLSup - Estanys de Banyoles,480010,4663228,Temperatura de l'aigua (camp),08/24/2022 11:25:00,11.5,§C,37,
0450401,Estanys de Banyoles,045040100,QLSup - Estanys de Banyoles,480010,4663228,Temperatura de l'aigua (camp),08/24/2022 11:25:00,11.5,§C,38,
0450401,Estanys de Banyoles,045040100,QLSup - Estanys de Banyoles,480010,4663228,Temperatura de l'aigua (camp),08/24/2022 11:25:00,11.5,§C,39,
0450401,Estanys de Banyoles,045040100,QLSup - Estanys de Banyoles,480010,4663228,Temperatura de l'aigua (camp),08/24/2022 11:25:00,11.5,§C,40,
0450401,Estanys de Banyoles,045040100,QLSup - Estanys de Banyoles,480010,4663228,Temperatura de l'aigua (camp),08/24/2022 11:25:00,11.5,§C,41,
0450401,Estanys de Banyoles,045040100,QLSup - Estanys de Banyoles,480010,4663228,Temperatura de l'aigua (camp),08/24/2022 11:25:00,11.5,§C,42,
0450401,Estanys de Banyoles,045040100,QLSup - Estanys de Banyoles,480010,4663228,Temperatura de l'aigua (camp),08/24/2022 11:25:00,11.5,§C,43,
0450401,Estanys de Banyoles,045040100,QLSup - Estanys de Banyoles,480010,4663228,Temperatura de l'aigua (camp),08/24/2022 11:25:00,11.5,§C,44,
0450401,Estanys de Banyoles,045040100,QLSup - Estanys de Banyoles,480010,4663228,Temperatura de l'aigua (camp),08/24/2022 11:25:00,11.5,§C,45,
0450401,Estanys de Banyoles,045040100,QLSup - Estanys de Banyoles,480010,4663228,Temperatura de l'aigua (camp),08/24/2022 11:25:00,11.5,§C,46,
0450401,Estanys de Banyoles,045040100,QLSup - Estanys de Banyoles,480010,4663228,Temperatura de l'aigua (camp),08/24/2022 11:25:00,11.5,§C,47,
0450401,Estanys de Banyoles,045040100,QLSup - Estanys de Banyoles,480010,4663228,Temperatura de l'aigua (camp),08/24/2022 11:25:00,11.9,§C,48,
0450401,Estanys de Banyoles,045040100,QLSup - Estanys de Banyoles,480010,4663228,Temperatura de l'aigua (camp),08/24/2022 11:25:00,12.3,§C,49,
0450401,Estanys de Banyoles,045040100,QLSup - Estanys de Banyoles,480010,4663228,Temperatura de l'aigua (camp),08/24/2022 11:25:00,12.3,§C,50,
0450401,Estanys de Banyoles,045040100,QLSup - Estanys de Banyoles,480010,4663228,Clorofilúla a (camp),08/24/2022 11:25:00,0.7,mg/m3,0,Perfil amb sonda
0450401,Estanys de Banyoles,045040100,QLSup - Estanys de Banyoles,480010,4663228,Clorofilúla a (camp),08/24/2022 11:25:00,0.7,mg/m3,1,Perfil amb sonda
0450401,Estanys de Banyoles,045040100,QLSup - Estanys de Banyoles,480010,4663228,Clorofilúla a (camp),08/24/2022 11:25:00,0.8,mg/m3,2,Perfil amb sonda
0450401,Estanys de Banyoles,045040100,QLSup - Estanys de Banyoles,480010,4663228,Clorofilúla a (camp),08/24/2022 11:25:00,0.8,mg/m3,3,Perfil amb sonda
0450401,Estanys de Banyoles,045040100,QLSup - Estanys de Banyoles,480010,4663228,Clorofilúla a (camp),08/24/2022 11:25:00,0.7,mg/m3,4,Perfil amb sonda
0450401,Estanys de Banyoles,045040100,QLSup - Estanys de Banyoles,480010,4663228,Clorofilúla a (camp),08/24/2022 11:25:00,0.6,mg/m3,5,Perfil amb sonda
0450401,Estanys de Banyoles,045040100,QLSup - Estanys de Banyoles,480010,4663228,Clorofilúla a (camp),08/24/2022 11:25:00,0.8,mg/m3,6,Perfil amb sonda
0450401,Estanys de Banyoles,045040100,QLSup - Estanys de Banyoles,480010,4663228,Clorofilúla a (camp),08/24/2022 11:25:00,0.9,mg/m3,7,Perfil amb sonda
0450401,Estanys de Banyoles,045040100,QLSup - Estanys de Banyoles,480010,4663228,Clorofilúla a (camp),08/24/2022 11:25:00,0.8,mg/m3,8,Perfil amb sonda
0450401,Estanys de Banyoles,045040100,QLSup - Estanys de Banyoles,480010,4663228,Clorofilúla a (camp),08/24/2022 11:25:00,1.3,mg/m3,9,Perfil amb sonda
0450401,Estanys de Banyoles,045040100,QLSup - Estanys de Banyoles,480010,4663228,Clorofilúla a (camp),08/24/2022 11:25:00,1.2,mg/m3,10,Perfil amb sonda
0450401,Estanys de Banyoles,045040100,QLSup - Estanys de Banyoles,480010,4663228,Clorofilúla a (camp),08/24/2022 11:25:00,1.2,mg/m3,11,Perfil amb sonda
0450401,Estanys de Banyoles,045040100,QLSup - Estanys de Banyoles,480010,4663228,Clorofilúla a (camp),08/24/2022 11:25:00,1.2,mg/m3,12,Perfil amb sonda
0450401,Estanys de Banyoles,045040100,QLSup - Estanys de Banyoles,480010,4663228,Clorofilúla a (camp),08/24/2022 11:25:00,2.1,mg/m3,13,Perfil amb sonda
0450401,Estanys de Banyoles,045040100,QLSup - Estanys de Banyoles,480010,4663228,Clorofilúla a (camp),08/24/2022 11:25:00,2.1,mg/m3,14,Perfil amb sonda
0450401,Estanys de Banyoles,045040100,QLSup - Estanys de Banyoles,480010,4663228,Clorofilúla a (camp),08/24/2022 11:25:00,1.5,mg/m3,15,Perfil amb sonda
0450401,Estanys de Banyoles,045040100,QLSup - Estanys de Banyoles,480010,4663228,Clorofilúla a (camp),08/24/2022 11:25:00,1.3,mg/m3,16,Perfil amb sonda
0450401,Estanys de Banyoles,045040100,QLSup - Estanys de Banyoles,480010,4663228,Clorofilúla a (camp),08/24/2022 11:25:00,1.3,mg/m3,17,Perfil amb sonda
0450401,Estanys de Banyoles,045040100,QLSup - Estanys de Banyoles,480010,4663228,Clorofilúla a (camp),08/24/2022 11:25:00,1.3,mg/m3,18,Perfil amb sonda
0450401,Estanys de Banyoles,045040100,QLSup - Estanys de Banyoles,480010,4663228,Clorofilúla a (camp),08/24/2022 11:25:00,1.5,mg/m3,19,Perfil amb sonda
0450401,Estanys de Banyoles,045040100,QLSup - Estanys de Banyoles,480010,4663228,Clorofilúla a (camp),08/24/2022 11:25:00,2.2,mg/m3,20,Perfil amb sonda
0450401,Estanys de Banyoles,045040100,QLSup - Estanys de Banyoles,480010,4663228,Clorofilúla a (camp),08/24/2022 11:25:00,1.9,mg/m3,21,Perfil amb sonda
0450401,Estanys de Banyoles,045040100,QLSup - Estanys de Banyoles,480010,4663228,Temperatura de l'aigua (camp),08/24/2022 11:25:00,26.8,§C,0,Perfil amb sonda
0450401,Estanys de Banyoles,045040100,QLSup - Estanys de Banyoles,480010,4663228,Temperatura de l'aigua (camp),08/24/2022 11:25:00,26.8,§C,1,Perfil amb sonda
0450401,Estanys de Banyoles,045040100,QLSup - Estanys de Banyoles,480010,4663228,Temperatura de l'aigua (camp),08/24/2022 11:25:00,26.8,§C,2,Perfil amb sonda
0450401,Estanys de Banyoles,045040100,QLSup - Estanys de Banyoles,480010,4663228,Temperatura de l'aigua (camp),08/24/2022 11:25:00,26.7,§C,3,Perfil amb sonda
0450401,Estanys de Banyoles,045040100,QLSup - Estanys de Banyoles,480010,4663228,Temperatura de l'aigua (camp),08/24/2022 11:25:00,26.7,§C,4,Perfil amb sonda
0450401,Estanys de Banyoles,045040100,QLSup - Estanys de Banyoles,480010,4663228,Temperatura de l'aigua (camp),08/24/2022 11:25:00,26.7,§C,5,Perfil amb sonda
0450401,Estanys de Banyoles,045040100,QLSup - Estanys de Banyoles,480010,4663228,Temperatura de l'aigua (camp),08/24/2022 11:25:00,26.7,§C,6,Perfil amb sonda
0450401,Estanys de Banyoles,045040100,QLSup - Estanys de Banyoles,480010,4663228,Temperatura de l'aigua (camp),08/24/2022 11:25:00,26.4,§C,7,Perfil amb sonda
0450401,Estanys de Banyoles,045040100,QLSup - Estanys de Banyoles,480010,4663228,Temperatura de l'aigua (camp),08/24/2022 11:25:00,25.2,§C,8,Perfil amb sonda
0450401,Estanys de Banyoles,045040100,QLSup - Estanys de Banyoles,480010,4663228,Temperatura de l'aigua (camp),08/24/2022 11:25:00,20.9,§C,9,Perfil amb sonda
0450401,Estanys de Banyoles,045040100,QLSup - Estanys de Banyoles,480010,4663228,Temperatura de l'aigua (camp),08/24/2022 11:25:00,18.5,§C,10,Perfil amb sonda
0450401,Estanys de Banyoles,045040100,QLSup - Estanys de Banyoles,480010,4663228,Temperatura de l'aigua (camp),08/24/2022 11:25:00,17.7,§C,11,Perfil amb sonda
0450401,Estanys de Banyoles,045040100,QLSup - Estanys de Banyoles,480010,4663228,Temperatura de l'aigua (camp),08/24/2022 11:25:00,16.9,§C,12,Perfil amb sonda
0450401,Estanys de Banyoles,045040100,QLSup - Estanys de Banyoles,480010,4663228,Temperatura de l'aigua (camp),08/24/2022 11:25:00,16.2,§C,13,Perfil amb sonda
0450401,Estanys de Banyoles,045040100,QLSup - Estanys de Banyoles,480010,4663228,Temperatura de l'aigua (camp),08/24/2022 11:25:00,15.8,§C,14,Perfil amb sonda
0450401,Estanys de Banyoles,045040100,QLSup - Estanys de Banyoles,480010,4663228,Temperatura de l'aigua (camp),08/24/2022 11:25:00,15.6,§C,15,Perfil amb sonda
0450401,Estanys de Banyoles,045040100,QLSup - Estanys de Banyoles,480010,4663228,Temperatura de l'aigua (camp),08/24/2022 11:25:00,15.6,§C,16,Perfil amb sonda
0450401,Estanys de Banyoles,045040100,QLSup - Estanys de Banyoles,480010,4663228,Temperatura de l'aigua (camp),08/24/2022 11:25:00,15.5,§C,17,Perfil amb sonda
0450401,Estanys de Banyoles,045040100,QLSup - Estanys de Banyoles,480010,4663228,Temperatura de l'aigua (camp),08/24/2022 11:25:00,15.5,§C,18,Perfil amb sonda
0450401,Estanys de Banyoles,045040100,QLSup - Estanys de Banyoles,480010,4663228,Temperatura de l'aigua (camp),08/24/2022 11:25:00,15.5,§C,19,Perfil amb sonda
0450401,Estanys de Banyoles,045040100,QLSup - Estanys de Banyoles,480010,4663228,Temperatura de l'aigua (camp),08/24/2022 11:25:00,15.4,§C,20,Perfil amb sonda
0450401,Estanys de Banyoles,045040100,QLSup - Estanys de Banyoles,480010,4663228,Temperatura de l'aigua (camp),08/24/2022 11:25:00,12.7,§C,21,Perfil amb sonda
0450401,Estanys de Banyoles,045040100,QLSup - Estanys de Banyoles,480010,4663228,Temperatura de l'aigua (camp),08/24/2022 11:25:00,11.6,§C,22,Perfil amb sonda
0450401,Estanys de Banyoles,045040100,QLSup - Estanys de Banyoles,480010,4663228,Temperatura de l'aigua (camp),08/24/2022 11:25:00,11.6,§C,23,Perfil amb sonda
0450401,Estanys de Banyoles,045040100,QLSup - Estanys de Banyoles,480010,4663228,Temperatura de l'aigua (camp),08/24/2022 11:25:00,11.6,§C,24,Perfil amb sonda
0450401,Estanys de Banyoles,045040100,QLSup - Estanys de Banyoles,480010,4663228,Temperatura de l'aigua (camp),08/24/2022 11:25:00,11.5,§C,25,Perfil amb sonda
0450401,Estanys de Banyoles,045040100,QLSup - Estanys de Banyoles,480010,4663228,Temperatura de l'aigua (camp),08/24/2022 11:25:00,11.5,§C,26,Perfil amb sonda
0450401,Estanys de Banyoles,045040100,QLSup - Estanys de Banyoles,480010,4663228,Temperatura de l'aigua (camp),08/24/2022 11:25:00,11.5,§C,27,Perfil amb sonda
0450401,Estanys de Banyoles,045040100,QLSup - Estanys de Banyoles,480010,4663228,Temperatura de l'aigua (camp),08/24/2022 11:25:00,11.5,§C,28,Perfil amb sonda
0450401,Estanys de Banyoles,045040100,QLSup - Estanys de Banyoles,480010,4663228,Temperatura de l'aigua (camp),08/24/2022 11:25:00,11.5,§C,29,Perfil amb sonda
0450401,Estanys de Banyoles,045040100,QLSup - Estanys de Banyoles,480010,4663228,Temperatura de l'aigua (camp),08/24/2022 11:25:00,11.5,§C,30,Perfil amb sonda
0450401,Estanys de Banyoles,045040100,QLSup - Estanys de Banyoles,480010,4663228,Temperatura de l'aigua (camp),08/24/2022 11:25:00,11.5,§C,31,Perfil amb sonda
0450401,Estanys de Banyoles,045040100,QLSup - Estanys de Banyoles,480010,4663228,Temperatura de l'aigua (camp),08/24/2022 11:25:00,11.5,§C,32,Perfil amb sonda
0450401,Estanys de Banyoles,045040100,QLSup - Estanys de Banyoles,480010,4663228,Temperatura de l'aigua (camp),08/24/2022 11:25:00,11.5,§C,33,Perfil amb sonda
0450401,Estanys de Banyoles,045040100,QLSup - Estanys de Banyoles,480010,4663228,Temperatura de l'aigua (camp),08/24/2022 11:25:00,11.5,§C,34,Perfil amb sonda
0450401,Estanys de Banyoles,045040100,QLSup - Estanys de Banyoles,480010,4663228,Temperatura de l'aigua (camp),08/24/2022 11:25:00,11.5,§C,35,Perfil amb sonda
0450401,Estanys de Banyoles,045040100,QLSup - Estanys de Banyoles,480010,4663228,Temperatura de l'aigua (camp),08/24/2022 11:25:00,11.5,§C,36,Perfil amb sonda
0450401,Estanys de Banyoles,045040100,QLSup - Estanys de Banyoles,480010,4663228,Temperatura de l'aigua (camp),08/24/2022 11:25:00,11.5,§C,37,Perfil amb sonda
0450401,Estanys de Banyoles,045040100,QLSup - Estanys de Banyoles,480010,4663228,Temperatura de l'aigua (camp),08/24/2022 11:25:00,11.5,§C,38,Perfil amb sonda
0450401,Estanys de Banyoles,045040100,QLSup - Estanys de Banyoles,480010,4663228,Temperatura de l'aigua (camp),08/24/2022 11:25:00,11.5,§C,39,Perfil amb sonda
0450401,Estanys de Banyoles,045040100,QLSup - Estanys de Banyoles,480010,4663228,Temperatura de l'aigua (camp),08/24/2022 11:25:00,11.5,§C,40,Perfil amb sonda
0450401,Estanys de Banyoles,045040100,QLSup - Estanys de Banyoles,480010,4663228,Temperatura de l'aigua (camp),08/24/2022 11:25:00,11.5,§C,41,Perfil amb sonda
0450401,Estanys de Banyoles,045040100,QLSup - Estanys de Banyoles,480010,4663228,Temperatura de l'aigua (camp),08/24/2022 11:25:00,11.5,§C,42,Perfil amb sonda
0450401,Estanys de Banyoles,045040100,QLSup - Estanys de Banyoles,480010,4663228,Temperatura de l'aigua (camp),08/24/2022 11:25:00,11.5,§C,43,Perfil amb sonda
0450401,Estanys de Banyoles,045040100,QLSup - Estanys de Banyoles,480010,4663228,Temperatura de l'aigua (camp),08/24/2022 11:25:00,11.5,§C,44,Perfil amb sonda
0450401,Estanys de Banyoles,045040100,QLSup - Estanys de Banyoles,480010,4663228,Temperatura de l'aigua (camp),08/24/2022 11:25:00,11.5,§C,45,Perfil amb sonda
0450401,Estanys de Banyoles,045040100,QLSup - Estanys de Banyoles,480010,4663228,Temperatura de l'aigua (camp),08/24/2022 11:25:00,11.5,§C,46,Perfil amb sonda
0450401,Estanys de Banyoles,045040100,QLSup - Estanys de Banyoles,480010,4663228,Temperatura de l'aigua (camp),08/24/2022 11:25:00,11.5,§C,47,Perfil amb sonda
0450401,Estanys de Banyoles,045040100,QLSup - Estanys de Banyoles,480010,4663228,Temperatura de l'aigua (camp),08/24/2022 11:25:00,11.9,§C,48,Perfil amb sonda
0450401,Estanys de Banyoles,045040100,QLSup - Estanys de Banyoles,480010,4663228,Temperatura de l'aigua (camp),08/24/2022 11:25:00,12.3,§C,49,Perfil amb sonda
0450401,Estanys de Banyoles,045040100,QLSup - Estanys de Banyoles,480010,4663228,Temperatura de l'aigua (camp),08/24/2022 11:25:00,12.3,§C,50,Perfil amb sonda
0450401,Estanys de Banyoles,045040100,QLSup - Estanys de Banyoles,480010,4663228,pH,09/14/2022,7.8,u.pH,,
0450401,Estanys de Banyoles,045040100,QLSup - Estanys de Banyoles,480010,4663228,Suma d'anions,09/14/2022,19.0244,meq/L,,
0450401,Estanys de Banyoles,045040100,QLSup - Estanys de Banyoles,480010,4663228,Suma de cations,09/14/2022,18.4988,meq/L,,
0450401,Estanys de Banyoles,045040100,QLSup - Estanys de Banyoles,480010,4663228,Conductivitat (camp),09/14/2022,1487,æS/cm,0,
0450401,Estanys de Banyoles,045040100,QLSup - Estanys de Banyoles,480010,4663228,Oxigen dissolt (camp),09/14/2022,6.4,mg/L,0,
0450401,Estanys de Banyoles,045040100,QLSup - Estanys de Banyoles,480010,4663228,% Saturaci¢ d'oxigen (camp),09/14/2022,81.2,%,0,
0450401,Estanys de Banyoles,045040100,QLSup - Estanys de Banyoles,480010,4663228,Temperatura de l'aigua (camp),09/14/2022,26,§C,0,
0450401,Estanys de Banyoles,045040100,QLSup - Estanys de Banyoles,480010,4663228,Temperatura de l'aigua (camp),09/14/2022,26,§C,0,
0450401,Estanys de Banyoles,045040100,QLSup - Estanys de Banyoles,480010,4663228,pH,10/05/2022,7.9,u.pH,,
0450401,Estanys de Banyoles,045040100,QLSup - Estanys de Banyoles,480010,4663228,Suma d'anions,10/05/2022,15.1184,meq/L,,
0450401,Estanys de Banyoles,045040100,QLSup - Estanys de Banyoles,480010,4663228,Suma de cations,10/05/2022,14.6601,meq/L,,
0450401,Estanys de Banyoles,045040100,QLSup - Estanys de Banyoles,480010,4663228,Conductivitat (camp),10/05/2022,1466,æS/cm,0,
0450401,Estanys de Banyoles,045040100,QLSup - Estanys de Banyoles,480010,4663228,Oxigen dissolt (camp),10/05/2022,6.35,mg/L,0,
0450401,Estanys de Banyoles,045040100,QLSup - Estanys de Banyoles,480010,4663228,% Saturaci¢ d'oxigen (camp),10/05/2022,73.3,%,0,
0450401,Estanys de Banyoles,045040100,QLSup - Estanys de Banyoles,480010,4663228,Temperatura de l'aigua (camp),10/05/2022,21.8,§C,0,
0450401,Estanys de Banyoles,045040100,QLSup - Estanys de Banyoles,480010,4663228,Temperatura de l'aigua (camp),10/05/2022,21.8,§C,0,
0450401,Estanys de Banyoles,045040100,QLSup - Estanys de Banyoles,480010,4663228,pH,12/19/2022,7.9,u.pH,,
0450401,Estanys de Banyoles,045040100,QLSup - Estanys de Banyoles,480010,4663228,Suma d'anions,12/19/2022,18.5492,meq/L,,
0450401,Estanys de Banyoles,045040100,QLSup - Estanys de Banyoles,480010,4663228,Suma de cations,12/19/2022,18.3575,meq/L,,
0450401,Estanys de Banyoles,045040100,QLSup - Estanys de Banyoles,480010,4663228,Conductivitat (camp),12/19/2022,1181,æS/cm,0,
0450401,Estanys de Banyoles,045040100,QLSup - Estanys de Banyoles,480010,4663228,Oxigen dissolt (camp),12/19/2022,7.8,mg/L,0,
0450401,Estanys de Banyoles,045040100,QLSup - Estanys de Banyoles,480010,4663228,% Saturaci¢ d'oxigen (camp),12/19/2022,75.6,%,0,
0450401,Estanys de Banyoles,045040100,QLSup - Estanys de Banyoles,480010,4663228,Temperatura de l'aigua (camp),12/19/2022,13.2,§C,0,
0450401,Estanys de Banyoles,045040100,QLSup - Estanys de Banyoles,480010,4663228,Temperatura de l'aigua (camp),12/19/2022,13.2,§C,0,
0450401,Estanys de Banyoles,045040100,QLSup - Estanys de Banyoles,480010,4663228,pH,01/23/2023,7.9,u.pH,,
0450401,Estanys de Banyoles,045040100,QLSup - Estanys de Banyoles,480010,4663228,Suma d'anions,01/23/2023,14.9819,meq/L,,
0450401,Estanys de Banyoles,045040100,QLSup - Estanys de Banyoles,480010,4663228,Suma de cations,01/23/2023,14.8414,meq/L,,
0450401,Estanys de Banyoles,045040100,QLSup - Estanys de Banyoles,480010,4663228,Conductivitat (camp),01/23/2023,1113,æS/cm,0,
0450401,Estanys de Banyoles,045040100,QLSup - Estanys de Banyoles,480010,4663228,Oxigen dissolt (camp),01/23/2023,6.58,mg/L,0,
0450401,Estanys de Banyoles,045040100,QLSup - Estanys de Banyoles,480010,4663228,% Saturaci¢ d'oxigen (camp),01/23/2023,59.1,%,0,
0450401,Estanys de Banyoles,045040100,QLSup - Estanys de Banyoles,480010,4663228,Temperatura de l'aigua (camp),01/23/2023,9.9,§C,0,
0450401,Estanys de Banyoles,045040100,QLSup - Estanys de Banyoles,480010,4663228,Temperatura de l'aigua (camp),01/23/2023,9.9,§C,0,
0450401,Estanys de Banyoles,045040100,QLSup - Estanys de Banyoles,480010,4663228,pH,03/14/2023,7.8,u.pH,,
0450401,Estanys de Banyoles,045040100,QLSup - Estanys de Banyoles,480010,4663228,Suma d'anions,03/14/2023,13.631,meq/L,,
0450401,Estanys de Banyoles,045040100,QLSup - Estanys de Banyoles,480010,4663228,Suma de cations,03/14/2023,14.7578,meq/L,,
0450401,Estanys de Banyoles,045040100,QLSup - Estanys de Banyoles,480010,4663228,Conductivitat (camp),03/14/2023,1492,æS/cm,0,
0450401,Estanys de Banyoles,045040100,QLSup - Estanys de Banyoles,480010,4663228,Oxigen dissolt (camp),03/14/2023,10.3,mg/L,0,
0450401,Estanys de Banyoles,045040100,QLSup - Estanys de Banyoles,480010,4663228,% Saturaci¢ d'oxigen (camp),03/14/2023,101,%,0,
0450401,Estanys de Banyoles,045040100,QLSup - Estanys de Banyoles,480010,4663228,Temperatura de l'aigua (camp),03/14/2023,13.4,§C,0,
0450401,Estanys de Banyoles,045040100,QLSup - Estanys de Banyoles,480010,4663228,Temperatura de l'aigua (camp),03/14/2023,13.4,§C,0,
0450401,Estanys de Banyoles,045040100,QLSup - Estanys de Banyoles,480010,4663228,pH,04/27/2023,7.8,u.pH,,
0450401,Estanys de Banyoles,045040100,QLSup - Estanys de Banyoles,480010,4663228,Suma d'anions,04/27/2023,15.2251,meq/L,,
0450401,Estanys de Banyoles,045040100,QLSup - Estanys de Banyoles,480010,4663228,Suma de cations,04/27/2023,16.0383,meq/L,,
0450401,Estanys de Banyoles,045040100,QLSup - Estanys de Banyoles,480010,4663228,Conductivitat (camp),04/27/2023,1355,æS/cm,0,
0450401,Estanys de Banyoles,045040100,QLSup - Estanys de Banyoles,480010,4663228,Oxigen dissolt (camp),04/27/2023,8.8,mg/L,0,
0450401,Estanys de Banyoles,045040100,QLSup - Estanys de Banyoles,480010,4663228,% Saturaci¢ d'oxigen (camp),04/27/2023,95.3,%,0,
0450401,Estanys de Banyoles,045040100,QLSup - Estanys de Banyoles,480010,4663228,Temperatura de l'aigua (camp),04/27/2023,18,§C,0,
0450401,Estanys de Banyoles,045040100,QLSup - Estanys de Banyoles,480010,4663228,Temperatura de l'aigua (camp),04/27/2023,18,§C,0,
0450401,Estanys de Banyoles,045040100,QLSup - Estanys de Banyoles,480010,4663228,pH,06/13/2023,7.9,u.pH,,
0450401,Estanys de Banyoles,045040100,QLSup - Estanys de Banyoles,480010,4663228,Suma d'anions,06/13/2023,14.896,meq/L,,
0450401,Estanys de Banyoles,045040100,QLSup - Estanys de Banyoles,480010,4663228,Suma de cations,06/13/2023,15.8996,meq/L,,
0450401,Estanys de Banyoles,045040100,QLSup - Estanys de Banyoles,480010,4663228,Conductivitat (camp),06/13/2023,1367,æS/cm,0,
0450401,Estanys de Banyoles,045040100,QLSup - Estanys de Banyoles,480010,4663228,Oxigen dissolt (camp),06/13/2023,7.2,mg/L,0,
0450401,Estanys de Banyoles,045040100,QLSup - Estanys de Banyoles,480010,4663228,% Saturaci¢ d'oxigen (camp),06/13/2023,87.9,%,0,
0450401,Estanys de Banyoles,045040100,QLSup - Estanys de Banyoles,480010,4663228,Temperatura de l'aigua (camp),06/13/2023,23,§C,0,
0450401,Estanys de Banyoles,045040100,QLSup - Estanys de Banyoles,480010,4663228,Temperatura de l'aigua (camp),06/13/2023,23,§C,0,
0450401,Estanys de Banyoles,045040100,QLSup - Estanys de Banyoles,480010,4663228,pH,07/11/2023,7.9,u.pH,,
0450401,Estanys de Banyoles,045040100,QLSup - Estanys de Banyoles,480010,4663228,Suma d'anions,07/11/2023,13.6652,meq/L,,
0450401,Estanys de Banyoles,045040100,QLSup - Estanys de Banyoles,480010,4663228,Suma de cations,07/11/2023,15.1163,meq/L,,
0450401,Estanys de Banyoles,045040100,QLSup - Estanys de Banyoles,480010,4663228,Conductivitat (camp),07/11/2023,1266,æS/cm,0,
0450401,Estanys de Banyoles,045040100,QLSup - Estanys de Banyoles,480010,4663228,Oxigen dissolt (camp),07/11/2023,6.6,mg/L,0,
0450401,Estanys de Banyoles,045040100,QLSup - Estanys de Banyoles,480010,4663228,% Saturaci¢ d'oxigen (camp),07/11/2023,88.3,%,0,
0450401,Estanys de Banyoles,045040100,QLSup - Estanys de Banyoles,480010,4663228,Temperatura de l'aigua (camp),07/11/2023,27.7,§C,0,
0450401,Estanys de Banyoles,045040100,QLSup - Estanys de Banyoles,480010,4663228,Temperatura de l'aigua (camp),07/11/2023,27.7,§C,0,
0450401,Estanys de Banyoles,045040100,QLSup - Estanys de Banyoles,480010,4663228,pH,09/20/2023,7.8,u.pH,,
0450401,Estanys de Banyoles,045040100,QLSup - Estanys de Banyoles,480010,4663228,Suma d'anions,09/20/2023,13.3169,meq/L,,
0450401,Estanys de Banyoles,045040100,QLSup - Estanys de Banyoles,480010,4663228,Suma de cations,09/20/2023,14.3339,meq/L,,
0450401,Estanys de Banyoles,045040100,QLSup - Estanys de Banyoles,480010,4663228,Conductivitat (camp),09/20/2023,1319,æS/cm,0,
0450401,Estanys de Banyoles,045040100,QLSup - Estanys de Banyoles,480010,4663228,Oxigen dissolt (camp),09/20/2023,6.42,mg/L,0,
0450401,Estanys de Banyoles,045040100,QLSup - Estanys de Banyoles,480010,4663228,% Saturaci¢ d'oxigen (camp),09/20/2023,66.3,%,0,
0450401,Estanys de Banyoles,045040100,QLSup - Estanys de Banyoles,480010,4663228,Temperatura de l'aigua (camp),09/20/2023,24.4,§C,0,
0450401,Estanys de Banyoles,045040100,QLSup - Estanys de Banyoles,480010,4663228,Temperatura de l'aigua (camp),09/20/2023,24.4,§C,0,
0450401,Estanys de Banyoles,045040100,QLSup - Estanys de Banyoles,480010,4663228,pH,10/17/2023,7.8,u.pH,,
0450401,Estanys de Banyoles,045040100,QLSup - Estanys de Banyoles,480010,4663228,Suma d'anions,10/17/2023,14.1877,meq/L,,
0450401,Estanys de Banyoles,045040100,QLSup - Estanys de Banyoles,480010,4663228,Suma de cations,10/17/2023,15.6441,meq/L,,
0450401,Estanys de Banyoles,045040100,QLSup - Estanys de Banyoles,480010,4663228,Conductivitat (camp),10/17/2023,1286,æS/cm,0,
0450401,Estanys de Banyoles,045040100,QLSup - Estanys de Banyoles,480010,4663228,Oxigen dissolt (camp),10/17/2023,5.3,mg/L,0,
0450401,Estanys de Banyoles,045040100,QLSup - Estanys de Banyoles,480010,4663228,% Saturaci¢ d'oxigen (camp),10/17/2023,64.6,%,0,
0450401,Estanys de Banyoles,045040100,QLSup - Estanys de Banyoles,480010,4663228,Temperatura de l'aigua (camp),10/17/2023,22.4,§C,0,
0450401,Estanys de Banyoles,045040100,QLSup - Estanys de Banyoles,480010,4663228,Temperatura de l'aigua (camp),10/17/2023,22.4,§C,0,
0450401,Estanys de Banyoles,045040100,QLSup - Estanys de Banyoles,480010,4663228,pH,12/13/2023,7.7,u.pH,,
0450401,Estanys de Banyoles,045040100,QLSup - Estanys de Banyoles,480010,4663228,Suma d'anions,12/13/2023,16.1519,meq/L,,
0450401,Estanys de Banyoles,045040100,QLSup - Estanys de Banyoles,480010,4663228,Suma de cations,12/13/2023,17.1143,meq/L,,
0450401,Estanys de Banyoles,045040100,QLSup - Estanys de Banyoles,480010,4663228,Conductivitat (camp),12/13/2023,1462,æS/cm,0,
0450401,Estanys de Banyoles,045040100,QLSup - Estanys de Banyoles,480010,4663228,Oxigen dissolt (camp),12/13/2023,6.6,mg/L,0,
0450401,Estanys de Banyoles,045040100,QLSup - Estanys de Banyoles,480010,4663228,% Saturaci¢ d'oxigen (camp),12/13/2023,64,%,0,
0450401,Estanys de Banyoles,045040100,QLSup - Estanys de Banyoles,480010,4663228,Temperatura de l'aigua (camp),12/13/2023,13,§C,0,
0450401,Estanys de Banyoles,045040100,QLSup - Estanys de Banyoles,480010,4663228,Temperatura de l'aigua (camp),12/13/2023,13,§C,0,
0450401,Estanys de Banyoles,045040100,QLSup - Estanys de Banyoles,480010,4663228,pH,01/29/2024,7.8,u.pH,,
0450401,Estanys de Banyoles,045040100,QLSup - Estanys de Banyoles,480010,4663228,Suma d'anions,01/29/2024,15.8273,meq/L,,
0450401,Estanys de Banyoles,045040100,QLSup - Estanys de Banyoles,480010,4663228,Suma de cations,01/29/2024,16.054,meq/L,,
0450401,Estanys de Banyoles,045040100,QLSup - Estanys de Banyoles,480010,4663228,Conductivitat (camp),01/29/2024,1373,æS/cm,0,
0450401,Estanys de Banyoles,045040100,QLSup - Estanys de Banyoles,480010,4663228,Oxigen dissolt (camp),01/29/2024,9.3,mg/L,0,
0450401,Estanys de Banyoles,045040100,QLSup - Estanys de Banyoles,480010,4663228,% Saturaci¢ d'oxigen (camp),01/29/2024,83.3,%,0,
0450401,Estanys de Banyoles,045040100,QLSup - Estanys de Banyoles,480010,4663228,Temperatura de l'aigua (camp),01/29/2024,10.1,§C,0,
0450401,Estanys de Banyoles,045040100,QLSup - Estanys de Banyoles,480010,4663228,Temperatura de l'aigua (camp),01/29/2024,10.1,§C,0,
0450401,Estanys de Banyoles,045040100,QLSup - Estanys de Banyoles,480010,4663228,pH,03/20/2024,7.2,u.pH,,
0450401,Estanys de Banyoles,045040100,QLSup - Estanys de Banyoles,480010,4663228,Suma d'anions,03/20/2024,12.8351,meq/L,,
0450401,Estanys de Banyoles,045040100,QLSup - Estanys de Banyoles,480010,4663228,Suma de cations,03/20/2024,13.6898,meq/L,,
0450401,Estanys de Banyoles,045040100,QLSup - Estanys de Banyoles,480010,4663228,Conductivitat (camp),03/20/2024,1481,æS/cm,0,
0450401,Estanys de Banyoles,045040100,QLSup - Estanys de Banyoles,480010,4663228,Oxigen dissolt (camp),03/20/2024,4.75,mg/L,0,
0450401,Estanys de Banyoles,045040100,QLSup - Estanys de Banyoles,480010,4663228,% Saturaci¢ d'oxigen (camp),03/20/2024,47.3,%,0,
0450401,Estanys de Banyoles,045040100,QLSup - Estanys de Banyoles,480010,4663228,Temperatura de l'aigua (camp),03/20/2024,14.4,§C,0,
0450401,Estanys de Banyoles,045040100,QLSup - Estanys de Banyoles,480010,4663228,Temperatura de l'aigua (camp),03/20/2024,14.4,§C,0,
0450401,Estanys de Banyoles,045040100,QLSup - Estanys de Banyoles,480010,4663228,pH,04/22/2024,8.1,u.pH,,
0450401,Estanys de Banyoles,045040100,QLSup - Estanys de Banyoles,480010,4663228,Suma d'anions,04/22/2024,15.3967,meq/L,,
0450401,Estanys de Banyoles,045040100,QLSup - Estanys de Banyoles,480010,4663228,Suma de cations,04/22/2024,16.8213,meq/L,,
0450401,Estanys de Banyoles,045040100,QLSup - Estanys de Banyoles,480010,4663228,Conductivitat (camp),04/22/2024,1337,æS/cm,0,
0450401,Estanys de Banyoles,045040100,QLSup - Estanys de Banyoles,480010,4663228,Oxigen dissolt (camp),04/22/2024,9.65,mg/L,0,
0450401,Estanys de Banyoles,045040100,QLSup - Estanys de Banyoles,480010,4663228,% Saturaci¢ d'oxigen (camp),04/22/2024,98.5,%,0,
0450401,Estanys de Banyoles,045040100,QLSup - Estanys de Banyoles,480010,4663228,Temperatura de l'aigua (camp),04/22/2024,15.4,§C,0,
0450401,Estanys de Banyoles,045040100,QLSup - Estanys de Banyoles,480010,4663228,Temperatura de l'aigua (camp),04/22/2024,15.4,§C,0,
0450401,Estanys de Banyoles,045040100,QLSup - Estanys de Banyoles,480010,4663228,pH,06/19/2024,8,u.pH,,
0450401,Estanys de Banyoles,045040100,QLSup - Estanys de Banyoles,480010,4663228,Suma d'anions,06/19/2024,16.1427,meq/L,,
0450401,Estanys de Banyoles,045040100,QLSup - Estanys de Banyoles,480010,4663228,Suma de cations,06/19/2024,15.8403,meq/L,,
0450401,Estanys de Banyoles,045040100,QLSup - Estanys de Banyoles,480010,4663228,Conductivitat (camp),06/19/2024,1483,æS/cm,0,
0450401,Estanys de Banyoles,045040100,QLSup - Estanys de Banyoles,480010,4663228,Oxigen dissolt (camp),06/19/2024,7.3,mg/L,0,
0450401,Estanys de Banyoles,045040100,QLSup - Estanys de Banyoles,480010,4663228,% Saturaci¢ d'oxigen (camp),06/19/2024,88.5,%,0,
0450401,Estanys de Banyoles,045040100,QLSup - Estanys de Banyoles,480010,4663228,Temperatura de l'aigua (camp),06/19/2024,24,§C,0,
0450401,Estanys de Banyoles,045040100,QLSup - Estanys de Banyoles,480010,4663228,Temperatura de l'aigua (camp),06/19/2024,24,§C,0,
0450401,Estanys de Banyoles,045040100,QLSup - Estanys de Banyoles,480010,4663228,pH,07/24/2024,7.5,u.pH,,
0450401,Estanys de Banyoles,045040100,QLSup - Estanys de Banyoles,480010,4663228,Suma d'anions,07/24/2024,17.9957,meq/L,,
0450401,Estanys de Banyoles,045040100,QLSup - Estanys de Banyoles,480010,4663228,Suma de cations,07/24/2024,18.5874,meq/L,,
0450401,Estanys de Banyoles,045040100,QLSup - Estanys de Banyoles,480010,4663228,Conductivitat (camp),07/24/2024,1369,æS/cm,0,
0450401,Estanys de Banyoles,045040100,QLSup - Estanys de Banyoles,480010,4663228,Oxigen dissolt (camp),07/24/2024,4.97,mg/L,0,
0450401,Estanys de Banyoles,045040100,QLSup - Estanys de Banyoles,480010,4663228,% Saturaci¢ d'oxigen (camp),07/24/2024,64,%,0,
0450401,Estanys de Banyoles,045040100,QLSup - Estanys de Banyoles,480010,4663228,Temperatura de l'aigua (camp),07/24/2024,27.5,§C,0,
0450401,Estanys de Banyoles,045040100,QLSup - Estanys de Banyoles,480010,4663228,Temperatura de l'aigua (camp),07/24/2024,27.5,§C,0,
0450401,Estanys de Banyoles,045040100,QLSup - Estanys de Banyoles,480010,4663228,Oxigen dissolt (camp),08/29/2024 09:35:00,8,mg/L,0,
0450401,Estanys de Banyoles,045040100,QLSup - Estanys de Banyoles,480010,4663228,Oxigen dissolt (camp),08/29/2024 09:35:00,8,mg/L,1,
0450401,Estanys de Banyoles,045040100,QLSup - Estanys de Banyoles,480010,4663228,Oxigen dissolt (camp),08/29/2024 09:35:00,8,mg/L,2,
0450401,Estanys de Banyoles,045040100,QLSup - Estanys de Banyoles,480010,4663228,Oxigen dissolt (camp),08/29/2024 09:35:00,8,mg/L,3,
0450401,Estanys de Banyoles,045040100,QLSup - Estanys de Banyoles,480010,4663228,Oxigen dissolt (camp),08/29/2024 09:35:00,8,mg/L,4,
0450401,Estanys de Banyoles,045040100,QLSup - Estanys de Banyoles,480010,4663228,Oxigen dissolt (camp),08/29/2024 09:35:00,8,mg/L,5,
0450401,Estanys de Banyoles,045040100,QLSup - Estanys de Banyoles,480010,4663228,Oxigen dissolt (camp),08/29/2024 09:35:00,8,mg/L,6,
0450401,Estanys de Banyoles,045040100,QLSup - Estanys de Banyoles,480010,4663228,Oxigen dissolt (camp),08/29/2024 09:35:00,10,mg/L,7,
0450401,Estanys de Banyoles,045040100,QLSup - Estanys de Banyoles,480010,4663228,Oxigen dissolt (camp),08/29/2024 09:35:00,10.6,mg/L,8,
0450401,Estanys de Banyoles,045040100,QLSup - Estanys de Banyoles,480010,4663228,Oxigen dissolt (camp),08/29/2024 09:35:00,8.9,mg/L,9,
0450401,Estanys de Banyoles,045040100,QLSup - Estanys de Banyoles,480010,4663228,Oxigen dissolt (camp),08/29/2024 09:35:00,7.8,mg/L,10,
0450401,Estanys de Banyoles,045040100,QLSup - Estanys de Banyoles,480010,4663228,Oxigen dissolt (camp),08/29/2024 09:35:00,22,mg/L,11,
0450401,Estanys de Banyoles,045040100,QLSup - Estanys de Banyoles,480010,4663228,Oxigen dissolt (camp),08/29/2024 09:35:00,6,mg/L,12,
0450401,Estanys de Banyoles,045040100,QLSup - Estanys de Banyoles,480010,4663228,Oxigen dissolt (camp),08/29/2024 09:35:00,4.7,mg/L,13,
0450401,Estanys de Banyoles,045040100,QLSup - Estanys de Banyoles,480010,4663228,Oxigen dissolt (camp),08/29/2024 09:35:00,3.7,mg/L,14,
0450401,Estanys de Banyoles,045040100,QLSup - Estanys de Banyoles,480010,4663228,Oxigen dissolt (camp),08/29/2024 09:35:00,3.7,mg/L,15,
0450401,Estanys de Banyoles,045040100,QLSup - Estanys de Banyoles,480010,4663228,Oxigen dissolt (camp),08/29/2024 09:35:00,3.6,mg/L,16,
0450401,Estanys de Banyoles,045040100,QLSup - Estanys de Banyoles,480010,4663228,Oxigen dissolt (camp),08/29/2024 09:35:00,3.6,mg/L,17,
0450401,Estanys de Banyoles,045040100,QLSup - Estanys de Banyoles,480010,4663228,Oxigen dissolt (camp),08/29/2024 09:35:00,4,mg/L,18,
0450401,Estanys de Banyoles,045040100,QLSup - Estanys de Banyoles,480010,4663228,Oxigen dissolt (camp),08/29/2024 09:35:00,3.8,mg/L,19,
0450401,Estanys de Banyoles,045040100,QLSup - Estanys de Banyoles,480010,4663228,Oxigen dissolt (camp),08/29/2024 09:35:00,3,mg/L,20,
0450401,Estanys de Banyoles,045040100,QLSup - Estanys de Banyoles,480010,4663228,Oxigen dissolt (camp),08/29/2024 09:35:00,4.2,mg/L,21,
0450401,Estanys de Banyoles,045040100,QLSup - Estanys de Banyoles,480010,4663228,Oxigen dissolt (camp),08/29/2024 09:35:00,4.3,mg/L,22,
0450401,Estanys de Banyoles,045040100,QLSup - Estanys de Banyoles,480010,4663228,Oxigen dissolt (camp),08/29/2024 09:35:00,3.8,mg/L,23,
0450401,Estanys de Banyoles,045040100,QLSup - Estanys de Banyoles,480010,4663228,Oxigen dissolt (camp),08/29/2024 09:35:00,3.8,mg/L,24,
0450401,Estanys de Banyoles,045040100,QLSup - Estanys de Banyoles,480010,4663228,Oxigen dissolt (camp),08/29/2024 09:35:00,3.8,mg/L,25,
0450401,Estanys de Banyoles,045040100,QLSup - Estanys de Banyoles,480010,4663228,Oxigen dissolt (camp),08/29/2024 09:35:00,3.8,mg/L,26,
0450401,Estanys de Banyoles,045040100,QLSup - Estanys de Banyoles,480010,4663228,Oxigen dissolt (camp),08/29/2024 09:35:00,3.8,mg/L,27,
0450401,Estanys de Banyoles,045040100,QLSup - Estanys de Banyoles,480010,4663228,Oxigen dissolt (camp),08/29/2024 09:35:00,3.7,mg/L,28,
0450401,Estanys de Banyoles,045040100,QLSup - Estanys de Banyoles,480010,4663228,Oxigen dissolt (camp),08/29/2024 09:35:00,3.7,mg/L,29,
0450401,Estanys de Banyoles,045040100,QLSup - Estanys de Banyoles,480010,4663228,Oxigen dissolt (camp),08/29/2024 09:35:00,3.7,mg/L,30,
0450401,Estanys de Banyoles,045040100,QLSup - Estanys de Banyoles,480010,4663228,Oxigen dissolt (camp),08/29/2024 09:35:00,3.7,mg/L,31,
0450401,Estanys de Banyoles,045040100,QLSup - Estanys de Banyoles,480010,4663228,Oxigen dissolt (camp),08/29/2024 09:35:00,3.8,mg/L,32,
0450401,Estanys de Banyoles,045040100,QLSup - Estanys de Banyoles,480010,4663228,Oxigen dissolt (camp),08/29/2024 09:35:00,3.8,mg/L,33,
0450401,Estanys de Banyoles,045040100,QLSup - Estanys de Banyoles,480010,4663228,Oxigen dissolt (camp),08/29/2024 09:35:00,3.8,mg/L,34,
0450401,Estanys de Banyoles,045040100,QLSup - Estanys de Banyoles,480010,4663228,Oxigen dissolt (camp),08/29/2024 09:35:00,3.8,mg/L,35,
0450401,Estanys de Banyoles,045040100,QLSup - Estanys de Banyoles,480010,4663228,Oxigen dissolt (camp),08/29/2024 09:35:00,3.7,mg/L,36,
0450401,Estanys de Banyoles,045040100,QLSup - Estanys de Banyoles,480010,4663228,Oxigen dissolt (camp),08/29/2024 09:35:00,3.7,mg/L,37,
0450401,Estanys de Banyoles,045040100,QLSup - Estanys de Banyoles,480010,4663228,Oxigen dissolt (camp),08/29/2024 09:35:00,3.7,mg/L,38,
0450401,Estanys de Banyoles,045040100,QLSup - Estanys de Banyoles,480010,4663228,Oxigen dissolt (camp),08/29/2024 09:35:00,3.7,mg/L,39,
0450401,Estanys de Banyoles,045040100,QLSup - Estanys de Banyoles,480010,4663228,Oxigen dissolt (camp),08/29/2024 09:35:00,3.7,mg/L,40,
0450401,Estanys de Banyoles,045040100,QLSup - Estanys de Banyoles,480010,4663228,Oxigen dissolt (camp),08/29/2024 09:35:00,3.7,mg/L,41,
0450401,Estanys de Banyoles,045040100,QLSup - Estanys de Banyoles,480010,4663228,Oxigen dissolt (camp),08/29/2024 09:35:00,3.7,mg/L,42,
0450401,Estanys de Banyoles,045040100,QLSup - Estanys de Banyoles,480010,4663228,Oxigen dissolt (camp),08/29/2024 09:35:00,3.7,mg/L,43,
0450401,Estanys de Banyoles,045040100,QLSup - Estanys de Banyoles,480010,4663228,Oxigen dissolt (camp),08/29/2024 09:35:00,3.7,mg/L,44,
0450401,Estanys de Banyoles,045040100,QLSup - Estanys de Banyoles,480010,4663228,Oxigen dissolt (camp),08/29/2024 09:35:00,3.7,mg/L,45,
0450401,Estanys de Banyoles,045040100,QLSup - Estanys de Banyoles,480010,4663228,Oxigen dissolt (camp),08/29/2024 09:35:00,3.6,mg/L,46,
0450401,Estanys de Banyoles,045040100,QLSup - Estanys de Banyoles,480010,4663228,Oxigen dissolt (camp),08/29/2024 09:35:00,3.2,mg/L,47,
0450401,Estanys de Banyoles,045040100,QLSup - Estanys de Banyoles,480010,4663228,Oxigen dissolt (camp),08/29/2024 09:35:00,1.1,mg/L,48,
0450401,Estanys de Banyoles,045040100,QLSup - Estanys de Banyoles,480010,4663228,Oxigen dissolt (camp),08/29/2024 09:35:00,0.7,mg/L,49,
0450401,Estanys de Banyoles,045040100,QLSup - Estanys de Banyoles,480010,4663228,Oxigen dissolt (camp),08/29/2024 09:35:00,0.6,mg/L,50,
0450401,Estanys de Banyoles,045040100,QLSup - Estanys de Banyoles,480010,4663228,% Saturaci¢ d'oxigen (camp),08/29/2024 09:35:00,101.6,%,0,
0450401,Estanys de Banyoles,045040100,QLSup - Estanys de Banyoles,480010,4663228,% Saturaci¢ d'oxigen (camp),08/29/2024 09:35:00,101.6,%,1,
0450401,Estanys de Banyoles,045040100,QLSup - Estanys de Banyoles,480010,4663228,% Saturaci¢ d'oxigen (camp),08/29/2024 09:35:00,101.5,%,2,
0450401,Estanys de Banyoles,045040100,QLSup - Estanys de Banyoles,480010,4663228,% Saturaci¢ d'oxigen (camp),08/29/2024 09:35:00,101.5,%,3,
0450401,Estanys de Banyoles,045040100,QLSup - Estanys de Banyoles,480010,4663228,% Saturaci¢ d'oxigen (camp),08/29/2024 09:35:00,101.4,%,4,
0450401,Estanys de Banyoles,045040100,QLSup - Estanys de Banyoles,480010,4663228,% Saturaci¢ d'oxigen (camp),08/29/2024 09:35:00,101.3,%,5,
0450401,Estanys de Banyoles,045040100,QLSup - Estanys de Banyoles,480010,4663228,% Saturaci¢ d'oxigen (camp),08/29/2024 09:35:00,101.2,%,6,
0450401,Estanys de Banyoles,045040100,QLSup - Estanys de Banyoles,480010,4663228,% Saturaci¢ d'oxigen (camp),08/29/2024 09:35:00,122.5,%,7,
0450401,Estanys de Banyoles,045040100,QLSup - Estanys de Banyoles,480010,4663228,% Saturaci¢ d'oxigen (camp),08/29/2024 09:35:00,119.8,%,8,
0450401,Estanys de Banyoles,045040100,QLSup - Estanys de Banyoles,480010,4663228,% Saturaci¢ d'oxigen (camp),08/29/2024 09:35:00,96.4,%,9,
0450401,Estanys de Banyoles,045040100,QLSup - Estanys de Banyoles,480010,4663228,% Saturaci¢ d'oxigen (camp),08/29/2024 09:35:00,83.1,%,10,
0450401,Estanys de Banyoles,045040100,QLSup - Estanys de Banyoles,480010,4663228,% Saturaci¢ d'oxigen (camp),08/29/2024 09:35:00,66.1,%,11,
0450401,Estanys de Banyoles,045040100,QLSup - Estanys de Banyoles,480010,4663228,% Saturaci¢ d'oxigen (camp),08/29/2024 09:35:00,62.2,%,12,
0450401,Estanys de Banyoles,045040100,QLSup - Estanys de Banyoles,480010,4663228,% Saturaci¢ d'oxigen (camp),08/29/2024 09:35:00,48.8,%,13,
0450401,Estanys de Banyoles,045040100,QLSup - Estanys de Banyoles,480010,4663228,% Saturaci¢ d'oxigen (camp),08/29/2024 09:35:00,38.5,%,14,
0450401,Estanys de Banyoles,045040100,QLSup - Estanys de Banyoles,480010,4663228,% Saturaci¢ d'oxigen (camp),08/29/2024 09:35:00,38.5,%,15,
0450401,Estanys de Banyoles,045040100,QLSup - Estanys de Banyoles,480010,4663228,% Saturaci¢ d'oxigen (camp),08/29/2024 09:35:00,37.8,%,16,
0450401,Estanys de Banyoles,045040100,QLSup - Estanys de Banyoles,480010,4663228,% Saturaci¢ d'oxigen (camp),08/29/2024 09:35:00,37.8,%,17,
0450401,Estanys de Banyoles,045040100,QLSup - Estanys de Banyoles,480010,4663228,% Saturaci¢ d'oxigen (camp),08/29/2024 09:35:00,41,%,18,
0450401,Estanys de Banyoles,045040100,QLSup - Estanys de Banyoles,480010,4663228,% Saturaci¢ d'oxigen (camp),08/29/2024 09:35:00,38.8,%,19,
0450401,Estanys de Banyoles,045040100,QLSup - Estanys de Banyoles,480010,4663228,% Saturaci¢ d'oxigen (camp),08/29/2024 09:35:00,30.8,%,20,
0450401,Estanys de Banyoles,045040100,QLSup - Estanys de Banyoles,480010,4663228,% Saturaci¢ d'oxigen (camp),08/29/2024 09:35:00,41,%,21,
0450401,Estanys de Banyoles,045040100,QLSup - Estanys de Banyoles,480010,4663228,% Saturaci¢ d'oxigen (camp),08/29/2024 09:35:00,40.6,%,22,
0450401,Estanys de Banyoles,045040100,QLSup - Estanys de Banyoles,480010,4663228,% Saturaci¢ d'oxigen (camp),08/29/2024 09:35:00,35.7,%,23,
0450401,Estanys de Banyoles,045040100,QLSup - Estanys de Banyoles,480010,4663228,% Saturaci¢ d'oxigen (camp),08/29/2024 09:35:00,35.5,%,24,
0450401,Estanys de Banyoles,045040100,QLSup - Estanys de Banyoles,480010,4663228,% Saturaci¢ d'oxigen (camp),08/29/2024 09:35:00,35.5,%,25,
0450401,Estanys de Banyoles,045040100,QLSup - Estanys de Banyoles,480010,4663228,% Saturaci¢ d'oxigen (camp),08/29/2024 09:35:00,35.3,%,26,
0450401,Estanys de Banyoles,045040100,QLSup - Estanys de Banyoles,480010,4663228,% Saturaci¢ d'oxigen (camp),08/29/2024 09:35:00,35.2,%,27,
0450401,Estanys de Banyoles,045040100,QLSup - Estanys de Banyoles,480010,4663228,% Saturaci¢ d'oxigen (camp),08/29/2024 09:35:00,35.1,%,28,
0450401,Estanys de Banyoles,045040100,QLSup - Estanys de Banyoles,480010,4663228,% Saturaci¢ d'oxigen (camp),08/29/2024 09:35:00,35.1,%,29,
0450401,Estanys de Banyoles,045040100,QLSup - Estanys de Banyoles,480010,4663228,% Saturaci¢ d'oxigen (camp),08/29/2024 09:35:00,35.1,%,30,
0450401,Estanys de Banyoles,045040100,QLSup - Estanys de Banyoles,480010,4663228,% Saturaci¢ d'oxigen (camp),08/29/2024 09:35:00,35.1,%,31,
0450401,Estanys de Banyoles,045040100,QLSup - Estanys de Banyoles,480010,4663228,% Saturaci¢ d'oxigen (camp),08/29/2024 09:35:00,35.2,%,32,
0450401,Estanys de Banyoles,045040100,QLSup - Estanys de Banyoles,480010,4663228,% Saturaci¢ d'oxigen (camp),08/29/2024 09:35:00,35.2,%,33,
0450401,Estanys de Banyoles,045040100,QLSup - Estanys de Banyoles,480010,4663228,% Saturaci¢ d'oxigen (camp),08/29/2024 09:35:00,35.2,%,34,
0450401,Estanys de Banyoles,045040100,QLSup - Estanys de Banyoles,480010,4663228,% Saturaci¢ d'oxigen (camp),08/29/2024 09:35:00,35.2,%,35,
0450401,Estanys de Banyoles,045040100,QLSup - Estanys de Banyoles,480010,4663228,% Saturaci¢ d'oxigen (camp),08/29/2024 09:35:00,35,%,36,
0450401,Estanys de Banyoles,045040100,QLSup - Estanys de Banyoles,480010,4663228,% Saturaci¢ d'oxigen (camp),08/29/2024 09:35:00,34.9,%,37,
0450401,Estanys de Banyoles,045040100,QLSup - Estanys de Banyoles,480010,4663228,% Saturaci¢ d'oxigen (camp),08/29/2024 09:35:00,34.7,%,38,
0450401,Estanys de Banyoles,045040100,QLSup - Estanys de Banyoles,480010,4663228,% Saturaci¢ d'oxigen (camp),08/29/2024 09:35:00,35,%,39,
0450401,Estanys de Banyoles,045040100,QLSup - Estanys de Banyoles,480010,4663228,% Saturaci¢ d'oxigen (camp),08/29/2024 09:35:00,34.7,%,40,
0450401,Estanys de Banyoles,045040100,QLSup - Estanys de Banyoles,480010,4663228,% Saturaci¢ d'oxigen (camp),08/29/2024 09:35:00,34.9,%,41,
0450401,Estanys de Banyoles,045040100,QLSup - Estanys de Banyoles,480010,4663228,% Saturaci¢ d'oxigen (camp),08/29/2024 09:35:00,34.8,%,42,
0450401,Estanys de Banyoles,045040100,QLSup - Estanys de Banyoles,480010,4663228,% Saturaci¢ d'oxigen (camp),08/29/2024 09:35:00,34.7,%,43,
0450401,Estanys de Banyoles,045040100,QLSup - Estanys de Banyoles,480010,4663228,% Saturaci¢ d'oxigen (camp),08/29/2024 09:35:00,34.6,%,44,
0450401,Estanys de Banyoles,045040100,QLSup - Estanys de Banyoles,480010,4663228,% Saturaci¢ d'oxigen (camp),08/29/2024 09:35:00,34.6,%,45,
0450401,Estanys de Banyoles,045040100,QLSup - Estanys de Banyoles,480010,4663228,% Saturaci¢ d'oxigen (camp),08/29/2024 09:35:00,33.6,%,46,
0450401,Estanys de Banyoles,045040100,QLSup - Estanys de Banyoles,480010,4663228,% Saturaci¢ d'oxigen (camp),08/29/2024 09:35:00,30.1,%,47,
0450401,Estanys de Banyoles,045040100,QLSup - Estanys de Banyoles,480010,4663228,% Saturaci¢ d'oxigen (camp),08/29/2024 09:35:00,10.7,%,48,
0450401,Estanys de Banyoles,045040100,QLSup - Estanys de Banyoles,480010,4663228,% Saturaci¢ d'oxigen (camp),08/29/2024 09:35:00,6.3,%,49,
0450401,Estanys de Banyoles,045040100,QLSup - Estanys de Banyoles,480010,4663228,% Saturaci¢ d'oxigen (camp),08/29/2024 09:35:00,5.6,%,50,
0450401,Estanys de Banyoles,045040100,QLSup - Estanys de Banyoles,480010,4663228,Temperatura de l'aigua (camp),08/29/2024 09:35:00,27.3,§C,0,
0450401,Estanys de Banyoles,045040100,QLSup - Estanys de Banyoles,480010,4663228,Temperatura de l'aigua (camp),08/29/2024 09:35:00,27.3,§C,1,
0450401,Estanys de Banyoles,045040100,QLSup - Estanys de Banyoles,480010,4663228,Temperatura de l'aigua (camp),08/29/2024 09:35:00,27.3,§C,2,
0450401,Estanys de Banyoles,045040100,QLSup - Estanys de Banyoles,480010,4663228,Temperatura de l'aigua (camp),08/29/2024 09:35:00,27.3,§C,3,
0450401,Estanys de Banyoles,045040100,QLSup - Estanys de Banyoles,480010,4663228,Temperatura de l'aigua (camp),08/29/2024 09:35:00,27.3,§C,4,
0450401,Estanys de Banyoles,045040100,QLSup - Estanys de Banyoles,480010,4663228,Temperatura de l'aigua (camp),08/29/2024 09:35:00,27.3,§C,5,
0450401,Estanys de Banyoles,045040100,QLSup - Estanys de Banyoles,480010,4663228,Temperatura de l'aigua (camp),08/29/2024 09:35:00,27.3,§C,6,
0450401,Estanys de Banyoles,045040100,QLSup - Estanys de Banyoles,480010,4663228,Temperatura de l'aigua (camp),08/29/2024 09:35:00,25.2,§C,7,
0450401,Estanys de Banyoles,045040100,QLSup - Estanys de Banyoles,480010,4663228,Temperatura de l'aigua (camp),08/29/2024 09:35:00,21.1,§C,8,
0450401,Estanys de Banyoles,045040100,QLSup - Estanys de Banyoles,480010,4663228,Temperatura de l'aigua (camp),08/29/2024 09:35:00,19.1,§C,9,
0450401,Estanys de Banyoles,045040100,QLSup - Estanys de Banyoles,480010,4663228,Temperatura de l'aigua (camp),08/29/2024 09:35:00,18.4,§C,10,
0450401,Estanys de Banyoles,045040100,QLSup - Estanys de Banyoles,480010,4663228,Temperatura de l'aigua (camp),08/29/2024 09:35:00,17.5,§C,11,
0450401,Estanys de Banyoles,045040100,QLSup - Estanys de Banyoles,480010,4663228,Temperatura de l'aigua (camp),08/29/2024 09:35:00,17.2,§C,12,
0450401,Estanys de Banyoles,045040100,QLSup - Estanys de Banyoles,480010,4663228,Temperatura de l'aigua (camp),08/29/2024 09:35:00,17.1,§C,13,
0450401,Estanys de Banyoles,045040100,QLSup - Estanys de Banyoles,480010,4663228,Temperatura de l'aigua (camp),08/29/2024 09:35:00,17,§C,14,
0450401,Estanys de Banyoles,045040100,QLSup - Estanys de Banyoles,480010,4663228,Temperatura de l'aigua (camp),08/29/2024 09:35:00,17,§C,15,
0450401,Estanys de Banyoles,045040100,QLSup - Estanys de Banyoles,480010,4663228,Temperatura de l'aigua (camp),08/29/2024 09:35:00,17,§C,16,
0450401,Estanys de Banyoles,045040100,QLSup - Estanys de Banyoles,480010,4663228,Temperatura de l'aigua (camp),08/29/2024 09:35:00,17,§C,17,
0450401,Estanys de Banyoles,045040100,QLSup - Estanys de Banyoles,480010,4663228,Temperatura de l'aigua (camp),08/29/2024 09:35:00,16.9,§C,18,
0450401,Estanys de Banyoles,045040100,QLSup - Estanys de Banyoles,480010,4663228,Temperatura de l'aigua (camp),08/29/2024 09:35:00,16.9,§C,19,
0450401,Estanys de Banyoles,045040100,QLSup - Estanys de Banyoles,480010,4663228,Temperatura de l'aigua (camp),08/29/2024 09:35:00,16.1,§C,20,
0450401,Estanys de Banyoles,045040100,QLSup - Estanys de Banyoles,480010,4663228,Temperatura de l'aigua (camp),08/29/2024 09:35:00,13.6,§C,21,
0450401,Estanys de Banyoles,045040100,QLSup - Estanys de Banyoles,480010,4663228,Temperatura de l'aigua (camp),08/29/2024 09:35:00,12.9,§C,22,
0450401,Estanys de Banyoles,045040100,QLSup - Estanys de Banyoles,480010,4663228,Temperatura de l'aigua (camp),08/29/2024 09:35:00,12.3,§C,23,
0450401,Estanys de Banyoles,045040100,QLSup - Estanys de Banyoles,480010,4663228,Temperatura de l'aigua (camp),08/29/2024 09:35:00,12.3,§C,24,
0450401,Estanys de Banyoles,045040100,QLSup - Estanys de Banyoles,480010,4663228,Temperatura de l'aigua (camp),08/29/2024 09:35:00,12.3,§C,25,
0450401,Estanys de Banyoles,045040100,QLSup - Estanys de Banyoles,480010,4663228,Temperatura de l'aigua (camp),08/29/2024 09:35:00,12.3,§C,26,
0450401,Estanys de Banyoles,045040100,QLSup - Estanys de Banyoles,480010,4663228,Temperatura de l'aigua (camp),08/29/2024 09:35:00,12.3,§C,27,
0450401,Estanys de Banyoles,045040100,QLSup - Estanys de Banyoles,480010,4663228,Temperatura de l'aigua (camp),08/29/2024 09:35:00,12.3,§C,28,
0450401,Estanys de Banyoles,045040100,QLSup - Estanys de Banyoles,480010,4663228,Temperatura de l'aigua (camp),08/29/2024 09:35:00,12.3,§C,29,
0450401,Estanys de Banyoles,045040100,QLSup - Estanys de Banyoles,480010,4663228,Temperatura de l'aigua (camp),08/29/2024 09:35:00,12.3,§C,30,
0450401,Estanys de Banyoles,045040100,QLSup - Estanys de Banyoles,480010,4663228,Temperatura de l'aigua (camp),08/29/2024 09:35:00,12.3,§C,31,
0450401,Estanys de Banyoles,045040100,QLSup - Estanys de Banyoles,480010,4663228,Temperatura de l'aigua (camp),08/29/2024 09:35:00,12.3,§C,32,
0450401,Estanys de Banyoles,045040100,QLSup - Estanys de Banyoles,480010,4663228,Temperatura de l'aigua (camp),08/29/2024 09:35:00,12.3,§C,33,
0450401,Estanys de Banyoles,045040100,QLSup - Estanys de Banyoles,480010,4663228,Temperatura de l'aigua (camp),08/29/2024 09:35:00,12.3,§C,34,
0450401,Estanys de Banyoles,045040100,QLSup - Estanys de Banyoles,480010,4663228,Temperatura de l'aigua (camp),08/29/2024 09:35:00,12.3,§C,35,
0450401,Estanys de Banyoles,045040100,QLSup - Estanys de Banyoles,480010,4663228,Temperatura de l'aigua (camp),08/29/2024 09:35:00,12.3,§C,36,
0450401,Estanys de Banyoles,045040100,QLSup - Estanys de Banyoles,480010,4663228,Temperatura de l'aigua (camp),08/29/2024 09:35:00,12.3,§C,37,
0450401,Estanys de Banyoles,045040100,QLSup - Estanys de Banyoles,480010,4663228,Temperatura de l'aigua (camp),08/29/2024 09:35:00,12.3,§C,38,
0450401,Estanys de Banyoles,045040100,QLSup - Estanys de Banyoles,480010,4663228,Temperatura de l'aigua (camp),08/29/2024 09:35:00,12.3,§C,39,
0450401,Estanys de Banyoles,045040100,QLSup - Estanys de Banyoles,480010,4663228,Temperatura de l'aigua (camp),08/29/2024 09:35:00,12.3,§C,40,
0450401,Estanys de Banyoles,045040100,QLSup - Estanys de Banyoles,480010,4663228,Temperatura de l'aigua (camp),08/29/2024 09:35:00,12.3,§C,41,
0450401,Estanys de Banyoles,045040100,QLSup - Estanys de Banyoles,480010,4663228,Temperatura de l'aigua (camp),08/29/2024 09:35:00,12.3,§C,42,
0450401,Estanys de Banyoles,045040100,QLSup - Estanys de Banyoles,480010,4663228,Temperatura de l'aigua (camp),08/29/2024 09:35:00,12.3,§C,43,
0450401,Estanys de Banyoles,045040100,QLSup - Estanys de Banyoles,480010,4663228,Temperatura de l'aigua (camp),08/29/2024 09:35:00,12.3,§C,44,
0450401,Estanys de Banyoles,045040100,QLSup - Estanys de Banyoles,480010,4663228,Temperatura de l'aigua (camp),08/29/2024 09:35:00,12.3,§C,45,
0450401,Estanys de Banyoles,045040100,QLSup - Estanys de Banyoles,480010,4663228,Temperatura de l'aigua (camp),08/29/2024 09:35:00,12.3,§C,46,
0450401,Estanys de Banyoles,045040100,QLSup - Estanys de Banyoles,480010,4663228,Temperatura de l'aigua (camp),08/29/2024 09:35:00,12.3,§C,47,
0450401,Estanys de Banyoles,045040100,QLSup - Estanys de Banyoles,480010,4663228,Temperatura de l'aigua (camp),08/29/2024 09:35:00,12.3,§C,48,
0450401,Estanys de Banyoles,045040100,QLSup - Estanys de Banyoles,480010,4663228,Temperatura de l'aigua (camp),08/29/2024 09:35:00,13.2,§C,49,
0450401,Estanys de Banyoles,045040100,QLSup - Estanys de Banyoles,480010,4663228,Temperatura de l'aigua (camp),08/29/2024 09:35:00,13.4,§C,50,
0450401,Estanys de Banyoles,045040100,QLSup - Estanys de Banyoles,480010,4663228,Clorofilúla a (camp),08/29/2024 09:35:00,0.6,mg/m3,0,Perfil amb sonda
0450401,Estanys de Banyoles,045040100,QLSup - Estanys de Banyoles,480010,4663228,Clorofilúla a (camp),08/29/2024 09:35:00,0.5,mg/m3,1,Perfil amb sonda
0450401,Estanys de Banyoles,045040100,QLSup - Estanys de Banyoles,480010,4663228,Clorofilúla a (camp),08/29/2024 09:35:00,0.8,mg/m3,2,Perfil amb sonda
0450401,Estanys de Banyoles,045040100,QLSup - Estanys de Banyoles,480010,4663228,Clorofilúla a (camp),08/29/2024 09:35:00,0.8,mg/m3,3,Perfil amb sonda
0450401,Estanys de Banyoles,045040100,QLSup - Estanys de Banyoles,480010,4663228,Clorofilúla a (camp),08/29/2024 09:35:00,0.8,mg/m3,4,Perfil amb sonda
0450401,Estanys de Banyoles,045040100,QLSup - Estanys de Banyoles,480010,4663228,Clorofilúla a (camp),08/29/2024 09:35:00,0.7,mg/m3,5,Perfil amb sonda
0450401,Estanys de Banyoles,045040100,QLSup - Estanys de Banyoles,480010,4663228,Clorofilúla a (camp),08/29/2024 09:35:00,0.7,mg/m3,6,Perfil amb sonda
0450401,Estanys de Banyoles,045040100,QLSup - Estanys de Banyoles,480010,4663228,Clorofilúla a (camp),08/29/2024 09:35:00,0.7,mg/m3,7,Perfil amb sonda
0450401,Estanys de Banyoles,045040100,QLSup - Estanys de Banyoles,480010,4663228,Clorofilúla a (camp),08/29/2024 09:35:00,1.3,mg/m3,8,Perfil amb sonda
0450401,Estanys de Banyoles,045040100,QLSup - Estanys de Banyoles,480010,4663228,Clorofilúla a (camp),08/29/2024 09:35:00,1.5,mg/m3,9,Perfil amb sonda
0450401,Estanys de Banyoles,045040100,QLSup - Estanys de Banyoles,480010,4663228,Clorofilúla a (camp),08/29/2024 09:35:00,1.9,mg/m3,10,Perfil amb sonda
0450401,Estanys de Banyoles,045040100,QLSup - Estanys de Banyoles,480010,4663228,Clorofilúla a (camp),08/29/2024 09:35:00,2,mg/m3,11,Perfil amb sonda
0450401,Estanys de Banyoles,045040100,QLSup - Estanys de Banyoles,480010,4663228,Clorofilúla a (camp),08/29/2024 09:35:00,1.9,mg/m3,12,Perfil amb sonda
0450401,Estanys de Banyoles,045040100,QLSup - Estanys de Banyoles,480010,4663228,Clorofilúla a (camp),08/29/2024 09:35:00,1.4,mg/m3,13,Perfil amb sonda
0450401,Estanys de Banyoles,045040100,QLSup - Estanys de Banyoles,480010,4663228,Clorofilúla a (camp),08/29/2024 09:35:00,1.1,mg/m3,14,Perfil amb sonda
0450401,Estanys de Banyoles,045040100,QLSup - Estanys de Banyoles,480010,4663228,Clorofilúla a (camp),08/29/2024 09:35:00,1,mg/m3,15,Perfil amb sonda
0450401,Estanys de Banyoles,045040100,QLSup - Estanys de Banyoles,480010,4663228,Clorofilúla a (camp),08/29/2024 09:35:00,1,mg/m3,16,Perfil amb sonda
0450401,Estanys de Banyoles,045040100,QLSup - Estanys de Banyoles,480010,4663228,Clorofilúla a (camp),08/29/2024 09:35:00,1,mg/m3,17,Perfil amb sonda
0450401,Estanys de Banyoles,045040100,QLSup - Estanys de Banyoles,480010,4663228,Clorofilúla a (camp),08/29/2024 09:35:00,1.3,mg/m3,18,Perfil amb sonda
0450401,Estanys de Banyoles,045040100,QLSup - Estanys de Banyoles,480010,4663228,Clorofilúla a (camp),08/29/2024 09:35:00,1.3,mg/m3,19,Perfil amb sonda
0450401,Estanys de Banyoles,045040100,QLSup - Estanys de Banyoles,480010,4663228,Clorofilúla a (camp),08/29/2024 09:35:00,1.5,mg/m3,20,Perfil amb sonda
0450401,Estanys de Banyoles,045040100,QLSup - Estanys de Banyoles,480010,4663228,Clorofilúla a (camp),08/29/2024 09:35:00,0.8,mg/m3,21,Perfil amb sonda
0450401,Estanys de Banyoles,045040100,QLSup - Estanys de Banyoles,480010,4663228,Clorofilúla a (camp),08/29/2024 09:35:00,0.9,mg/m3,22,Perfil amb sonda
0450401,Estanys de Banyoles,045040100,QLSup - Estanys de Banyoles,480010,4663228,Temperatura de l'aigua (camp),08/29/2024 09:35:00,27.3,§C,0,Perfil amb sonda
0450401,Estanys de Banyoles,045040100,QLSup - Estanys de Banyoles,480010,4663228,Temperatura de l'aigua (camp),08/29/2024 09:35:00,27.3,§C,1,Perfil amb sonda
0450401,Estanys de Banyoles,045040100,QLSup - Estanys de Banyoles,480010,4663228,Temperatura de l'aigua (camp),08/29/2024 09:35:00,27.3,§C,2,Perfil amb sonda
0450401,Estanys de Banyoles,045040100,QLSup - Estanys de Banyoles,480010,4663228,Temperatura de l'aigua (camp),08/29/2024 09:35:00,27.3,§C,3,Perfil amb sonda
0450401,Estanys de Banyoles,045040100,QLSup - Estanys de Banyoles,480010,4663228,Temperatura de l'aigua (camp),08/29/2024 09:35:00,27.3,§C,4,Perfil amb sonda
0450401,Estanys de Banyoles,045040100,QLSup - Estanys de Banyoles,480010,4663228,Temperatura de l'aigua (camp),08/29/2024 09:35:00,27.3,§C,5,Perfil amb sonda
0450401,Estanys de Banyoles,045040100,QLSup - Estanys de Banyoles,480010,4663228,Temperatura de l'aigua (camp),08/29/2024 09:35:00,27.3,§C,6,Perfil amb sonda
0450401,Estanys de Banyoles,045040100,QLSup - Estanys de Banyoles,480010,4663228,Temperatura de l'aigua (camp),08/29/2024 09:35:00,25.2,§C,7,Perfil amb sonda
0450401,Estanys de Banyoles,045040100,QLSup - Estanys de Banyoles,480010,4663228,Temperatura de l'aigua (camp),08/29/2024 09:35:00,21.1,§C,8,Perfil amb sonda
0450401,Estanys de Banyoles,045040100,QLSup - Estanys de Banyoles,480010,4663228,Temperatura de l'aigua (camp),08/29/2024 09:35:00,19.1,§C,9,Perfil amb sonda
0450401,Estanys de Banyoles,045040100,QLSup - Estanys de Banyoles,480010,4663228,Temperatura de l'aigua (camp),08/29/2024 09:35:00,18.4,§C,10,Perfil amb sonda
0450401,Estanys de Banyoles,045040100,QLSup - Estanys de Banyoles,480010,4663228,Temperatura de l'aigua (camp),08/29/2024 09:35:00,17.5,§C,11,Perfil amb sonda
0450401,Estanys de Banyoles,045040100,QLSup - Estanys de Banyoles,480010,4663228,Temperatura de l'aigua (camp),08/29/2024 09:35:00,17.2,§C,12,Perfil amb sonda
0450401,Estanys de Banyoles,045040100,QLSup - Estanys de Banyoles,480010,4663228,Temperatura de l'aigua (camp),08/29/2024 09:35:00,17.1,§C,13,Perfil amb sonda
0450401,Estanys de Banyoles,045040100,QLSup - Estanys de Banyoles,480010,4663228,Temperatura de l'aigua (camp),08/29/2024 09:35:00,17,§C,14,Perfil amb sonda
0450401,Estanys de Banyoles,045040100,QLSup - Estanys de Banyoles,480010,4663228,Temperatura de l'aigua (camp),08/29/2024 09:35:00,17,§C,15,Perfil amb sonda
0450401,Estanys de Banyoles,045040100,QLSup - Estanys de Banyoles,480010,4663228,Temperatura de l'aigua (camp),08/29/2024 09:35:00,17,§C,16,Perfil amb sonda
0450401,Estanys de Banyoles,045040100,QLSup - Estanys de Banyoles,480010,4663228,Temperatura de l'aigua (camp),08/29/2024 09:35:00,17,§C,17,Perfil amb sonda
0450401,Estanys de Banyoles,045040100,QLSup - Estanys de Banyoles,480010,4663228,Temperatura de l'aigua (camp),08/29/2024 09:35:00,16.9,§C,18,Perfil amb sonda
0450401,Estanys de Banyoles,045040100,QLSup - Estanys de Banyoles,480010,4663228,Temperatura de l'aigua (camp),08/29/2024 09:35:00,16.9,§C,19,Perfil amb sonda
0450401,Estanys de Banyoles,045040100,QLSup - Estanys de Banyoles,480010,4663228,Temperatura de l'aigua (camp),08/29/2024 09:35:00,16.1,§C,20,Perfil amb sonda
0450401,Estanys de Banyoles,045040100,QLSup - Estanys de Banyoles,480010,4663228,Temperatura de l'aigua (camp),08/29/2024 09:35:00,13.6,§C,21,Perfil amb sonda
0450401,Estanys de Banyoles,045040100,QLSup - Estanys de Banyoles,480010,4663228,Temperatura de l'aigua (camp),08/29/2024 09:35:00,12.9,§C,22,Perfil amb sonda
0450401,Estanys de Banyoles,045040100,QLSup - Estanys de Banyoles,480010,4663228,Temperatura de l'aigua (camp),08/29/2024 09:35:00,12.3,§C,23,Perfil amb sonda
0450401,Estanys de Banyoles,045040100,QLSup - Estanys de Banyoles,480010,4663228,Temperatura de l'aigua (camp),08/29/2024 09:35:00,12.3,§C,24,Perfil amb sonda
0450401,Estanys de Banyoles,045040100,QLSup - Estanys de Banyoles,480010,4663228,Temperatura de l'aigua (camp),08/29/2024 09:35:00,12.3,§C,25,Perfil amb sonda
0450401,Estanys de Banyoles,045040100,QLSup - Estanys de Banyoles,480010,4663228,Temperatura de l'aigua (camp),08/29/2024 09:35:00,12.3,§C,26,Perfil amb sonda
0450401,Estanys de Banyoles,045040100,QLSup - Estanys de Banyoles,480010,4663228,Temperatura de l'aigua (camp),08/29/2024 09:35:00,12.3,§C,27,Perfil amb sonda
0450401,Estanys de Banyoles,045040100,QLSup - Estanys de Banyoles,480010,4663228,Temperatura de l'aigua (camp),08/29/2024 09:35:00,12.3,§C,28,Perfil amb sonda
0450401,Estanys de Banyoles,045040100,QLSup - Estanys de Banyoles,480010,4663228,Temperatura de l'aigua (camp),08/29/2024 09:35:00,12.3,§C,29,Perfil amb sonda
0450401,Estanys de Banyoles,045040100,QLSup - Estanys de Banyoles,480010,4663228,Temperatura de l'aigua (camp),08/29/2024 09:35:00,12.3,§C,30,Perfil amb sonda
0450401,Estanys de Banyoles,045040100,QLSup - Estanys de Banyoles,480010,4663228,Temperatura de l'aigua (camp),08/29/2024 09:35:00,12.3,§C,31,Perfil amb sonda
0450401,Estanys de Banyoles,045040100,QLSup - Estanys de Banyoles,480010,4663228,Temperatura de l'aigua (camp),08/29/2024 09:35:00,12.3,§C,32,Perfil amb sonda
0450401,Estanys de Banyoles,045040100,QLSup - Estanys de Banyoles,480010,4663228,Temperatura de l'aigua (camp),08/29/2024 09:35:00,12.3,§C,33,Perfil amb sonda
0450401,Estanys de Banyoles,045040100,QLSup - Estanys de Banyoles,480010,4663228,Temperatura de l'aigua (camp),08/29/2024 09:35:00,12.3,§C,34,Perfil amb sonda
0450401,Estanys de Banyoles,045040100,QLSup - Estanys de Banyoles,480010,4663228,Temperatura de l'aigua (camp),08/29/2024 09:35:00,12.3,§C,35,Perfil amb sonda
0450401,Estanys de Banyoles,045040100,QLSup - Estanys de Banyoles,480010,4663228,Temperatura de l'aigua (camp),08/29/2024 09:35:00,12.3,§C,36,Perfil amb sonda
0450401,Estanys de Banyoles,045040100,QLSup - Estanys de Banyoles,480010,4663228,Temperatura de l'aigua (camp),08/29/2024 09:35:00,12.3,§C,37,Perfil amb sonda
0450401,Estanys de Banyoles,045040100,QLSup - Estanys de Banyoles,480010,4663228,Temperatura de l'aigua (camp),08/29/2024 09:35:00,12.3,§C,38,Perfil amb sonda
0450401,Estanys de Banyoles,045040100,QLSup - Estanys de Banyoles,480010,4663228,Temperatura de l'aigua (camp),08/29/2024 09:35:00,12.3,§C,39,Perfil amb sonda
0450401,Estanys de Banyoles,045040100,QLSup - Estanys de Banyoles,480010,4663228,Temperatura de l'aigua (camp),08/29/2024 09:35:00,12.3,§C,40,Perfil amb sonda
0450401,Estanys de Banyoles,045040100,QLSup - Estanys de Banyoles,480010,4663228,Temperatura de l'aigua (camp),08/29/2024 09:35:00,12.3,§C,41,Perfil amb sonda
0450401,Estanys de Banyoles,045040100,QLSup - Estanys de Banyoles,480010,4663228,Temperatura de l'aigua (camp),08/29/2024 09:35:00,12.3,§C,42,Perfil amb sonda
0450401,Estanys de Banyoles,045040100,QLSup - Estanys de Banyoles,480010,4663228,Temperatura de l'aigua (camp),08/29/2024 09:35:00,12.3,§C,43,Perfil amb sonda
0450401,Estanys de Banyoles,045040100,QLSup - Estanys de Banyoles,480010,4663228,Temperatura de l'aigua (camp),08/29/2024 09:35:00,12.3,§C,44,Perfil amb sonda
0450401,Estanys de Banyoles,045040100,QLSup - Estanys de Banyoles,480010,4663228,Temperatura de l'aigua (camp),08/29/2024 09:35:00,12.3,§C,45,Perfil amb sonda
0450401,Estanys de Banyoles,045040100,QLSup - Estanys de Banyoles,480010,4663228,Temperatura de l'aigua (camp),08/29/2024 09:35:00,12.3,§C,46,Perfil amb sonda
0450401,Estanys de Banyoles,045040100,QLSup - Estanys de Banyoles,480010,4663228,Temperatura de l'aigua (camp),08/29/2024 09:35:00,12.3,§C,47,Perfil amb sonda
0450401,Estanys de Banyoles,045040100,QLSup - Estanys de Banyoles,480010,4663228,Temperatura de l'aigua (camp),08/29/2024 09:35:00,12.3,§C,48,Perfil amb sonda
0450401,Estanys de Banyoles,045040100,QLSup - Estanys de Banyoles,480010,4663228,Temperatura de l'aigua (camp),08/29/2024 09:35:00,13.2,§C,49,Perfil amb sonda
0450401,Estanys de Banyoles,045040100,QLSup - Estanys de Banyoles,480010,4663228,Temperatura de l'aigua (camp),08/29/2024 09:35:00,13.4,§C,50,Perfil amb sonda
0450401,Estanys de Banyoles,045040100,QLSup - Estanys de Banyoles,480010,4663228,pH,09/25/2024,7.3,u.pH,,
0450401,Estanys de Banyoles,045040100,QLSup - Estanys de Banyoles,480010,4663228,Suma d'anions,09/25/2024,18.3712,meq/L,,
0450401,Estanys de Banyoles,045040100,QLSup - Estanys de Banyoles,480010,4663228,Suma de cations,09/25/2024,17.5518,meq/L,,
0450401,Estanys de Banyoles,045040100,QLSup - Estanys de Banyoles,480010,4663228,Conductivitat (camp),09/25/2024,1354,æS/cm,0,
0450401,Estanys de Banyoles,045040100,QLSup - Estanys de Banyoles,480010,4663228,Oxigen dissolt (camp),09/25/2024,4.61,mg/L,0,
0450401,Estanys de Banyoles,045040100,QLSup - Estanys de Banyoles,480010,4663228,% Saturaci¢ d'oxigen (camp),09/25/2024,52.8,%,0,
0450401,Estanys de Banyoles,045040100,QLSup - Estanys de Banyoles,480010,4663228,Temperatura de l'aigua (camp),09/25/2024,21.1,§C,0,
0450401,Estanys de Banyoles,045040100,QLSup - Estanys de Banyoles,480010,4663228,Temperatura de l'aigua (camp),09/25/2024,21.1,§C,0,
0450401,Estanys de Banyoles,045040100,QLSup - Estanys de Banyoles,480010,4663228,pH,10/23/2024,7.9,u.pH,,
0450401,Estanys de Banyoles,045040100,QLSup - Estanys de Banyoles,480010,4663228,Suma d'anions,10/23/2024,24.3621,meq/L,,
0450401,Estanys de Banyoles,045040100,QLSup - Estanys de Banyoles,480010,4663228,Suma de cations,10/23/2024,23.6666,meq/L,,
0450401,Estanys de Banyoles,045040100,QLSup - Estanys de Banyoles,480010,4663228,Conductivitat (camp),10/23/2024,1485,æS/cm,0,
0450401,Estanys de Banyoles,045040100,QLSup - Estanys de Banyoles,480010,4663228,Oxigen dissolt (camp),10/23/2024,6.9,mg/L,0,
0450401,Estanys de Banyoles,045040100,QLSup - Estanys de Banyoles,480010,4663228,% Saturaci¢ d'oxigen (camp),10/23/2024,76.1,%,0,
0450401,Estanys de Banyoles,045040100,QLSup - Estanys de Banyoles,480010,4663228,Temperatura de l'aigua (camp),10/23/2024,19.5,§C,0,
0450401,Estanys de Banyoles,045040100,QLSup - Estanys de Banyoles,480010,4663228,Temperatura de l'aigua (camp),10/23/2024,19.5,§C,0,
0450401,Estanys de Banyoles,045040100,QLSup - Estanys de Banyoles,480010,4663228,pH,12/10/2024,7.7,u.pH,,
0450401,Estanys de Banyoles,045040100,QLSup - Estanys de Banyoles,480010,4663228,Suma d'anions,12/10/2024,15.4267,meq/L,,
0450401,Estanys de Banyoles,045040100,QLSup - Estanys de Banyoles,480010,4663228,Suma de cations,12/10/2024,16.9463,meq/L,,
0450401,Estanys de Banyoles,045040100,QLSup - Estanys de Banyoles,480010,4663228,Conductivitat (camp),12/10/2024,896,æS/cm,0,
0450401,Estanys de Banyoles,045040100,QLSup - Estanys de Banyoles,480010,4663228,Oxigen dissolt (camp),12/10/2024,7.5,mg/L,0,
0450401,Estanys de Banyoles,045040100,QLSup - Estanys de Banyoles,480010,4663228,% Saturaci¢ d'oxigen (camp),12/10/2024,73.7,%,0,
0450401,Estanys de Banyoles,045040100,QLSup - Estanys de Banyoles,480010,4663228,Temperatura de l'aigua (camp),12/10/2024,13.7,§C,0,
0450401,Estanys de Banyoles,045040100,QLSup - Estanys de Banyoles,480010,4663228,Temperatura de l'aigua (camp),12/10/2024,13.7,§C,0,
0450401,Estanys de Banyoles,045040100,QLSup - Estanys de Banyoles,480010,4663228,pH,01/21/2025,7.8,u.pH,,
0450401,Estanys de Banyoles,045040100,QLSup - Estanys de Banyoles,480010,4663228,Suma d'anions,01/21/2025,15.4143,meq/L,,
0450401,Estanys de Banyoles,045040100,QLSup - Estanys de Banyoles,480010,4663228,Suma de cations,01/21/2025,16.5412,meq/L,,
0450401,Estanys de Banyoles,045040100,QLSup - Estanys de Banyoles,480010,4663228,Conductivitat (camp),01/21/2025,1324,æS/cm,0,
0450401,Estanys de Banyoles,045040100,QLSup - Estanys de Banyoles,480010,4663228,Oxigen dissolt (camp),01/21/2025,9.32,mg/L,0,
0450401,Estanys de Banyoles,045040100,QLSup - Estanys de Banyoles,480010,4663228,% Saturaci¢ d'oxigen (camp),01/21/2025,84,%,0,
0450401,Estanys de Banyoles,045040100,QLSup - Estanys de Banyoles,480010,4663228,Temperatura de l'aigua (camp),01/21/2025,9.7,§C,0,
0450401,Estanys de Banyoles,045040100,QLSup - Estanys de Banyoles,480010,4663228,Temperatura de l'aigua (camp),01/21/2025,9.7,§C,0,
0450401,Estanys de Banyoles,045040100,QLSup - Estanys de Banyoles,480010,4663228,pH,02/19/2025,7.8,u.pH,,
0450401,Estanys de Banyoles,045040100,QLSup - Estanys de Banyoles,480010,4663228,Suma d'anions,02/19/2025,17.2648,meq/L,,
0450401,Estanys de Banyoles,045040100,QLSup - Estanys de Banyoles,480010,4663228,Suma de cations,02/19/2025,17.0089,meq/L,,
0450401,Estanys de Banyoles,045040100,QLSup - Estanys de Banyoles,480010,4663228,Conductivitat (camp),02/19/2025,1471,æS/cm,0,
0450401,Estanys de Banyoles,045040100,QLSup - Estanys de Banyoles,480010,4663228,Oxigen dissolt (camp),02/19/2025,8.75,mg/L,0,
0450401,Estanys de Banyoles,045040100,QLSup - Estanys de Banyoles,480010,4663228,% Saturaci¢ d'oxigen (camp),02/19/2025,79.7,%,0,
0450401,Estanys de Banyoles,045040100,QLSup - Estanys de Banyoles,480010,4663228,Temperatura de l'aigua (camp),02/19/2025,10.5,§C,0,
0450401,Estanys de Banyoles,045040100,QLSup - Estanys de Banyoles,480010,4663228,Temperatura de l'aigua (camp),02/19/2025,10.5,§C,0,
0450401,Estanys de Banyoles,045040100,QLSup - Estanys de Banyoles,480010,4663228,pH,04/29/2025,8.1,u.pH,,
0450401,Estanys de Banyoles,045040100,QLSup - Estanys de Banyoles,480010,4663228,Suma d'anions,04/29/2025,19.0809,meq/L,,
0450401,Estanys de Banyoles,045040100,QLSup - Estanys de Banyoles,480010,4663228,Suma de cations,04/29/2025,17.6966,meq/L,,
0450401,Estanys de Banyoles,045040100,QLSup - Estanys de Banyoles,480010,4663228,Conductivitat (camp),04/29/2025,1340,æS/cm,0,
0450401,Estanys de Banyoles,045040100,QLSup - Estanys de Banyoles,480010,4663228,Oxigen dissolt (camp),04/29/2025,9.01,mg/L,0,
0450401,Estanys de Banyoles,045040100,QLSup - Estanys de Banyoles,480010,4663228,% Saturaci¢ d'oxigen (camp),04/29/2025,96.7,%,0,
0450401,Estanys de Banyoles,045040100,QLSup - Estanys de Banyoles,480010,4663228,Temperatura de l'aigua (camp),04/29/2025,18.2,§C,0,
0450401,Estanys de Banyoles,045040100,QLSup - Estanys de Banyoles,480010,4663228,Temperatura de l'aigua (camp),04/29/2025,18.2,§C,0,
0450401,Estanys de Banyoles,045040100,QLSup - Estanys de Banyoles,480010,4663228,pH,05/27/2025,8,u.pH,,
0450401,Estanys de Banyoles,045040100,QLSup - Estanys de Banyoles,480010,4663228,Suma d'anions,05/27/2025,17.4594,meq/L,,
0450401,Estanys de Banyoles,045040100,QLSup - Estanys de Banyoles,480010,4663228,Suma de cations,05/27/2025,16.9146,meq/L,,
0450401,Estanys de Banyoles,045040100,QLSup - Estanys de Banyoles,480010,4663228,Conductivitat (camp),05/27/2025,1343,æS/cm,0,
0450401,Estanys de Banyoles,045040100,QLSup - Estanys de Banyoles,480010,4663228,Oxigen dissolt (camp),05/27/2025,7.7,mg/L,0,
0450401,Estanys de Banyoles,045040100,QLSup - Estanys de Banyoles,480010,4663228,% Saturaci¢ d'oxigen (camp),05/27/2025,91.8,%,0,
0450401,Estanys de Banyoles,045040100,QLSup - Estanys de Banyoles,480010,4663228,Temperatura de l'aigua (camp),05/27/2025,23.4,§C,0,
0450401,Estanys de Banyoles,045040100,QLSup - Estanys de Banyoles,480010,4663228,Temperatura de l'aigua (camp),05/27/2025,23.4,§C,0,
0450401,Estanys de Banyoles,045040100,QLSup - Estanys de Banyoles,480010,4663228,pH,07/15/2025,7.7,u.pH,,
0450401,Estanys de Banyoles,045040100,QLSup - Estanys de Banyoles,480010,4663228,Suma d'anions,07/15/2025,19.3087,meq/L,,
0450401,Estanys de Banyoles,045040100,QLSup - Estanys de Banyoles,480010,4663228,Suma de cations,07/15/2025,19.3933,meq/L,,
0450401,Estanys de Banyoles,045040100,QLSup - Estanys de Banyoles,480010,4663228,Conductivitat (camp),07/15/2025,1380,æS/cm,0,
0450401,Estanys de Banyoles,045040100,QLSup - Estanys de Banyoles,480010,4663228,Oxigen dissolt (camp),07/15/2025,7.4,mg/L,0,
0450401,Estanys de Banyoles,045040100,QLSup - Estanys de Banyoles,480010,4663228,% Saturaci¢ d'oxigen (camp),07/15/2025,95.7,%,0,
0450401,Estanys de Banyoles,045040100,QLSup - Estanys de Banyoles,480010,4663228,Temperatura de l'aigua (camp),07/15/2025,27.9,§C,0,
0450401,Estanys de Banyoles,045040100,QLSup - Estanys de Banyoles,480010,4663228,Temperatura de l'aigua (camp),07/15/2025,27.9,§C,0,
0450401,Estanys de Banyoles,045040100,QLSup - Estanys de Banyoles,480010,4663228,pH,08/13/2025,7.9,u.pH,,
0450401,Estanys de Banyoles,045040100,QLSup - Estanys de Banyoles,480010,4663228,Suma d'anions,08/13/2025,17.6677,meq/L,,
0450401,Estanys de Banyoles,045040100,QLSup - Estanys de Banyoles,480010,4663228,Suma de cations,08/13/2025,16.1424,meq/L,,
0450401,Estanys de Banyoles,045040100,QLSup - Estanys de Banyoles,480010,4663228,Conductivitat (camp),08/13/2025,1287,æS/cm,0,
0450401,Estanys de Banyoles,045040100,QLSup - Estanys de Banyoles,480010,4663228,Oxigen dissolt (camp),08/13/2025,6.68,mg/L,0,
0450401,Estanys de Banyoles,045040100,QLSup - Estanys de Banyoles,480010,4663228,% Saturaci¢ d'oxigen (camp),08/13/2025,88,%,0,
0450401,Estanys de Banyoles,045040100,QLSup - Estanys de Banyoles,480010,4663228,Temperatura de l'aigua (camp),08/13/2025,28.7,§C,0,
0450401,Estanys de Banyoles,045040100,QLSup - Estanys de Banyoles,480010,4663228,Temperatura de l'aigua (camp),08/13/2025,28.7,§C,0,
0450401,Estanys de Banyoles,045040100,QLSup - Estanys de Banyoles,480010,4663228,pH,10/07/2025,8.1,u.pH,,
0450401,Estanys de Banyoles,045040100,QLSup - Estanys de Banyoles,480010,4663228,Suma d'anions,10/07/2025,17.8549,meq/L,,
0450401,Estanys de Banyoles,045040100,QLSup - Estanys de Banyoles,480010,4663228,Suma de cations,10/07/2025,18.6668,meq/L,,
0450401,Estanys de Banyoles,045040100,QLSup - Estanys de Banyoles,480010,4663228,Conductivitat (camp),10/07/2025,1518,æS/cm,0,
0450401,Estanys de Banyoles,045040100,QLSup - Estanys de Banyoles,480010,4663228,Oxigen dissolt (camp),10/07/2025,9.1,mg/L,0,
0450401,Estanys de Banyoles,045040100,QLSup - Estanys de Banyoles,480010,4663228,% Saturaci¢ d'oxigen (camp),10/07/2025,104.6,%,0,
0450401,Estanys de Banyoles,045040100,QLSup - Estanys de Banyoles,480010,4663228,Temperatura de l'aigua (camp),10/07/2025,21.5,§C,0,
0450401,Estanys de Banyoles,045040100,QLSup - Estanys de Banyoles,480010,4663228,Temperatura de l'aigua (camp),10/07/2025,21.5,§C,0,
0450401,Estanys de Banyoles,045040100,QLSup - Estanys de Banyoles,480010,4663228,pH,11/10/2025,7.6,u.pH,,
0450401,Estanys de Banyoles,045040100,QLSup - Estanys de Banyoles,480010,4663228,Suma d'anions,11/10/2025,20.4885,meq/L,,
0450401,Estanys de Banyoles,045040100,QLSup - Estanys de Banyoles,480010,4663228,Suma de cations,11/10/2025,18.8098,meq/L,,
0450401,Estanys de Banyoles,045040100,QLSup - Estanys de Banyoles,480010,4663228,Conductivitat (camp),11/10/2025,1628,æS/cm,0,
0450401,Estanys de Banyoles,045040100,QLSup - Estanys de Banyoles,480010,4663228,Oxigen dissolt (camp),11/10/2025,5.12,mg/L,0,
0450401,Estanys de Banyoles,045040100,QLSup - Estanys de Banyoles,480010,4663228,% Saturaci¢ d'oxigen (camp),11/10/2025,54.6,%,0,
0450401,Estanys de Banyoles,045040100,QLSup - Estanys de Banyoles,480010,4663228,Temperatura de l'aigua (camp),11/10/2025,17.4,§C,0,
0450401,Estanys de Banyoles,045040100,QLSup - Estanys de Banyoles,480010,4663228,Temperatura de l'aigua (camp),11/10/2025,17.4,§C,0,
0450401,Estanys de Banyoles,045040100,QLSup - Estanys de Banyoles,480010,4663228,Conductivitat (camp),01/29/2026,1380,æS/cm,0,
0450401,Estanys de Banyoles,045040100,QLSup - Estanys de Banyoles,480010,4663228,Oxigen dissolt (camp),01/29/2026,8.79,mg/L,0,
0450401,Estanys de Banyoles,045040100,QLSup - Estanys de Banyoles,480010,4663228,% Saturaci¢ d'oxigen (camp),01/29/2026,80.7,%,0,
0450401,Estanys de Banyoles,045040100,QLSup - Estanys de Banyoles,480010,4663228,Temperatura de l'aigua (camp),01/29/2026,9.9,§C,0,
0450401,Estanys de Banyoles,045040100,QLSup - Estanys de Banyoles,480010,4663228,Temperatura de l'aigua (camp),01/29/2026,9.9,§C,0,
0450401,Estanys de Banyoles,045040100,QLSup - Estanys de Banyoles,480010,4663228,pH,02/17/2026,7.9,u.pH,,
0450401,Estanys de Banyoles,045040100,QLSup - Estanys de Banyoles,480010,4663228,Suma d'anions,02/17/2026,18.6949,meq/L,,
0450401,Estanys de Banyoles,045040100,QLSup - Estanys de Banyoles,480010,4663228,Suma de cations,02/17/2026,17.3094,meq/L,,
0450401,Estanys de Banyoles,045040100,QLSup - Estanys de Banyoles,480010,4663228,Conductivitat (camp),02/17/2026,1051,æS/cm,0,
0450401,Estanys de Banyoles,045040100,QLSup - Estanys de Banyoles,480010,4663228,Oxigen dissolt (camp),02/17/2026,8.91,mg/L,0,
0450401,Estanys de Banyoles,045040100,QLSup - Estanys de Banyoles,480010,4663228,% Saturaci¢ d'oxigen (camp),02/17/2026,82.2,%,0,
0450401,Estanys de Banyoles,045040100,QLSup - Estanys de Banyoles,480010,4663228,Temperatura de l'aigua (camp),02/17/2026,11,§C,0,
0450401,Estanys de Banyoles,045040100,QLSup - Estanys de Banyoles,480010,4663228,Temperatura de l'aigua (camp),02/17/2026,11,§C,0,
0450401,Estanys de Banyoles,045040100,QLSup - Estanys de Banyoles,480010,4663228,pH,03/24/2026,8.1,u.pH,,
0450401,Estanys de Banyoles,045040100,QLSup - Estanys de Banyoles,480010,4663228,Suma d'anions,03/24/2026,18.1043,meq/L,,
0450401,Estanys de Banyoles,045040100,QLSup - Estanys de Banyoles,480010,4663228,Suma de cations,03/24/2026,16.6615,meq/L,,
0450401,Estanys de Banyoles,045040100,QLSup - Estanys de Banyoles,480010,4663228,Conductivitat (camp),03/24/2026,1309,æS/cm,0,
0450401,Estanys de Banyoles,045040100,QLSup - Estanys de Banyoles,480010,4663228,Oxigen dissolt (camp),03/24/2026,10.99,mg/L,0,
0450401,Estanys de Banyoles,045040100,QLSup - Estanys de Banyoles,480010,4663228,% Saturaci¢ d'oxigen (camp),03/24/2026,109.3,%,0,
0450401,Estanys de Banyoles,045040100,QLSup - Estanys de Banyoles,480010,4663228,Temperatura de l'aigua (camp),03/24/2026,14.2,§C,0,
0450401,Estanys de Banyoles,045040100,QLSup - Estanys de Banyoles,480010,4663228,Temperatura de l'aigua (camp),03/24/2026,14.2,§C,0,
0450401,Estanys de Banyoles,045040100,QLSup - Estanys de Banyoles,480010,4663228,Conductivitat (camp),04/13/2026,1292,æS/cm,0,
0450401,Estanys de Banyoles,045040100,QLSup - Estanys de Banyoles,480010,4663228,Oxigen dissolt (camp),04/13/2026,9.48,mg/L,0,
0450401,Estanys de Banyoles,045040100,QLSup - Estanys de Banyoles,480010,4663228,% Saturaci¢ d'oxigen (camp),04/13/2026,100.7,%,0,
0450401,Estanys de Banyoles,045040100,QLSup - Estanys de Banyoles,480010,4663228,Temperatura de l'aigua (camp),04/13/2026,17,§C,0,
0450401,Estanys de Banyoles,045040100,QLSup - Estanys de Banyoles,480010,4663228,Temperatura de l'aigua (camp),04/13/2026,17,§C,0,
