date,air_temp_C,air_temp_max_C,precip_mm,wind_ms,radiation_MJ_m2
2007-01-01,9.3,15.6,0,5.7,6.34
2007-01-02,8.9,12.6,3.9,4.2,4.63
2007-01-03,7.6,13.8,0,3.9,7.79
2007-01-04,8,15.2,0,4.4,6.88
2007-01-05,8.6,15.4,0,4.1,7.67
2007-01-06,8.4,15.8,0,4.1,7.83
2007-01-07,7.9,16.9,0,4.4,8.06
2007-01-08,8.8,15.3,0,6.4,5.5
2007-01-09,10.3,19.1,0,4.9,8.29
2007-01-10,11.3,17.4,0,9.2,8.39
2007-01-11,10.3,17.7,0,4.4,8.74
2007-01-12,10.3,18,0,3.5,8.8
2007-01-13,9.9,18.3,0,3.9,8.94
2007-01-14,10.3,16.8,0,3.4,8.44
2007-01-15,9.7,14.4,0,4.3,6.51
2007-01-16,10.5,15,0,7.2,8
2007-01-17,9.1,16.7,0,4.8,9.08
2007-01-18,9.1,17.3,0,5.3,8.19
2007-01-19,13,20.8,0,3.8,9.4
2007-01-20,12.3,20,0,3.9,9.45
2007-01-21,10.1,15.8,1.4,3.7,6.03
2007-01-22,10.9,13,0,7.5,4.47
2007-01-23,7.6,12.1,2.2,6.2,7.54
2007-01-24,3.6,8.5,0,4.3,10.17
2007-01-25,1.6,5.4,0.6,8.5,5.85
2007-01-26,1.6,7,0,8.6,10.77
2007-01-27,2.8,11.4,0,6.3,10.8
2007-01-28,3.8,11,0,4.7,10.33
2007-01-29,4.4,13,0,3.9,11.02
2007-01-30,5.4,10.7,0,5.3,10.71
2007-01-31,7.8,11.1,4.6,6.6,5.86
2007-02-01,7.6,12.9,0,4.5,9.5
2007-02-02,7.8,13.9,0,3.4,9.99
2007-02-03,6.8,12.6,0,3.6,10
2007-02-04,6.6,12,0,5.3,10.94
2007-02-05,8.3,14.8,0.1,5.4,8.06
2007-02-06,9.3,13.8,2.4,5.1,10.12
2007-02-07,8.2,14.9,0,5.4,8.51
2007-02-08,9.2,13.3,7,7.2,5.32
2007-02-09,8.6,14.9,0,6.4,7.81
2007-02-10,10.3,16.3,0.6,6,10.61
2007-02-11,11.2,19.2,0.5,4.8,10.85
2007-02-12,13.2,16.5,13.9,8.9,5.14
2007-02-13,10.4,14.8,1.6,5.7,6.38
2007-02-14,11.7,19.8,6.9,9.8,10.48
2007-02-15,11.8,21.4,0.2,6.7,14.24
2007-02-16,10.4,20,0,7.3,13.07
2007-02-17,10.6,12.4,20.4,5.3,1.91
2007-02-18,9.6,12.9,0.6,10.4,10.67
2007-02-19,9.9,15.5,0.1,5.7,12.09
2007-02-20,8.6,15.6,0,6.2,13.51
2007-02-21,9.5,14.8,0,4.2,11.44
2007-02-22,10.3,17.1,0,7.3,13
2007-02-23,10.8,18,0,4.2,13.34
2007-02-24,12.3,17.8,0.5,5.6,12.76
2007-02-25,10.2,14.3,9.6,5.8,5.66
2007-02-26,10,16.1,0.9,4.3,13.28
2007-02-27,11.3,18.7,0,5.1,15.03
2007-02-28,11.9,17.9,0.2,5.7,9.79
2007-03-01,13.2,17.8,0.1,4.5,10.82
2007-03-02,13.7,20.8,0,5.3,13.25
2007-03-03,14.8,20.5,0,5.4,10.86
2007-03-04,15.1,22.4,0,8.4,15.88
2007-03-05,13.2,16,2.2,9.2,9.78
2007-03-06,11.1,16.6,0,12.4,12.08
2007-03-07,11.2,16.4,9.5,10.2,12.24
2007-03-08,11.8,16.2,0.1,17,16.91
2007-03-09,11.3,18.3,0,7.7,17.77
2007-03-10,12.1,15.1,0,23.3,18.5
2007-03-11,11.9,18.1,0.1,11.6,18.28
2007-03-12,9.9,16.3,0,6.6,17.94
2007-03-13,10.9,18.1,0,5.8,18.36
2007-03-14,12.2,20.6,0,6.1,18.8
2007-03-15,12.3,18.4,0,7.6,15.69
2007-03-16,12.2,18.2,1.1,6.6,17.59
2007-03-17,13,20.5,0,5.8,19.56
2007-03-18,12.4,18.7,0,4.9,16.02
2007-03-19,9.5,10.9,16.7,5.8,7.91
2007-03-20,5.9,9.3,0,17.4,18
2007-03-21,6.7,10.8,0,18.7,20.04
2007-03-22,7.5,11.9,0,15.4,18.31
2007-03-23,7.5,13.8,0,5.3,18.63
2007-03-24,7.9,11.5,4.2,6.6,12.73
2007-03-25,7.3,10.8,5.6,3.9,10.9
2007-03-26,7.9,12.6,3.1,6.9,13.79
2007-03-27,9.2,14.3,1.4,6,14.4
2007-03-28,8.7,11.4,5.1,11.3,10.78
2007-03-29,11.7,15.7,0.9,14.2,18.9
2007-03-30,9.7,15,4.7,5.9,12.23
2007-03-31,9.4,13.5,8.1,6,11.2
2007-04-01,10.8,15.7,5.7,8.8,11.36
2007-04-02,13.1,15.4,7.4,11.8,12.82
2007-04-03,10.9,14,17.7,7.3,5.5
2007-04-04,9.2,14.5,11.5,9.1,12.89
2007-04-05,9.3,13.5,2.8,11.7,9.35
2007-04-06,13.2,17.4,0.1,9.9,21.9
2007-04-07,12.1,17.6,0,5.7,21.03
2007-04-08,12.8,19.8,0,6.5,23.35
2007-04-09,12.6,18.1,0,4.9,20.19
2007-04-10,13.2,15.2,0.2,5.6,12.25
2007-04-11,12.7,15.3,0.9,6.6,8.49
2007-04-12,12.3,14.5,17.8,13.3,5.8
2007-04-13,13.1,13.4,26.9,10.7,3.92
2007-04-14,14.6,17.4,10.6,17.9,13.01
2007-04-15,17.7,21.9,0.8,12,20.13
2007-04-16,17.9,24.3,0.2,7.3,24.07
2007-04-17,17.8,23.6,1.5,4.8,22.84
2007-04-18,18.7,25.4,0,5.3,24.16
2007-04-19,17.6,22.3,0.4,5.2,24.15
2007-04-20,16.4,22,0,4.9,23.07
2007-04-21,16.8,22.6,0,5.5,23.88
2007-04-22,17.3,24.1,0,5.8,26.13
2007-04-23,17.9,25.4,0,5.6,25.87
2007-04-24,18.9,26.6,0,6.6,26.25
2007-04-25,17.8,24.5,0,6.3,25.05
2007-04-26,17.1,22.9,0,6.4,20.11
2007-04-27,17,21.4,3.6,8.9,19.67
2007-04-28,16.3,21.4,0.2,7.8,22.56
2007-04-29,16,19.9,1,5.9,19.38
2007-04-30,16.5,23.6,0,6,25.56
2007-05-01,13.8,16.6,10.6,6.9,10.37
2007-05-02,12.9,19.1,1.1,9.1,20.69
2007-05-03,12.3,15.2,3.9,6.7,14.13
2007-05-04,13.2,18.5,7.9,6,18.23
2007-05-05,15,20.8,5.8,5.3,21.99
2007-05-06,16.9,24,0,10.4,25.36
2007-05-07,17.7,24.9,0,6.5,26.95
2007-05-08,18.4,25.1,0.5,5.1,26.19
2007-05-09,19.5,24.7,0,4.3,26.08
2007-05-10,21.4,29.6,0,6.9,26.71
2007-05-11,20.3,25.9,0,6.4,25.66
2007-05-12,20,25.8,0,6.3,25.7
2007-05-13,20.6,26.9,0,12.8,24.05
2007-05-14,16.7,18.8,19,5.7,18.42
2007-05-15,14.7,19.5,3,5.6,21.8
2007-05-16,15.6,19.3,9,5.2,17.15
2007-05-17,18.2,25.5,0,5.1,22.72
2007-05-18,21.4,27.8,0.3,6.1,26.86
2007-05-19,19.1,22.3,4.1,4.9,15.06
2007-05-20,19.4,25.2,0,7.6,26.27
2007-05-21,18.8,23.6,0.3,6.5,27.03
2007-05-22,20.1,25.8,0,7.8,27.58
2007-05-23,22.2,28.5,1,5.3,22.07
2007-05-24,22.3,28.1,0,6.7,26.55
2007-05-25,19.6,24.2,1.6,7.8,23.61
2007-05-26,18,22.4,25.6,4.9,16.41
2007-05-27,17,20,7,7,11.6
2007-05-28,15.4,20.5,12.2,8.1,25.06
2007-05-29,14.9,20.4,0,7,25.65
2007-05-30,18.1,25.4,0,6.1,26.36
2007-05-31,19,24.5,2.6,7,19.38
2007-06-01,15.8,19.6,13.5,5.2,21.36
2007-06-02,17.2,23.4,0,8.7,26.14
2007-06-03,19.1,24.1,0.2,9.5,21.95
2007-06-04,19.4,24.1,3.4,5.1,17.81
2007-06-05,19.2,24.1,4.5,4.1,24.14
2007-06-06,19.3,25.2,1.4,4.2,24.52
2007-06-07,20.4,24.9,0,4.9,19.97
2007-06-08,21.8,27.8,0,5.6,27.02
2007-06-09,23.8,29.2,0,5.3,24.53
2007-06-10,23.4,29,0.2,8.4,26.09
2007-06-11,22.4,27.7,1.2,5.5,24.45
2007-06-12,23,28.1,0.2,5.9,25.54
2007-06-13,23.6,29.3,0.4,9.2,27.81
2007-06-14,23,27.7,0,11.7,23.38
2007-06-15,21.9,26.2,0.1,8.1,25.21
2007-06-16,20.5,25.2,2.2,5.6,14.06
2007-06-17,22.7,28.1,0,13.5,24.76
2007-06-18,22.9,28.3,0.4,6.5,17
2007-06-19,23.6,28.4,0,9.2,27.65
2007-06-20,24,28.4,0,5.9,25.56
2007-06-21,23.1,27.5,0.3,5.9,25.04
2007-06-22,22,26.7,0,5.7,24.66
2007-06-23,21.7,28.1,0,5.3,27.19
2007-06-24,23,29.7,0,9,29.19
2007-06-25,21.6,27.3,1.5,8,22.04
2007-06-26,19.5,23.4,2.2,5.5,19.3
2007-06-27,18.4,20.8,8.1,7,16.38
2007-06-28,20.4,26.7,0,5.8,21.61
2007-06-29,21.8,25.5,0,5.2,19.65
2007-06-30,23.7,29.8,0,8.4,27.44
2007-07-01,24.2,30,0,11.5,26.09
2007-07-02,22.4,26,0.5,6.9,19.73
2007-07-03,23.3,31.3,0,8.8,24.79
2007-07-04,20.1,22.2,15,5.8,10.89
2007-07-05,19.7,23.6,5,4.5,19.74
2007-07-06,23.1,30.3,0,4.5,28.35
2007-07-07,24.7,30.9,0,4.9,28.75
2007-07-08,24.6,29.7,0,7.5,26.91
2007-07-09,20.4,23.2,9.6,7.6,14.68
2007-07-10,19.2,24,8.3,5.8,22.47
2007-07-11,19.6,23.8,6.4,4.8,20.16
2007-07-12,21.2,26,0.3,5.2,18.81
2007-07-13,22.8,29.2,0,9.8,28
2007-07-14,22.6,26.9,0,9.8,26.02
2007-07-15,23.1,29.1,0,8.5,29.13
2007-07-16,23.9,30,0,6.5,28.35
2007-07-17,24.6,29.3,0,7.2,23.83
2007-07-18,24.7,29.6,0,7.5,25.2
2007-07-19,24.6,29.1,0.2,5.6,26.68
2007-07-20,23.2,25.8,0.6,7.4,16.19
2007-07-21,22.1,26.3,3.7,4.6,19.5
2007-07-22,22.1,26.5,0.4,6.8,19.82
2007-07-23,25.9,32.2,0,15.1,26.36
2007-07-24,24.1,28.9,0.7,4.5,22.83
2007-07-25,24.6,30.5,0.5,3.9,21.08
2007-07-26,25.8,32.7,0,6.1,26.43
2007-07-27,27.1,32.2,0,5.1,25.56
2007-07-28,27.2,33.3,0,3,23.79
2007-07-29,26.3,31.1,0.2,3.7,25.4
2007-07-30,25.1,28.7,1.8,4.3,21.45
2007-07-31,23.9,27.6,2.1,5.9,15.23
2007-08-01,25.2,31.1,0,11.9,26.8
2007-08-02,23.8,26.6,0.4,7.8,14.88
2007-08-03,24.1,27.6,3.2,5.8,14.46
2007-08-04,24.2,30.3,0,4.4,26.37
2007-08-05,25.3,31.4,0,7.8,25.94
2007-08-06,23.6,28.2,21.4,5.1,12.64
2007-08-07,20,21.7,29.2,4.6,9.98
2007-08-08,19,22.3,28.6,4.3,10.28
2007-08-09,20.1,23.7,4.5,4.1,18.88
2007-08-10,20.4,24.9,1.2,4.4,14.41
2007-08-11,22.4,28.1,0,5.1,21.34
2007-08-12,22.9,26.9,0.3,5.5,16.77
2007-08-13,23,28.1,1,5.3,17.58
2007-08-14,24.2,30.7,0,8.5,23.87
2007-08-15,25.2,30.2,0,13.7,24.83
2007-08-16,21.8,24.1,3.9,8.3,9.32
2007-08-17,21.1,24.6,2.1,5.9,18.18
2007-08-18,22.2,27.2,0.6,3.4,18.04
2007-08-19,19.7,22.1,24.4,4.1,7.15
2007-08-20,18.5,20.9,11.8,7,13.96
2007-08-21,17.7,20.3,13.2,4.2,13.06
2007-08-22,16.4,20.3,7.8,3.6,13.09
2007-08-23,18.6,23.9,0.7,4.7,17.47
2007-08-24,19.3,22.5,0.7,6.8,15.73
2007-08-25,22.1,27.6,1,9.1,20.35
2007-08-26,25.6,31.5,0,5.7,22.35
2007-08-27,25.6,33,0,4.7,23.72
2007-08-28,26.4,35,0,6.9,23.13
2007-08-29,25.7,31.6,0,6.7,19.91
2007-08-30,21.8,25.3,17.6,5.5,17.36
2007-08-31,20.7,27.3,5.7,4,20.58
2007-09-01,21.1,27.6,0,4,21.01
2007-09-02,20.8,26.8,0,3.7,21.87
2007-09-03,21.9,26.9,1.1,3.7,19.28
2007-09-04,20.8,24.9,5.6,4.4,14.08
2007-09-05,19.3,25.4,2.3,11.2,19.84
2007-09-06,19.7,27.9,0,5,21.22
2007-09-07,19.9,25.6,0.9,5.4,17.42
2007-09-08,20.4,25.9,0.6,4.1,18.17
2007-09-09,21.6,28,0,4.1,19.74
2007-09-10,21.6,25.6,1.5,3.8,16.42
2007-09-11,21.2,28.4,0,5.2,19.08
2007-09-12,20.4,25.2,0,6.4,19.4
2007-09-13,19.6,24.5,1.9,8.1,17.18
2007-09-14,19.8,21.6,10.4,9.3,5.99
2007-09-15,21.2,27.3,0,7.2,18.32
2007-09-16,21.2,27.5,0.1,6.6,16.43
2007-09-17,21.4,27.5,0,9.1,18.47
2007-09-18,19.6,24.8,8,5.5,11.65
2007-09-19,18.2,23.6,1.7,5.4,16.86
2007-09-20,18.2,23.2,0,3.6,15.07
2007-09-21,18.9,22.5,1.8,6,7.36
2007-09-22,19.7,22.5,3.8,5.6,9.26
2007-09-23,19,23,0,6.8,13.85
2007-09-24,19.1,25.1,0,3.8,13.45
2007-09-25,17,18.6,9,6.7,6.08
2007-09-26,15.7,20,24.8,3.5,14.41
2007-09-27,13.8,18.3,1.2,7.8,16.24
2007-09-28,13.4,20,0,5.7,17.91
2007-09-29,16.7,22.9,0.2,10.4,12.03
2007-09-30,19.3,25.9,0,7.9,16.64
2007-10-01,21.3,25.9,0,8.8,14.67
2007-10-02,20.7,25.1,0,5.5,12.45
2007-10-03,19.2,22.8,3.5,3.8,4.67
2007-10-04,20.1,24.9,12.7,7.2,15
2007-10-05,20.3,25.3,42.8,8.3,11.34
2007-10-06,18.8,24.3,1,3.9,14.51
2007-10-07,19.2,25.2,0.1,4.7,13.22
2007-10-08,18.3,22.6,13.6,3,9.81
2007-10-09,17.4,22.9,7.6,3.8,12.53
2007-10-10,16.1,19.8,37.6,5.3,7.35
2007-10-11,15.2,19,7.2,11,14.63
2007-10-12,15.2,20.9,0,9.1,15.42
2007-10-13,14.5,21,0,4.7,15.53
2007-10-14,14.7,21.8,0,4.7,15.4
2007-10-15,15.6,20.9,0.5,5.2,10.95
2007-10-16,15.6,21,2.7,4.7,9.52
2007-10-17,16.3,19.6,3.5,5.9,7.95
2007-10-18,16.7,23.2,0,5.6,14.02
2007-10-19,14.1,18.5,0,8.2,14.38
2007-10-20,11.8,17.6,0,10.4,13.44
2007-10-21,10.8,16.9,0,4.8,11.1
2007-10-22,11.5,17.1,0,4.2,10.98
2007-10-23,12.6,17.8,0,3.6,9.39
2007-10-24,12.2,16,0.1,5.3,9.26
2007-10-25,11.2,13,1.4,13.2,5.96
2007-10-26,11.2,15.3,1.9,5.8,7.16
2007-10-27,12.3,17.4,2.1,7.2,12.9
2007-10-28,13.2,21.3,0,4.9,13.13
2007-10-29,12.7,19,0,6.1,11.35
2007-10-30,12.7,17.4,0,12.9,10.54
2007-10-31,12.3,16.1,0,11.7,7.33
2007-11-01,12.2,17.9,0,6.4,12.3
2007-11-02,11.2,17.9,0,5.6,12.26
2007-11-03,11.1,18.2,0,5.7,12.01
2007-11-04,11.5,18.4,0,4.5,11.85
2007-11-05,12,17.9,0,3.3,10.27
2007-11-06,11.6,17.8,0,4.6,9.85
2007-11-07,10.9,18.7,0,5.1,11.3
2007-11-08,11,18.4,0,3.9,11.52
2007-11-09,12.3,18.3,0,4.3,11.1
2007-11-10,10.3,17,0,4.4,10.88
2007-11-11,9.7,17.1,0,3.9,11.06
2007-11-12,10.5,16.2,0,3.8,9.61
2007-11-13,10.5,15.9,0,3.9,7.08
2007-11-14,10,14.1,1,6,6.74
2007-11-15,6.7,11.4,0,15,10.02
2007-11-16,4.3,10.4,0,11.1,10.84
2007-11-17,3.1,10.7,0,4,10.72
2007-11-18,3.4,12.7,0,3.7,10.48
2007-11-19,5.6,14.3,0.2,5.5,8.73
2007-11-20,13.2,19.1,1.6,9.6,4.73
2007-11-21,16.1,20.5,2.4,8.1,7.12
2007-11-22,13.3,18.4,3,5.4,7.19
2007-11-23,11.5,15.2,10.4,4.4,7.65
2007-11-24,9.3,14.5,0,7.5,6.41
2007-11-25,8.5,14.7,0,10.5,9.48
2007-11-26,10.3,17.5,0,10.7,9.3
2007-11-27,8.9,14.5,0,12.6,9.2
2007-11-28,7.6,13.6,0,9.1,8.29
2007-11-29,7.4,14.6,0,4.8,8.99
2007-11-30,8.6,17.5,0,5.2,8.48
2007-12-01,8.2,15.9,0,3.7,8.85
2007-12-02,9.3,16.7,0,5.6,8.37
2007-12-03,10.7,16.5,0.1,5.6,7.04
2007-12-04,10.4,17.1,0,5.4,8
2007-12-05,9.7,17.3,0,4.9,8.49
2007-12-06,10.1,17,0,4.8,8.04
2007-12-07,9.3,13.6,0,4.1,3.91
2007-12-08,9,14,0,5.1,4.9
2007-12-09,10.9,18,0.5,7.3,7.99
2007-12-10,7.9,14,0.7,5,7.87
2007-12-11,6.9,14.2,0,8.3,8.38
2007-12-12,6.5,12.7,0,9.8,8.6
2007-12-13,3.6,11,0,3.7,8.44
2007-12-14,3.4,11.9,0,3.7,8.47
2007-12-15,2.6,7.3,7.4,8.5,8.01
2007-12-16,2.5,7.2,0.2,8,7.78
2007-12-17,1.4,6.9,0,4,7.98
2007-12-18,4.8,10,0.1,6.5,6.08
2007-12-19,3.6,10.4,0,4.3,6.77
2007-12-20,5.5,10.4,0,6,4.74
2007-12-21,7.9,11,0.7,7.7,4.09
2007-12-22,9.3,10.4,14,10.4,1.5
2007-12-23,8.9,11.8,4.5,11,4.41
2007-12-24,6.9,12.8,0,5.9,7.66
2007-12-25,5.5,13.1,0,4,8.09
2007-12-26,6.2,12.3,0,4.5,5.59
2007-12-27,4.6,11.3,0,5.2,8.25
2007-12-28,3,10.3,0,3.1,8.24
2007-12-29,2.5,10.7,0,3.3,7.99
2007-12-30,5.6,13,0,4.7,6.52
2007-12-31,4,11.4,0,7.1,8.3
2008-01-01,2.6,9.4,0,3.7,8.38
2008-01-02,4,10,1.5,4.5,7.56
2008-01-03,6,11,16,8.9,5.01
2008-01-04,7.9,12.4,2.9,10.7,6
2008-01-05,9.8,13.4,2.6,6.4,6.33
2008-01-06,11.6,19,0,6,5.78
2008-01-07,10.9,16.5,0,4.9,7.65
2008-01-08,10.5,13.8,0,5.7,4.01
2008-01-09,9.9,13.3,2.2,4.8,4.61
2008-01-10,10,14.4,0,7.3,6.18
2008-01-11,11.9,15,1.2,17.4,6.96
2008-01-12,7.8,11.5,7.3,5.1,7.7
2008-01-13,6.4,13.1,0,7.7,8.86
2008-01-14,8,13.5,0,10.5,6.5
2008-01-15,7.2,12.5,0,13.7,7.87
2008-01-16,9.7,13.1,1.1,9.6,6.74
2008-01-17,7.9,15,0,6,8.02
2008-01-18,10.9,18.8,0,4.8,9.04
2008-01-19,11.3,18.1,0,3.7,8.77
2008-01-20,10,16.9,0,4.6,9.15
2008-01-21,9.1,16.1,0,3.4,9.28
2008-01-22,9.4,17.3,0,4.9,8.72
2008-01-23,9.4,16.6,0,5.6,8.99
2008-01-24,8.1,15.5,0,5.1,8.6
2008-01-25,9.5,16.1,0,4.9,9.67
2008-01-26,8,13.9,0,7.6,10.39
2008-01-27,8.2,18.7,0,4.5,10.8
2008-01-28,9.3,19.5,0,4.6,10.75
2008-01-29,9,14.6,0,3.6,10.58
2008-01-30,8.2,13.3,0,3.4,8.58
2008-01-31,8.7,13,0.2,4,7.43
2008-02-01,7.3,12.8,0,4.3,7.54
2008-02-02,8.2,11,3.3,6.4,6.96
2008-02-03,8.2,11.6,3.8,14.9,7.62
2008-02-04,10.5,13.2,5.8,12.6,9.69
2008-02-05,8,16.4,0,3.6,11.74
2008-02-06,9.1,18.2,0,4.1,11.78
2008-02-07,10.3,18.1,0,3.9,12.05
2008-02-08,9,15.6,0,5.1,12.39
2008-02-09,7.3,14.7,0,6.2,12.64
2008-02-10,6.7,14.5,0,6.3,12.81
2008-02-11,6.5,12.6,0,5.8,10.58
2008-02-12,6,11.3,0,8.7,9.05
2008-02-13,5.7,11.9,0,6.5,10.74
2008-02-14,7.5,12.5,0,6.2,9.17
2008-02-15,7.4,13.2,0,4.2,12.83
2008-02-16,6.3,13.6,0,4.3,12.93
2008-02-17,8,12.7,0,6.6,9.92
2008-02-18,8.2,12.2,0,8,7.25
2008-02-19,9.8,11.2,1.8,6.4,3.58
2008-02-20,10.8,12.5,2.7,5,3.6
2008-02-21,11.2,17.1,0,5,12.47
2008-02-22,10.9,18.6,0,4.8,13.9
2008-02-23,11.2,18.7,0,4.6,14.71
2008-02-24,11,14.9,0,7.8,9.85
2008-02-25,12.6,16.4,0.5,5,6.9
2008-02-26,13.1,18.3,0,4,11.75
2008-02-27,13.6,18.7,0.1,4.2,12.2
2008-02-28,13.1,17.1,0,4.8,10.52
2008-02-29,14.1,19.3,0.3,3.5,12.82
2008-03-01,12.8,17.5,0,5,10.39
2008-03-02,14.2,22,0,4.1,16.53
2008-03-03,13.2,18.1,0,4.7,13.36
2008-03-04,9.7,12.7,16.6,7.1,8.73
2008-03-05,6,8.1,0,32.5,17.25
2008-03-06,6.8,12.5,0,19.8,18.21
2008-03-07,7.6,13.4,0.7,6.3,11.42
2008-03-08,8.6,15.8,0.2,6.2,15.74
2008-03-09,9.8,14.6,7.9,7.8,10.38
2008-03-10,8.5,13.6,2,14.3,10.37
2008-03-11,11.9,19.9,0,4.4,16.47
2008-03-12,12.6,17.2,0,4.8,10.65
2008-03-13,12.6,17.8,0.2,5.9,12.47
2008-03-14,13.3,21.5,0,4.5,18.22
2008-03-15,13.9,20.6,0,10.3,16
2008-03-16,12.7,17.4,0.1,6.7,12.04
2008-03-17,11.8,17.4,0,4.9,15.21
2008-03-18,10.6,14.7,0.9,5.3,9.43
2008-03-19,10.1,12.3,6.9,4.5,7.61
2008-03-20,9,14.8,1.2,11.7,20.71
2008-03-21,9,15.9,0,5.9,14.99
2008-03-22,7.5,9.4,26.3,5.6,6.5
2008-03-23,5.7,10.3,3.1,6,16.16
2008-03-24,7.4,14.9,0.6,7.9,18.1
2008-03-25,10.7,16.5,1.6,5.5,17.07
2008-03-26,10,14.2,12.3,5.6,13.08
2008-03-27,8.6,13.2,0.7,4.8,10.93
2008-03-28,11.2,15.7,0,4.3,14.5
2008-03-29,12.9,18.2,0,8.4,12.03
2008-03-30,13.5,18.2,1.9,16.8,19.94
2008-03-31,11,15.7,11.9,10.2,18.58
2008-04-01,13.2,20.4,0,13.1,23.61
2008-04-02,14.2,22.8,0,5.7,21.08
2008-04-03,14.7,21.1,0,7.7,21.67
2008-04-04,12.9,18,0,9.8,18.06
2008-04-05,12.9,20.3,0,5.6,22.38
2008-04-06,12.5,18.1,0.7,6.5,20.16
2008-04-07,9.5,11.6,0.4,8,12.88
2008-04-08,13.5,20,0,11.2,17.86
2008-04-09,16.1,21.4,0,14.5,17.25
2008-04-10,17.3,22.4,0,15.7,21.7
2008-04-11,11.1,13.9,17.3,6.4,6.97
2008-04-12,10.3,15,0.9,4.7,19.92
2008-04-13,12.1,18.6,0,8.8,22.76
2008-04-14,11.4,16,16.2,6,18.94
2008-04-15,9.9,15.9,0.2,5.1,18.94
2008-04-16,12,18.1,0,8.4,20.78
2008-04-17,11.5,15.2,1.2,11.9,12.83
2008-04-18,10.9,15.7,4.5,14.9,14.49
2008-04-19,12.8,19.3,0,13.1,23.32
2008-04-20,13.4,17,5.1,15,15.21
2008-04-21,11.8,17.3,5.1,5.3,17.81
2008-04-22,12,18,3.5,4.7,23.14
2008-04-23,14.7,21.8,1.2,4.1,23.02
2008-04-24,15.8,21.4,0.1,4.6,21.36
2008-04-25,17.7,23.8,0,3.8,24.04
2008-04-26,17.7,22.8,0,6,26.47
2008-04-27,16.2,21.8,0,9.3,25.04
2008-04-28,15.2,19.4,4.3,13.3,13.72
2008-04-29,14.3,19.7,3.3,10.5,18.68
2008-04-30,13.4,15.7,0.5,9.1,18.18
2008-05-01,14.3,21,0,9.7,26.46
2008-05-02,15.7,22.7,0,7.6,27.17
2008-05-03,17.1,24.2,0,6.6,27.24
2008-05-04,18.2,25,0,5.5,25.24
2008-05-05,18.5,23.6,0,5.4,16.12
2008-05-06,16.6,21,2.1,5.9,15.69
2008-05-07,17.1,21.7,0,6.3,24.58
2008-05-08,16.1,21.4,0,6.6,25.32
2008-05-09,13.6,14.7,29.7,9.1,4.64
2008-05-10,14.2,17.3,21.3,13.5,11.97
2008-05-11,15,17.5,16,10.9,17.81
2008-05-12,14.9,18.3,2,10.1,20.74
2008-05-13,15.5,20,0.5,6.8,22.08
2008-05-14,15.7,20.6,0.4,11.5,19.16
2008-05-15,17.9,22.4,0.4,12.6,22.55
2008-05-16,16.7,20.5,0.6,9.4,18.07
2008-05-17,16.1,18.6,4.7,5.9,18.46
2008-05-18,16.3,21.5,12.2,5.1,19
2008-05-19,16.2,22,1.7,7.9,22.11
2008-05-20,18.2,23.5,1.2,5.7,24.69
2008-05-21,17.3,21.5,0.2,5.7,23.34
2008-05-22,16.8,20.1,7.5,4.7,16.35
2008-05-23,18,23.9,0.1,11,24.04
2008-05-24,18.4,21.2,3.9,12.1,21.02
2008-05-25,16,16.9,30.7,7.7,5.21
2008-05-26,17.6,23.4,1.3,5.2,20.8
2008-05-27,17.3,19.5,15,10.4,13.3
2008-05-28,16.5,20.2,0.4,8.4,19.45
2008-05-29,17.5,22.3,0.3,6.4,22.8
2008-05-30,19.4,24.4,0,6.2,22.8
2008-05-31,18.4,21.3,0,6.9,14.99
2008-06-01,16.4,18.7,13.5,6.2,8.79
2008-06-02,16.7,19.8,4,5.2,17.43
2008-06-03,17.5,21.3,11.2,4.8,19.88
2008-06-04,17,22.1,14.3,4.5,20.52
2008-06-05,17,21.4,10.3,4.2,18.94
2008-06-06,17.7,21.6,11,4,20.69
2008-06-07,16,20.4,6.8,5.1,19.44
2008-06-08,16.7,22.3,4.6,4.9,21.57
2008-06-09,17.7,23,0.2,10.3,24.71
2008-06-10,18.2,21.5,0.4,7.9,21.74
2008-06-11,18.9,23.2,1.1,6.2,22.23
2008-06-12,21,28.1,0,6.2,27.62
2008-06-13,18.5,21.6,25.6,5.3,16.22
2008-06-14,17.6,20.6,7.3,5.8,17.55
2008-06-15,18.4,23.2,0.8,8.3,10.77
2008-06-16,19.7,23.4,0,7,21.97
2008-06-17,18.7,21.3,17.5,4.8,16.21
2008-06-18,20.1,26.1,0.3,5.3,24.96
2008-06-19,22.6,29.3,0,5.8,28.43
2008-06-20,24.6,29.8,0,5.2,26.58
2008-06-21,25.5,31.6,0,5.8,26.81
2008-06-22,24.7,31.3,0,7.6,30.03
2008-06-23,23.9,29.6,0,6.4,29.7
2008-06-24,23,27.3,0,7.5,24.13
2008-06-25,24.8,30.1,0,11,27.27
2008-06-26,25.4,31.5,0,4.5,26.88
2008-06-27,24.6,28.6,12.4,5.6,22.02
2008-06-28,24.1,29.3,0.2,4.8,26.53
2008-06-29,25.1,30.2,0,4.5,26.97
2008-06-30,25.6,30.5,1.4,4.2,25.41
2008-07-01,25.8,32.3,1.4,7.2,27.13
2008-07-02,24.7,28.9,0,12.1,28.11
2008-07-03,21.8,23.6,0.8,9.1,13.72
2008-07-04,22.7,29.7,0,6.7,28.76
2008-07-05,24.7,30.8,0.2,4.9,26.51
2008-07-06,23.5,26.8,0.8,6.7,21.72
2008-07-07,20.3,23.3,6.2,6,13.23
2008-07-08,20.8,27.2,0,4.4,21.36
2008-07-09,23.4,29.5,0,5.8,24.7
2008-07-10,25.4,31.3,0,8.9,26.06
2008-07-11,24.9,30.4,0.2,6.2,26.19
2008-07-12,22.3,25.2,7.8,7.6,16.15
2008-07-13,19,21.6,32.2,4.7,15.2
2008-07-14,20.4,25.1,5.1,4.3,22.07
2008-07-15,22.4,28,0,5.7,29.02
2008-07-16,21.8,27.3,0,6.1,24.96
2008-07-17,23.1,28,0,4.6,21.34
2008-07-18,23.1,27.2,0,4.4,19.31
2008-07-19,25.1,32.2,0,6.6,27.86
2008-07-20,25.7,31.2,0,6.5,23.81
2008-07-21,22.7,25.1,10.7,5.5,12.81
2008-07-22,22.5,28.3,3.9,5.6,20.17
2008-07-23,22.7,28.5,0,4.4,27.8
2008-07-24,24.2,30.2,0,5.1,25.65
2008-07-25,25.2,28.8,0.1,4.6,23.39
2008-07-26,24.5,29.9,6.1,4.2,20.27
2008-07-27,25.4,30.2,0.3,3.7,23.5
2008-07-28,26.2,31.9,0,9.2,26.14
2008-07-29,25.6,30.3,0,6.5,24.71
2008-07-30,26.3,33.2,0,9,27.2
2008-07-31,26.3,33.1,0,10.1,27.6
2008-08-01,25.1,29.5,0.3,6.8,23
2008-08-02,25.2,30.3,0.4,4.4,21.93
2008-08-03,27.3,33.6,0,4.6,25.44
2008-08-04,27.5,32.8,0,6.2,24.12
2008-08-05,28.2,34.1,0.1,6.4,25.82
2008-08-06,27.7,34.9,0,7.3,26.05
2008-08-07,25.3,29.8,0,7.1,23.37
2008-08-08,24.1,28.2,2.5,6.9,18.83
2008-08-09,23.9,28.4,2.1,5.9,19.2
2008-08-10,24.4,30.5,0,4.5,21.74
2008-08-11,25,29.3,0.4,11.1,16.52
2008-08-12,27.2,34.2,0,12.7,23.9
2008-08-13,22.8,26.3,0,9.3,17.21
2008-08-14,22.5,26.8,0.4,6.9,16.84
2008-08-15,20.6,24.3,11.2,5,20.39
2008-08-16,20.9,27.3,0.1,6.5,18.84
2008-08-17,21.6,26.4,0,5.4,19.53
2008-08-18,23.3,30.1,0,9.4,23.83
2008-08-19,24,28.9,0.1,7.6,20.93
2008-08-20,22.1,25.1,0.9,6.2,13.71
2008-08-21,23.3,30.1,0,5.5,22.1
2008-08-22,21.8,26.5,12.6,6.2,10.59
2008-08-23,20.9,25,3.7,4.5,16.41
2008-08-24,22.3,26.7,0,4.4,18.22
2008-08-25,22.2,25.1,6,3,13.83
2008-08-26,22.5,25.9,0.3,3.6,13.65
2008-08-27,22.8,28.6,0,6.6,22.5
2008-08-28,23.7,29.8,0,5.6,20.45
2008-08-29,24.2,29.8,0,6.2,21.57
2008-08-30,25,32.6,0,9.7,23.07
2008-08-31,23.1,28.3,0,6.8,17.99
2008-09-01,23.1,28.4,3.5,4.7,15.71
2008-09-02,23.3,29.6,1.1,10.6,19.93
2008-09-03,24.5,30.3,0,12,20.06
2008-09-04,24.4,29.4,0,7.9,17.74
2008-09-05,23.8,30.4,0,11.2,20.62
2008-09-06,23,28.4,0.5,6.8,17.8
2008-09-07,20.3,25.4,2.7,5.3,15.18
2008-09-08,21.2,28.4,0,7.3,20.76
2008-09-09,22.2,27.1,0,6.8,16.46
2008-09-10,23,27.5,0,9.4,19.91
2008-09-11,23.1,29.3,0.7,4,16.1
2008-09-12,18.3,21.7,43.8,6.8,8.7
2008-09-13,16.3,21.1,7.6,5.2,16.74
2008-09-14,17.5,24.5,0,5.7,18.02
2008-09-15,17.8,24.5,0,5.6,20.43
2008-09-16,17.6,21.1,2,4.3,11.65
2008-09-17,18.8,23.8,0,6.3,10.67
2008-09-18,20.8,25.8,0.2,8.2,13.38
2008-09-19,20.6,24.2,9.6,5,14.93
2008-09-20,19,23.9,1.5,5.3,13.58
2008-09-21,18.6,22.3,1.1,4.8,12.51
2008-09-22,17.2,20.5,0,5.9,13.5
2008-09-23,16,17.8,0.8,7.5,6.03
2008-09-24,15.3,18.4,0,7.5,8.05
2008-09-25,15.9,22.2,0,4.6,14.08
2008-09-26,15.7,20.3,0.4,6.1,13.05
2008-09-27,15.8,20.5,0,7.7,15.34
2008-09-28,15.4,22.5,0,5.7,16.24
2008-09-29,16.7,23.2,0,5.4,14.99
2008-09-30,17.4,22,0.5,5.1,13.14
2008-10-01,17.1,22.6,0.3,4.5,12.38
2008-10-02,17.5,21.5,6.3,5.4,9.59
2008-10-03,14.3,17,14.5,5.6,11.35
2008-10-04,12.2,17.9,0,5.6,16.91
2008-10-05,14.1,22.2,0,4,17.1
2008-10-06,15.8,25,0,5,16.71
2008-10-07,18.2,24.1,0,11.2,16.38
2008-10-08,16.4,18.6,3.3,6.8,9.99
2008-10-09,14.5,18.3,2.3,14.6,9.08
2008-10-10,17.1,22.5,0,9.3,15.71
2008-10-11,16.8,22.3,0,5.1,14.11
2008-10-12,18.6,22.2,0,4.8,8.96
2008-10-13,19.9,22.6,4.4,4.7,5.48
2008-10-14,19.6,25,0.3,3.8,13.08
2008-10-15,19.5,25.1,0,5.6,12.92
2008-10-16,18.6,24,6,5.3,10.97
2008-10-17,17.6,20.7,6.2,4,7.88
2008-10-18,15.9,17.9,5,4.1,6.9
2008-10-19,16.4,20.8,0,4.3,10.69
2008-10-20,18.7,24.2,0,9.3,12.3
2008-10-21,19.4,24.8,0,9.8,13.48
2008-10-22,16.5,19.8,0,12,10.84
2008-10-23,13.7,17.7,0,9.2,9.46
2008-10-24,14.8,16.6,2,7.2,4.66
2008-10-25,16.6,22.3,0,9.9,12.85
2008-10-26,15.6,22.3,0,4.7,13.19
2008-10-27,14.9,22.6,0,4.5,12.58
2008-10-28,12.4,13.8,6.4,11.5,3.5
2008-10-29,7.8,9.8,10.5,12.7,4.23
2008-10-30,7.3,12.7,0,14.5,10.35
2008-10-31,12.1,16.3,2.5,11,7.64
2008-11-01,16.5,19.9,5.3,15.4,8.68
2008-11-02,13.7,15.2,37.4,10.2,2.94
2008-11-03,10.1,16.4,0,11.6,12.15
2008-11-04,9.7,14.4,0.4,6.9,4.33
2008-11-05,10.8,14.1,0.2,5.4,5.61
2008-11-06,11.6,15.2,5,3.3,6.89
2008-11-07,11.3,16.3,0.2,3.6,7.65
2008-11-08,11.2,17,1.4,3.8,8.35
2008-11-09,10.8,17.4,0,4.9,9.84
2008-11-10,11.7,18.8,0,10.3,9.59
2008-11-11,13.6,17.8,0,9,8.85
2008-11-12,10.9,12.8,10.8,6.7,2.38
2008-11-13,9.7,15,0,9,9.96
2008-11-14,9.2,16,0,11.7,10.7
2008-11-15,9.1,17.2,0,7.4,10.32
2008-11-16,9,17,0,4.9,10.27
2008-11-17,9.6,18,0,6.2,10.13
2008-11-18,8.3,12.5,1.6,3,3.54
2008-11-19,9.9,15.1,0.4,7.8,9.17
2008-11-20,9.3,16.1,0,4.3,8.32
2008-11-21,9.8,17,0,3.8,9.28
2008-11-22,10.5,14.7,0.3,5.9,5.43
2008-11-23,9.6,13.6,0.3,6.6,7.1
2008-11-24,7.9,10.2,12.7,5.3,3.93
2008-11-25,6.1,10.2,6.6,8.2,9.01
2008-11-26,4.3,10,0,9.1,9.36
2008-11-27,4,8.4,1.4,10.3,6.25
2008-11-28,6.7,10.3,2.1,10.2,5.84
2008-11-29,5.4,10.4,0.9,13.5,6.08
2008-11-30,7.1,11.3,0,15.2,8.7
2008-12-01,6.1,10,0.6,5.7,5.83
2008-12-02,5.8,10.5,1.7,5.5,7.26
2008-12-03,4.7,10.4,0.2,5.8,6.98
2008-12-04,6.1,11.3,0,9.6,6.18
2008-12-05,9.8,15.2,0.9,6.8,7.11
2008-12-06,9.2,13.5,0.3,3.8,5.03
2008-12-07,9.3,12.5,0.1,3.3,4.04
2008-12-08,8.6,11.7,0,5.7,5.45
2008-12-09,8.4,9.8,13.3,10.5,1.49
2008-12-10,6.4,8.6,2.3,12.4,5.75
2008-12-11,3.7,9.1,0,5.5,8.72
2008-12-12,4.5,10.8,0,4.5,8.36
2008-12-13,5.3,10.7,0.2,10,7.53
2008-12-14,5.9,7.5,12.8,5.5,3.18
2008-12-15,4.8,8.2,2.6,14.5,4.4
2008-12-16,6.7,8.3,5.2,12.6,2.8
2008-12-17,6.6,11.4,0,3.6,7.41
2008-12-18,7.3,13.5,0,5.8,8.11
2008-12-19,8.2,15.6,0,7.2,7.54
2008-12-20,8,16,0,5.9,7.42
2008-12-21,7.9,15.6,0,3.9,8.25
2008-12-22,6.9,15.4,0,3.3,8.36
2008-12-23,5.4,12.8,0,3.6,8.2
2008-12-24,4.9,12,0,3.4,8.14
2008-12-25,5,11.5,0,6.9,7.34
2008-12-26,3.9,5.5,47,15.8,0.98
2008-12-27,7.3,8,48.7,15.4,1.02
2008-12-28,6.9,8.1,13.2,10,2.68
2008-12-29,5.7,7.9,1.4,5.8,3.2
2008-12-30,9.9,14.5,0,10.2,6.69
2008-12-31,11,15.1,0,13,7.08
2009-01-01,9.3,12.4,0,7.6,5.25
2009-01-02,9.3,10.9,0,5.8,3.86
2009-01-03,6.8,7.7,0.8,5.6,1.8
2009-01-04,6.2,10.4,0,5.2,7.85
2009-01-05,4,9.8,0.1,4,7.86
2009-01-06,3.4,4.3,6.9,6.4,2.45
2009-01-07,1.2,5.3,1.3,6.7,8.36
2009-01-08,0.5,4.7,0,5.4,7.51
2009-01-09,3.3,6.3,2.9,11.1,4.24
2009-01-10,5.8,9.8,0,8.2,5.9
2009-01-11,6.7,12.2,0,6.5,8.86
2009-01-12,4.8,11.4,0,4.4,9.18
2009-01-13,4.2,11.7,0,4.9,8.79
2009-01-14,7,13.3,0,5.1,8.11
2009-01-15,4.8,10.1,0,4.5,7.69
2009-01-16,6.1,11.9,0,5.4,7.22
2009-01-17,6.9,12.5,0,5.1,8.33
2009-01-18,6.6,13.4,0,6.7,8.76
2009-01-19,10.9,15.9,0,14.4,9.37
2009-01-20,7.7,10.1,6.1,3.7,4.74
2009-01-21,4.2,10.4,1.1,4.2,9.54
2009-01-22,5.5,11.2,0.3,4.9,6.51
2009-01-23,9.9,16.6,1.3,5.9,5.52
2009-01-24,12.7,15,0,16.6,7.56
2009-01-25,7.8,13.9,0,7.7,10.49
2009-01-26,7.1,10.9,2.1,4.8,7.93
2009-01-27,6.7,13.3,0,4.4,10.13
2009-01-28,7.3,13.5,0.3,4.5,9.81
2009-01-29,8.6,13.2,0.2,3.6,6.72
2009-01-30,8.3,14,0,6.2,7.81
2009-01-31,10.2,10.9,7.1,8.8,1.63
2009-02-01,10.1,12,16.8,7.7,5.51
2009-02-02,9.3,12,5.7,4.6,4.87
2009-02-03,8.4,10.8,15.1,6.2,4.43
2009-02-04,9.4,15.4,0,12.6,11.84
2009-02-05,10.5,13.4,0.6,14.6,8.51
2009-02-06,8.6,13.4,0.9,10.3,9.74
2009-02-07,6,10.9,3.6,4.4,10.84
2009-02-08,4.5,11,1.8,5,10.73
2009-02-09,7.9,15.6,0,6.9,10.36
2009-02-10,10.4,13.2,11.5,6.7,7.23
2009-02-11,5.4,10.1,1.6,6.3,5.55
2009-02-12,5.5,11.8,0.2,9,10.53
2009-02-13,6.6,11.3,0,8.1,11.68
2009-02-14,7,11.8,0,6.8,10.35
2009-02-15,5.2,9,0,6,9.58
2009-02-16,4.9,9.6,0,4.1,9.01
2009-02-17,7.1,15.3,0,4.8,13.62
2009-02-18,10.2,18.1,0,7.3,14.18
2009-02-19,9.1,13.6,0,3.6,9.59
2009-02-20,7.6,11.9,0.6,5.3,11.91
2009-02-21,7.6,14.6,0,7.6,14.21
2009-02-22,8.8,15,0,5,14.09
2009-02-23,10.2,15.6,0,5.9,12.67
2009-02-24,9,14.3,0,5.5,11.22
2009-02-25,8.8,13.6,0.2,5.5,13.8
2009-02-26,9.3,18,0,5.5,15.71
2009-02-27,10.8,19.2,0,4.2,15.93
2009-02-28,10.4,15.8,0,5.9,12.92
2009-03-01,10.2,13.2,0.8,3.8,6.39
2009-03-02,10.2,14.4,4.9,3.9,10.16
2009-03-03,9.5,12.5,0.6,4.1,9.04
2009-03-04,8.1,11.3,3.3,12.1,7.69
2009-03-05,6.1,9.9,3.8,4.9,14.4
2009-03-06,7.7,13.2,0,12.3,17.1
2009-03-07,9.4,17.5,0,9.5,17.15
2009-03-08,11,17.3,0,6,16.83
2009-03-09,11.1,13.6,2.4,4.2,6.47
2009-03-10,12.3,18.5,0.1,6.3,14.47
2009-03-11,11.7,15.7,0,3.8,11.48
2009-03-12,11.1,17.8,0,5.5,17.43
2009-03-13,13.7,22.4,0,5.8,18.69
2009-03-14,14.5,20.9,0,4.4,18.51
2009-03-15,15,21.1,0,4.1,18.6
2009-03-16,12.3,17.3,0,10.3,19.53
2009-03-17,11.5,18.8,0,5.7,19.93
2009-03-18,11.8,20.2,0,5.2,19.8
2009-03-19,12.9,21.1,0,5,20.42
2009-03-20,12.3,18.8,0,9.1,20.81
2009-03-21,9.4,15.1,0,5.2,16.98
2009-03-22,10.4,18.2,0,5.7,19.22
2009-03-23,12.6,21.4,0,5.4,21.27
2009-03-24,11.9,17.5,0,10,18.71
2009-03-25,11.1,18,0,5.8,21.16
2009-03-26,12.4,18.7,0,5.3,16.04
2009-03-27,12.9,20.3,0,5.7,20.93
2009-03-28,10.2,12.7,4.1,10.6,8.95
2009-03-29,10.2,15.4,7.2,12.2,13.65
2009-03-30,10.7,14.2,1.2,5.7,12.45
2009-03-31,9.1,9.9,17.6,11.5,5.72
2009-04-01,11.2,14.5,1.7,15.3,12.84
2009-04-02,10.4,11.9,13.2,7.6,7.75
2009-04-03,10.8,14.9,0.3,11.1,16.95
2009-04-04,12.3,19.2,0,5.1,19.57
2009-04-05,13.6,19.2,1.1,4.8,17.88
2009-04-06,13.8,19.5,0,11.8,21.94
2009-04-07,11.4,14.2,12,11.3,11.37
2009-04-08,11,14,5.4,16.3,13.24
2009-04-09,12.5,17.8,0.2,7.2,14.54
2009-04-10,12.2,13.9,3.9,9.7,9.8
2009-04-11,11.4,14.6,18.5,8.8,14.22
2009-04-12,8.2,10.5,7.8,11.3,3.41
2009-04-13,13.8,20.3,0.4,7.9,19.74
2009-04-14,14.1,20.3,0,7.7,23.79
2009-04-15,13.4,18.9,1.3,14,19.65
2009-04-16,13.5,18.2,0.3,11,22.67
2009-04-17,11.6,16.6,4,5.8,18.11
2009-04-18,11.1,17.5,2.9,5.8,20.92
2009-04-19,11.9,17.2,0.7,8,21.92
2009-04-20,11.4,19.1,6.9,5.3,16.48
2009-04-21,16,22.2,3.8,9.4,22.61
2009-04-22,19.1,24.4,0,15.4,25.89
2009-04-23,18.7,26,0,6.3,26.55
2009-04-24,16.9,21.2,0,6.4,25.06
2009-04-25,14.9,18.4,0,10.8,21.81
2009-04-26,12.8,14.5,13.4,8.7,11.19
2009-04-27,12.6,17.3,5.7,6,22.42
2009-04-28,12.4,15.6,4.9,5.5,14.38
2009-04-29,13.2,17.5,0.4,4.7,18.28
2009-04-30,14.1,19.1,7,4.7,19.58
2009-05-01,15.8,20.6,6.7,11.9,22.41
2009-05-02,17.9,24.5,0,12,27.66
2009-05-03,18.1,24.9,0,7,26.01
2009-05-04,17.2,22.9,3.5,5,20.59
2009-05-05,17.8,24,0,8.4,24.63
2009-05-06,19.1,26,0,5.3,26.65
2009-05-07,20.2,26.4,0,5.7,26.19
2009-05-08,19.3,25,0,9.7,24.9
2009-05-09,17.4,22.1,0,7,21.72
2009-05-10,18.3,22.9,0.2,6.2,24.59
2009-05-11,18.1,22.2,0,5.1,20.35
2009-05-12,19.5,24.4,0.2,5.8,25.55
2009-05-13,18.4,21.4,3.3,4.5,13.38
2009-05-14,16.4,20.7,16.9,6.5,18.4
2009-05-15,15.5,19.7,3.6,5.8,22.46
2009-05-16,16.8,23.8,0,6.7,28.19
2009-05-17,18.4,23.6,0,12.6,23.32
2009-05-18,18.4,23.1,0.1,5.7,22.06
2009-05-19,19.1,26,0,6.1,28.3
2009-05-20,20.1,26.8,0,7.1,27.61
2009-05-21,20.6,26,0,5,23.49
2009-05-22,20,24.5,0,6.4,21.37
2009-05-23,21.5,26,0,5,23.43
2009-05-24,21.7,26.7,0,7.8,26.17
2009-05-25,21,26.2,0,6.7,26.61
2009-05-26,19.8,25.1,13.3,4.8,22.27
2009-05-27,19.5,26,1,6.7,24.54
2009-05-28,20.5,27.5,0,11.5,29.04
2009-05-29,21.3,27,0,5.1,28.66
2009-05-30,21.1,26.4,0,6.6,26.69
2009-05-31,19.2,22.1,1.2,5.6,22.96
2009-06-01,20.3,25.1,2.1,3.2,24.83
2009-06-02,21.7,27.3,0.2,5.1,24.35
2009-06-03,22.6,28.7,0,5.5,26.5
2009-06-04,22,27.4,0,6.2,25.14
2009-06-05,21,24.1,0.7,7.6,18.42
2009-06-06,19.2,23.7,3.7,5.1,24.03
2009-06-07,18.1,21.8,0.4,6.6,20.24
2009-06-08,18.8,23.3,0,13.8,20.39
2009-06-09,20.2,26.2,0,5.6,22.68
2009-06-10,21.7,28.1,0,10.1,28.2
2009-06-11,22,26.1,0.1,6.5,22.01
2009-06-12,23.5,29.2,0,4.2,27.17
2009-06-13,25.7,32.6,0,5,28.58
2009-06-14,25.7,30.9,0,5.7,23.53
2009-06-15,24.2,30,0,6.3,28.13
2009-06-16,24.5,29.6,0,10.3,23.92
2009-06-17,25.3,30.2,0,5.3,26.78
2009-06-18,25.6,30.9,0,5.5,27.58
2009-06-19,24.1,28.8,11.1,4.9,17.41
2009-06-20,20.5,22,25,5.3,13.88
2009-06-21,20.1,24.7,1.1,7.7,22.4
2009-06-22,20.7,24.9,3.1,4.3,21.33
2009-06-23,20.9,26,2.9,6.1,21.81
2009-06-24,21.8,28,0.1,4.6,22.94
2009-06-25,22.2,25.6,0.7,5.8,22.74
2009-06-26,22.5,27.4,8.7,4.8,24.94
2009-06-27,22.8,27.9,0.7,6.2,23.28
2009-06-28,24.7,30.5,0,4.2,26.26
2009-06-29,26,31.6,0,5.3,25.23
2009-06-30,26,31.7,0.9,4.9,23.35
2009-07-01,26.6,32.8,0.4,5.2,25.59
2009-07-02,25.8,30,0.7,6.6,24.72
2009-07-03,26.6,31.8,0,4.5,26.2
2009-07-04,26.2,30.7,0.9,3.6,23.56
2009-07-05,25.2,29.3,7.8,3.2,21.3
2009-07-06,24.1,28.3,9.9,4.3,17.61
2009-07-07,21.5,24.1,6.7,6.6,13.92
2009-07-08,21.4,25.1,0.4,4.9,16.37
2009-07-09,21,23.6,6,4.6,13.56
2009-07-10,22.1,25.6,2.2,5.2,20.19
2009-07-11,23.3,28.9,0,6.3,23.82
2009-07-12,25.6,31.6,0,6.6,26.73
2009-07-13,26.3,32.1,0,10,28.82
2009-07-14,24,27.9,0,8.9,25.02
2009-07-15,25.4,30.8,0,6.1,25.84
2009-07-16,25.5,31.1,0,6.9,27.85
2009-07-17,21.9,25.4,12,5.8,13.17
2009-07-18,19.9,26.7,0.1,6.3,26.32
2009-07-19,21.5,28,0,5.6,25.99
2009-07-20,23.9,31,0,9.3,27.9
2009-07-21,25.4,31.6,0.2,11.9,28.27
2009-07-22,26.3,32.2,0,12,26.28
2009-07-23,28.2,36.2,0,11.2,27.72
2009-07-24,26.5,33.6,0,7.4,26.61
2009-07-25,24.2,30.5,0,8.2,26.91
2009-07-26,24.8,31.2,0,6.6,27.22
2009-07-27,25.6,33.1,0,11.2,25.35
2009-07-28,24.9,30.6,0,7.1,24.75
2009-07-29,25.6,31.7,0,7.2,27.26
2009-07-30,25.9,30,1.4,5.2,22.87
2009-07-31,25.6,31.6,0,5.6,24.93
2009-08-01,25.2,31,0,12.7,26.88
2009-08-02,23.4,27.3,1,5.2,18.8
2009-08-03,22,24.5,1.1,4.8,12.74
2009-08-04,24.6,31.6,0,4.1,24.77
2009-08-05,26.6,31.9,0,5.8,24.54
2009-08-06,27.2,33.5,0,5.6,25.51
2009-08-07,25.1,29.6,10.3,3.4,19.63
2009-08-08,24.3,29.2,3.9,3.5,18.94
2009-08-09,23.5,28.8,9.4,4.3,18.8
2009-08-10,23,27.7,2.3,4.4,19.19
2009-08-11,25.2,31.6,0,4.6,23.39
2009-08-12,25.9,31.4,0.8,4,23.03
2009-08-13,26.4,32.9,0,4.5,24.06
2009-08-14,27,33.9,0,5.7,24.25
2009-08-15,25.8,31.4,0,6.2,24.57
2009-08-16,25.9,32.6,0,4.2,24.61
2009-08-17,27.3,34.7,0.1,4.8,24.13
2009-08-18,28.5,35.2,0,5.7,22.76
2009-08-19,28.6,36.7,0,6.9,24.94
2009-08-20,27,34,0,6.1,24.74
2009-08-21,26.6,32.6,0,4.4,23.55
2009-08-22,26.8,32.3,0,3.7,20.96
2009-08-23,27.3,33.2,0,6.1,23.02
2009-08-24,26.6,33,0,7.3,22.5
2009-08-25,24.7,27.7,0.1,5.5,16.2
2009-08-26,25.2,29.8,0,4.9,19.99
2009-08-27,25.4,31.1,0,5.6,20.8
2009-08-28,26,31.6,0.6,5.2,18.81
2009-08-29,24.1,27.1,6.1,4.4,12.73
2009-08-30,23.8,28.7,0,5,19.67
2009-08-31,23.8,30.4,0,7.8,21.3
2009-09-01,25.9,30.6,0,10.4,16.35
2009-09-02,25.5,30,1.1,7.8,16.3
2009-09-03,24.2,27.1,1.6,6.4,11.8
2009-09-04,22.7,27.7,0.6,7.4,12.75
2009-09-05,21.9,27.7,0,7.4,19.44
2009-09-06,21.5,27.5,0,5,21.81
2009-09-07,20.9,27.5,0,5,22.09
2009-09-08,21.2,27,0,5.1,21.4
2009-09-09,21,28.1,0,5.4,21.5
2009-09-10,21.6,27.7,0,7,20.1
2009-09-11,21.6,27.5,0,6,18.45
2009-09-12,21.3,27.2,0.9,5.4,18.57
2009-09-13,20.9,26.2,2.3,4.9,14.67
2009-09-14,19.7,23.7,14.9,5.1,12.64
2009-09-15,16.6,18.5,2.6,7.7,7.03
2009-09-16,17.3,23,0,6.1,16.93
2009-09-17,17.9,23.6,0,7.3,16.01
2009-09-18,19.3,23.1,1,11.7,16.96
2009-09-19,18.2,22.7,0,5.1,12.6
2009-09-20,18.2,23.3,4.5,3.9,12.81
2009-09-21,19.5,26.1,0,9.9,17.73
2009-09-22,21.5,25.4,0,15.6,16.23
2009-09-23,22,26.2,0,12,16.3
2009-09-24,21.6,29.9,0,7.9,18.62
2009-09-25,21.6,28.8,0,5.1,18.16
2009-09-26,20,26,2.4,4.5,14.01
2009-09-27,19.3,24.2,1.7,8.9,13.06
2009-09-28,19.8,24.8,0,9.4,14.61
2009-09-29,20.3,26.5,0,6.5,17.89
2009-09-30,19.3,25.6,1.4,5,13.61
2009-10-01,20.3,26.8,0.9,4.9,13.71
2009-10-02,19.9,25.8,0.5,4.5,14.48
2009-10-03,19.1,24.6,2.7,4.7,12.72
2009-10-04,18.2,25.4,0,5.2,16.69
2009-10-05,20.9,28.8,0,8.1,16.51
2009-10-06,22.7,29.3,0,12.5,16.33
2009-10-07,22,29.3,0,9.4,14.72
2009-10-08,22.6,29.1,0.8,6.4,13.62
2009-10-09,19.7,24.5,4.3,4,11.65
2009-10-10,19.3,23.4,3.3,4.2,9.7
2009-10-11,19.2,26.1,0,4.6,13.64
2009-10-12,19.5,25.7,0,8.1,14.29
2009-10-13,18,24.4,0,11.9,15.57
2009-10-14,16.1,21.8,0,8.7,12.92
2009-10-15,13.4,17.6,0.1,13.9,12.21
2009-10-16,12.4,19.1,0,4.6,14.86
2009-10-17,13.1,20.4,0,7.7,15.11
2009-10-18,12.5,18.2,0.5,11.6,15.12
2009-10-19,11,17,0,8.1,11.75
2009-10-20,15.6,18,1.8,15.7,4.41
2009-10-21,15.6,17.3,10.3,9,3.7
2009-10-22,12.2,14.6,31,10.6,2.72
2009-10-23,13.6,20.9,0,5.5,13.35
2009-10-24,17.1,24.3,0,4.2,12.51
2009-10-25,18.5,24.2,0,3.7,9.93
2009-10-26,18.1,21.4,0.1,3.7,7.89
2009-10-27,15.6,20.8,0,3.1,10.57
2009-10-28,15.7,21.8,0,3.3,11.08
2009-10-29,16.5,23.1,0,4.5,12.24
2009-10-30,16.3,22.4,0,4.4,12.45
2009-10-31,15.9,21.3,0,3.1,10.21
2009-11-01,16.7,22.8,0,8.1,10.62
2009-11-02,15.5,18.3,21.1,6.7,3.66
2009-11-03,14.4,20.3,0,6.6,11.22
2009-11-04,13,17.6,17.7,4.5,5.99
2009-11-05,10.6,13.1,4.3,4.5,8.56
2009-11-06,9.6,15.7,0.7,4.1,11.07
2009-11-07,9.3,15,3,5,6.89
2009-11-08,8,13.9,0.2,4.8,9.16
2009-11-09,9.2,14,0,9.4,9.7
2009-11-10,8.5,14.5,0,5.1,9.1
2009-11-11,10.3,14.3,0,4.3,6.08
2009-11-12,12.1,19.2,0,5.9,9.61
2009-11-13,12.7,19.4,0,6.9,8.33
2009-11-14,16.2,21.5,0,13.8,9.24
2009-11-15,14.8,21.1,0,7.9,7.92
2009-11-16,15.4,21.9,0,5.6,9.77
2009-11-17,14.6,22.3,0,5.3,8.97
2009-11-18,14.6,19.6,0,5.1,8.53
2009-11-19,13.8,16.9,0,5.3,4.92
2009-11-20,13.8,18.1,0,4.1,7.32
2009-11-21,13.2,19.9,0,7.8,9.09
2009-11-22,14.9,19.3,0.5,8.3,7.34
2009-11-23,12.7,17.8,0,4.4,8.14
2009-11-24,11.5,18.6,0,4.2,9
2009-11-25,11.4,19.5,0,10.4,9.24
2009-11-26,12.2,18.5,0,5.1,8.62
2009-11-27,12.2,15.9,0.3,4.9,6.05
2009-11-28,10.7,16,0,11,8.75
2009-11-29,12.1,15.1,3.3,16.7,6.62
2009-11-30,8.4,11.7,4.8,5,6.87
2009-12-01,7.1,13.2,0,4.8,8.61
2009-12-02,8,14.6,0,5.4,8.2
2009-12-03,10.3,14.1,0,7.7,5.54
2009-12-04,8.9,12.1,0.1,4.8,4.65
2009-12-05,8.8,15.1,0,4.4,5.84
2009-12-06,10.6,17.4,0,10.1,6.11
2009-12-07,11.4,18,0,3.5,7.24
2009-12-08,12.5,16.6,0.1,3.4,4.57
2009-12-09,12,17.9,0,2.8,7.47
2009-12-10,11.2,18.7,0,2.7,7.33
2009-12-11,10,17,0,3.1,8.31
2009-12-12,7.4,11.9,2.5,5.4,5.83
2009-12-13,5.2,8.1,3.8,11.3,7.17
2009-12-14,4.7,5.8,5.3,19.7,2.82
2009-12-15,6.1,9.1,1.5,9.5,4.29
2009-12-16,3.4,7.5,0.4,4.9,5.51
2009-12-17,3.1,5.9,0.2,3.2,4.26
2009-12-18,2.1,7.5,0.7,5.6,7.26
2009-12-19,1.6,6.5,0.1,8.2,8.49
2009-12-20,0.6,8.2,0,6.1,8.44
2009-12-21,4.8,8.6,2.2,15.6,2.59
2009-12-22,11.3,14.1,3.2,13.7,3.85
2009-12-23,10.8,13.8,4.6,12,2.76
2009-12-24,13,16.1,0.6,18.1,3.08
2009-12-25,11.6,15.8,3.4,6.2,4.55
2009-12-26,7.7,9.5,3.6,3.6,2.69
2009-12-27,7.2,12.3,0.3,5,6.78
2009-12-28,10.4,15.6,0.2,8.9,6.39
2009-12-29,11.8,17.7,0.1,5.1,7.15
2009-12-30,15.2,18.7,0,14.7,7.8
2009-12-31,13,16.2,0,15,8.05
2010-01-01,9.5,12.4,0.8,9.8,6.26
2010-01-02,6.4,9.4,0,4.1,4.55
2010-01-03,7.4,10.8,0.2,6.2,3.44
2010-01-04,7,8.9,0.6,3.6,3.26
2010-01-05,8,9.4,15.9,6.9,2.53
2010-01-06,6.3,7.9,4.3,4.8,4
2010-01-07,2.2,4.1,26.8,11.7,0.86
2010-01-08,3.5,5.1,12.7,18.7,3.13
2010-01-09,0.3,3.6,5,5.9,4.7
2010-01-10,0.8,5.5,0,4.7,7.14
2010-01-11,2.6,7.5,0,4.1,7.08
2010-01-12,2.2,7.4,1.3,5.8,6.88
2010-01-13,6.6,12,1.2,6.5,5.88
2010-01-14,10.1,14.7,2.4,13.8,6.84
2010-01-15,9.6,14.9,0.4,7.8,9.24
2010-01-16,7.3,12.9,0.5,5.3,6.41
2010-01-17,9.2,11.5,3.3,2.4,2.12
2010-01-18,8.6,11.8,1.7,3.2,4.57
2010-01-19,8,10.4,0,4.4,2.69
2010-01-20,8.7,12.4,5,4.2,4.46
2010-01-21,8.8,14.9,2.3,4.4,9.23
2010-01-22,7.8,14,0,4.7,9.64
2010-01-23,7.1,11.2,0,4.4,4.74
2010-01-24,8.8,11.2,4.1,4.2,2.24
2010-01-25,7.8,9.2,1.7,8.3,5.92
2010-01-26,6.5,10.6,0,13.2,10.48
2010-01-27,5,10.6,0.3,12.8,9.39
2010-01-28,4.6,11,0,4.8,9.46
2010-01-29,6,10.6,0.4,4.7,6.56
2010-01-30,6.5,12.2,1.6,5.7,9.59
2010-01-31,4.4,7.7,8.2,5.1,7.88
2010-02-01,3.5,10.4,2.7,4.9,11.01
2010-02-02,3.8,10.8,0,7.2,8.9
2010-02-03,4.8,14.5,0,4.7,11.88
2010-02-04,7.2,11.8,4.1,6.6,4.71
2010-02-05,10.5,14.4,1.2,8.2,10.13
2010-02-06,7.9,15,0.4,5.3,9.95
2010-02-07,8.8,15.7,0.3,5.7,12.16
2010-02-08,8.6,12.1,5,5.4,6.54
2010-02-09,7.1,9,26.5,12,3.37
2010-02-10,4.6,9.4,3.1,7.2,10.42
2010-02-11,0.6,3.2,1.4,11.7,12.99
2010-02-12,1,6.9,0,5.6,13.47
2010-02-13,0.8,4.8,0,4.6,8.73
2010-02-14,1.6,5.4,0,4.3,9.76
2010-02-15,2.4,5.9,1.3,3.9,7.18
2010-02-16,5.8,8.3,11.9,10.3,2.21
2010-02-17,10.1,14.5,0.7,11.9,7.86
2010-02-18,9.9,15.2,0.4,6.6,10.14
2010-02-19,9.4,12.5,34.7,9.6,5.14
2010-02-20,7.5,12.5,3,5.3,13.89
2010-02-21,5.9,12.3,0,12.6,11.07
2010-02-22,9.8,15.6,0.1,14.7,11.98
2010-02-23,13,18.5,0,8.4,13.81
2010-02-24,12.7,17.2,1.3,7.1,13.76
2010-02-25,13.3,17.1,0.2,16.8,11.49
2010-02-26,13.3,15.7,1.3,9.6,12.86
2010-02-27,9.9,15.3,0.6,10.6,9.48
2010-02-28,14.6,17.9,0,13.3,7.86
2010-03-01,11.5,18.9,1,8,14.88
2010-03-02,10.2,16.6,0,5.3,15.38
2010-03-03,9.2,11.2,33.7,14.3,1.84
2010-03-04,10,14.5,2.2,4.7,11.88
2010-03-05,10,13.9,2.9,10.4,14.09
2010-03-06,6.9,11.2,0,9.7,16.24
2010-03-07,4.5,9.1,1.2,4.7,11.72
2010-03-08,1.7,3.9,60.2,20.6,3.06
2010-03-09,2.3,4.7,1.6,14.1,18.44
2010-03-10,-0.4,6.5,0,7.4,18.1
2010-03-11,2.1,8.1,0,5.4,14.83
2010-03-12,4.7,9.3,0.1,4,12.95
2010-03-13,6.5,12.5,0,5.3,16.09
2010-03-14,7.2,14.9,0,5,18.77
2010-03-15,8.2,14.6,0.2,4.8,17.45
2010-03-16,9.4,18,0,5.4,19.46
2010-03-17,10,18.8,0,9.1,19.76
2010-03-18,11,18.2,0,11.1,18.55
2010-03-19,12.6,18.6,0,6.8,18.79
2010-03-20,14.4,20.6,0,4.6,18.27
2010-03-21,13.3,15.9,1.7,4.1,7.79
2010-03-22,13.5,15.1,7.3,4.6,5.5
2010-03-23,13.8,19.2,0,5.7,15.47
2010-03-24,13,17,0.1,10,13.14
2010-03-25,14,16.6,0,14.6,11.39
2010-03-26,15.5,20,0,12.1,20.81
2010-03-27,13.7,20.4,0,8.2,20
2010-03-28,13.7,19.2,0.2,6.7,19.7
2010-03-29,13.8,18.5,0,14.9,19.76
2010-03-30,13.6,18.4,0.8,13.4,18.89
2010-03-31,11.6,16.5,4,7.1,15.34
2010-04-01,10.7,14.9,2,4.6,16.96
2010-04-02,11.5,18.6,0,9.7,19.97
2010-04-03,12.8,19.1,0,13.2,20.02
2010-04-04,10.8,14.2,17.8,6.2,14.03
2010-04-05,10.8,17.7,0,4.5,21.07
2010-04-06,12.2,18.1,0.3,7.2,21.39
2010-04-07,10.7,12.9,6.6,11.1,5.32
2010-04-08,11.9,16.3,0,10.3,16.08
2010-04-09,14,19.2,0,10.3,22.13
2010-04-10,14.4,21.5,0,6.3,23.09
2010-04-11,14.5,22,0,6.9,23.55
2010-04-12,10.2,13.2,17.5,5.2,3.8
2010-04-13,9.8,14.2,1.2,5.1,17.35
2010-04-14,10.4,14.5,0.2,4.9,10.35
2010-04-15,11.2,17,0,5.8,16.69
2010-04-16,12.6,16.4,0.2,6,17.46
2010-04-17,12.2,18.4,0.2,6.5,24.81
2010-04-18,12.7,17.6,6.7,9.2,13.42
2010-04-19,14.3,20.6,0.2,6.3,21.72
2010-04-20,15.8,22.2,0,5.8,22.66
2010-04-21,17.1,24.4,0,6.6,22.8
2010-04-22,15.4,19.1,0.5,6.5,15.34
2010-04-23,15.6,19,0.4,6.6,15.83
2010-04-24,16.4,22,2.8,4.6,18.97
2010-04-25,17.7,24.1,0,5.6,21.4
2010-04-26,18.2,24.7,1.5,4.6,19.34
2010-04-27,18.2,24,0.1,4.6,23.24
2010-04-28,17.8,25.3,0,8.9,26.6
2010-04-29,18.1,23.9,0,13.3,25.89
2010-04-30,17.3,21.6,1,6.4,21.02
2010-05-01,16.7,20.1,5.5,5.6,17.54
2010-05-02,14.7,17.3,17.2,4,7.62
2010-05-03,10.9,12.6,27.6,11.6,8.17
2010-05-04,9.3,11.5,39.7,13.3,10.71
2010-05-05,10.7,15.9,13.5,6.8,18.56
2010-05-06,10.8,14.1,11.3,6.3,13.39
2010-05-07,13.1,18.5,2.2,7.5,16.26
2010-05-08,15.4,20.7,1.9,9.2,20.1
2010-05-09,16.1,20.9,0.1,14.3,21.23
2010-05-10,17,22.4,0.2,6.8,23.78
2010-05-11,16.3,20.4,0.4,6.7,22.81
2010-05-12,14.5,17.5,12,5,16.73
2010-05-13,12.1,15.6,13.2,5.6,13.48
2010-05-14,11.9,15.5,5.7,5.6,17.14
2010-05-15,12.5,18.8,2.5,3.5,24.25
2010-05-16,13.8,19.1,0.7,5.1,25.77
2010-05-17,15.2,21.2,0,5.7,25.46
2010-05-18,16.8,23.4,0,5.1,27.12
2010-05-19,17.5,22,0.1,10.2,23.27
2010-05-20,18.1,24.2,0,5.7,25.08
2010-05-21,18.6,24,0,5.4,26
2010-05-22,19,23.3,3.7,4.4,22.3
2010-05-23,18.3,23.7,1.3,6,25.53
2010-05-24,19.7,26.6,0,12,29.37
2010-05-25,20.4,26.1,0,16.9,28.8
2010-05-26,20.3,26.3,0,7.2,26.71
2010-05-27,19.3,22.6,0.4,6.5,20.81
2010-05-28,18.7,21.5,2.6,7.4,19.52
2010-05-29,19.4,24.2,0.8,5.1,23.07
2010-05-30,20.9,26.3,0,4.9,25.03
2010-05-31,22.3,27.6,0.6,5.6,23.97
2010-06-01,20.9,25.1,0.2,5.1,22.35
2010-06-02,20.3,23.3,2.9,4.3,16.02
2010-06-03,21,25.9,0.8,4.9,22.97
2010-06-04,22.3,28.4,0,5.3,28.25
2010-06-05,23.5,30.1,0,7.4,27.91
2010-06-06,21.1,24.6,0.7,5.8,21.66
2010-06-07,21.8,26.8,0,8.9,21.04
2010-06-08,21.8,26.9,0,12.6,27.18
2010-06-09,20.5,23.2,1.3,9.3,13.71
2010-06-10,20.6,24.8,4.7,12.4,14.2
2010-06-11,18.4,22.5,3.3,10.8,16.31
2010-06-12,18.9,25.1,0,6.6,24.59
2010-06-13,20.2,25.1,5,4.2,23.28
2010-06-14,18.1,22.5,11.2,5.3,16.92
2010-06-15,17,21.5,2.8,6.5,16.31
2010-06-16,18.4,23.6,0.7,8.2,26.21
2010-06-17,18,22.1,0,5.9,20.31
2010-06-18,19.1,23.8,1.3,4.2,19.53
2010-06-19,18.4,23.9,15.3,4.7,19.34
2010-06-20,17.5,21.1,4.2,11,26.42
2010-06-21,17.8,23.8,0,6.4,28.82
2010-06-22,18.7,24.2,0,5.2,28.12
2010-06-23,20.4,25.7,0,6.1,26.9
2010-06-24,21.8,27.5,0,6.1,26.98
2010-06-25,22.7,28.5,0,6.1,26.85
2010-06-26,23.5,29.8,0.9,5.1,26.01
2010-06-27,24.2,30,1.3,5,24.22
2010-06-28,24.7,31.3,2,5.1,24.18
2010-06-29,24.8,30.9,10.5,3.9,21.93
2010-06-30,25.3,30.5,1.7,3.9,24.92
2010-07-01,26,31.8,0,5.4,26.06
2010-07-02,25.7,31.3,0,7,27.91
2010-07-03,24.9,29.3,0.7,4.6,25.52
2010-07-04,24.9,29.4,8.4,4.5,19.99
2010-07-05,25.6,31.3,0,3.9,26.08
2010-07-06,25.6,30.3,0.3,5.2,24.81
2010-07-07,26.1,31.2,0,4.5,27.39
2010-07-08,26.8,32.3,0,6.1,27.4
2010-07-09,27.4,32,0,8.1,26.27
2010-07-10,26.1,30.9,0,5.2,25.48
2010-07-11,27.4,32.9,0.1,5.6,26.66
2010-07-12,28.2,34.2,0,9.4,26.17
2010-07-13,27.5,31.9,0,7.6,27.95
2010-07-14,27,32.8,0,10.5,27.7
2010-07-15,26.3,30.4,0.2,7.1,22.64
2010-07-16,26.3,32.8,0,6,26.91
2010-07-17,26.1,31.2,4.8,5.2,21.71
2010-07-18,25.9,32.4,0,7,26.3
2010-07-19,25.9,30.9,1,4.8,23.65
2010-07-20,26.8,31.7,0,6.3,24.57
2010-07-21,26.2,31.7,0,9.5,27.27
2010-07-22,24.3,27.8,0.1,7.7,19.96
2010-07-23,22.4,25,11.2,6,13.71
2010-07-24,22.5,26.4,1.4,4.9,19.9
2010-07-25,23,28.1,3.9,3.5,22.87
2010-07-26,23.9,29.2,3.9,5.5,22.03
2010-07-27,24.9,30.7,1.3,4.1,22.18
2010-07-28,26.2,31,0,4.9,24.22
2010-07-29,24.3,28.1,3.4,5,21.11
2010-07-30,22.6,25,10.2,4.6,12.67
2010-07-31,24.6,29.4,0.4,4.7,18.36
2010-08-01,25,30.4,0.4,6.8,23.44
2010-08-02,24.3,29.9,3.9,6.3,19.52
2010-08-03,22.8,26.2,4.8,4.3,17.85
2010-08-04,22.5,25.7,3.9,4.4,13.39
2010-08-05,22.7,26.3,13.2,4.8,19.45
2010-08-06,21.8,25.9,8.8,4.4,17.54
2010-08-07,23.4,30,0,3.9,26.04
2010-08-08,24.9,30.4,0,6.3,23.91
2010-08-09,24.6,29.1,4.9,4,17.4
2010-08-10,24.9,29.8,0,5.2,20.34
2010-08-11,25.1,30,0.9,4.3,20.27
2010-08-12,23.2,28.7,27.4,4.5,15.64
2010-08-13,20.6,23.9,11.1,4.6,15.06
2010-08-14,20.9,24.8,8,5.2,18.05
2010-08-15,19.5,23.9,3.9,4.8,14.56
2010-08-16,20.5,26.2,0,4.5,20.34
2010-08-17,22.4,29.2,0,5.9,22.77
2010-08-18,23.9,28.6,1.6,5,19.11
2010-08-19,23.4,28,0.2,6,18.89
2010-08-20,24.2,28,2.3,5.5,19.06
2010-08-21,26.4,33.5,0,4.8,23.97
2010-08-22,27.2,34.3,0,9.3,24.11
2010-08-23,26.2,32.2,0,7.1,22.38
2010-08-24,25.7,30.4,0.2,7,17.9
2010-08-25,25.7,31.3,0,5,22.45
2010-08-26,27.2,34,0,13,23.69
2010-08-27,26.6,32.6,0,7.5,22.04
2010-08-28,24.2,27.8,1.8,6.2,17.7
2010-08-29,22,26.1,7.9,6.4,14.12
2010-08-30,21.6,25.2,3,5.4,15.43
2010-08-31,20.8,25.7,1.6,7.1,14.26
2010-09-01,20.8,26.4,0,6.3,17.14
2010-09-02,21.6,24.2,0.6,6,10.27
2010-09-03,22.4,28.5,0,4.8,18.45
2010-09-04,23,27.9,0,4.9,16.78
2010-09-05,23.6,29.4,0,4.8,19.16
2010-09-06,24.1,30.9,0,11.3,20.88
2010-09-07,23.6,27.5,1.9,13,16.13
2010-09-08,19.1,21.9,4.3,5.1,13.48
2010-09-09,19.5,25.4,1.7,5.4,16.83
2010-09-10,19.9,24.9,0.8,4.5,15.24
2010-09-11,20.8,27.8,0,4.5,19.88
2010-09-12,21.6,27.7,0.3,3.8,18.64
2010-09-13,21.4,26.9,1.4,4.1,16.62
2010-09-14,21.3,27.1,2.1,4.4,15.69
2010-09-15,22.1,29.7,0,4.7,19.24
2010-09-16,22.3,27.5,2,4.7,13.65
2010-09-17,18.7,21.3,17,6.2,7.93
2010-09-18,18,20.7,16,7,10.14
2010-09-19,18.8,23.2,3,5.7,12.67
2010-09-20,18.2,23.5,1.4,5.3,9.32
2010-09-21,18.8,20.3,20.9,4.9,4.85
2010-09-22,18.8,24.7,0,5.1,17.59
2010-09-23,19.7,24.8,0.7,5.9,9.45
2010-09-24,19.1,24.5,42.6,5.2,12.53
2010-09-25,17.1,22.2,9.4,4.1,15.54
2010-09-26,15.1,19.1,4.5,6.6,9.04
2010-09-27,13.9,17.2,0.7,4.1,8.21
2010-09-28,15.4,19.8,0,3.9,12.09
2010-09-29,16.4,22.3,0,4.1,15.25
2010-09-30,16.9,23.1,0.3,4.8,15.83
2010-10-01,17.3,21.7,1.3,3.5,8.4
2010-10-02,18.4,23.7,0.7,6.3,11.96
2010-10-03,19.9,24.8,0,11.8,14.84
2010-10-04,21.2,24.4,0,11.8,14.9
2010-10-05,18.4,23.5,0.3,6.3,10.49
2010-10-06,18.4,25.6,0,8.7,16.87
2010-10-07,19.3,22.6,0,6.7,14.07
2010-10-08,20.1,23.1,2,6.5,6.81
2010-10-09,20.2,23.7,5,6.8,8.47
2010-10-10,18.4,19.8,31.5,5,3.62
2010-10-11,16.1,18.2,13.8,8.3,5.66
2010-10-12,16.2,17.1,48.5,20.9,3.18
2010-10-13,16.4,19.3,33.4,15.4,7.33
2010-10-14,15.6,18.1,4.9,4.7,7.17
2010-10-15,14.6,18.1,2.1,3.8,10.99
2010-10-16,13,17.2,1.5,5,11.94
2010-10-17,11.7,15.8,13.3,6.2,10.23
2010-10-18,10.7,16.9,0,9.1,15.03
2010-10-19,11.4,19,0,5.1,14.85
2010-10-20,12.3,17.8,0,4.7,11.34
2010-10-21,12.3,17.1,0,4.3,9.17
2010-10-22,13.1,20.8,0,4.9,12.72
2010-10-23,14.8,20.2,0,4.1,8.99
2010-10-24,15.3,20.6,0.3,6.2,10.45
2010-10-25,11.8,14.6,0,18.2,12.59
2010-10-26,11.2,17.6,0,8.7,14.09
2010-10-27,10.4,19,0,4.2,12.48
2010-10-28,11.7,20.7,0,4.3,10.65
2010-10-29,13,19.8,0,11,11.87
2010-10-30,15.2,18.5,0.4,10.1,7.32
2010-10-31,15.1,19.3,0.5,11.7,10.02
2010-11-01,12.9,17.1,0.6,5.2,8.63
2010-11-02,15.3,21.4,0,8,10.97
2010-11-03,14.3,21.1,0,5.2,11.65
2010-11-04,15.1,23,0,4.1,11.57
2010-11-05,14.7,19.9,0,4,11.47
2010-11-06,13.5,20.4,0,3.6,11.43
2010-11-07,12.2,14.4,24.1,5.1,3.37
2010-11-08,8.8,11.4,10.8,13,5.5
2010-11-09,10.4,16.6,0,10.1,10.44
2010-11-10,10.9,16.1,0.6,5.6,10.16
2010-11-11,9.7,15.9,1,5.5,10.56
2010-11-12,13.5,21.3,0,5,9.71
2010-11-13,12.9,20.8,0,9.1,10.23
2010-11-14,14.5,20.1,0,11.8,9.29
2010-11-15,12.4,14.3,8.4,5.2,5.5
2010-11-16,9.6,16.2,0,5.2,10.02
2010-11-17,7.7,13.1,2.3,4,6.03
2010-11-18,9.4,13.9,0,5.3,8.83
2010-11-19,7.6,12.8,0,5.5,6.62
2010-11-20,8.7,12.3,2.4,12.7,5
2010-11-21,7.9,13.5,0,5.8,8.42
2010-11-22,7.8,13.3,4.3,3.2,7.81
2010-11-23,7.8,12.8,0.5,3.6,7.62
2010-11-24,6.8,12.4,0.7,3.6,8.56
2010-11-25,5.7,11.8,0,4.8,8.17
2010-11-26,5.5,10.3,0.2,5.6,8.71
2010-11-27,5.2,10.5,1.9,6.7,7.03
2010-11-28,6.5,9.2,5.4,8.5,2.77
2010-11-29,3.2,7.7,2.6,3.6,4.76
2010-11-30,6.6,9.1,16.6,7.5,1.18
2010-12-01,6.1,11.2,0,5.7,7.94
2010-12-02,4.2,8.7,2.9,3,6.31
2010-12-03,3.1,7.8,0,4.5,8.18
2010-12-04,3.7,10.3,0,6.3,8.56
2010-12-05,7.7,10.8,1.2,19,3.19
2010-12-06,13,17.2,1.1,16,6.15
2010-12-07,13.7,19.3,0,11,7.17
2010-12-08,16.9,19.6,0,16.9,7.86
2010-12-09,11.6,14.3,2.8,4.6,2.24
2010-12-10,8.7,13.8,0.6,4.1,5.82
2010-12-11,7.4,16.3,0,4.6,8.41
2010-12-12,8.3,16.6,0,4,8.01
2010-12-13,7.1,10.9,0,4.6,7.58
2010-12-14,6,9.5,0.3,7.1,5
2010-12-15,2.7,7.2,0,12.6,8.25
2010-12-16,3.6,8.7,0,7.3,8.11
2010-12-17,4.5,9,1.9,6.5,4.87
2010-12-18,2.8,7.2,7.4,5.3,3.41
2010-12-19,5.3,12.7,0,6.3,6.39
2010-12-20,6,13,0,3.2,7.92
2010-12-21,6.6,10.3,2.3,9,2.72
2010-12-22,10.8,15.1,7.1,8.8,4.97
2010-12-23,11.6,15.1,3.7,4.9,4.87
2010-12-24,7.2,8.9,13.1,4.2,2.94
2010-12-25,4.4,9.8,0,5.3,7.83
2010-12-26,3,10.1,0,7.8,8.61
2010-12-27,2.3,9.2,0,5.9,8.1
2010-12-28,4.9,11.7,0,4.1,7.58
2010-12-29,6.8,11.8,0,4.1,5.22
2010-12-30,8.8,11.8,0.1,4.4,2.91
2010-12-31,9.8,12.5,0.4,3.2,4.47
2011-01-01,8.7,12,0,5.2,5.26
2011-01-02,7.8,11.2,0.1,3.5,4.18
2011-01-03,5.4,8.4,0.1,3.3,5.03
2011-01-04,6,9.1,0,2.8,5.48
2011-01-05,6.5,11,0,4.4,6.75
2011-01-06,10.1,15.6,0,10.9,6.76
2011-01-07,12.6,16.9,0,12.4,6.98
2011-01-08,12.4,17.4,0,12.8,8.41
2011-01-09,10.9,16.1,3.6,6.8,6.12
2011-01-10,9.4,13.8,1,4.2,6.39
2011-01-11,8.1,14.5,0.1,4.1,7.23
2011-01-12,9.1,15.5,0,4.1,8.03
2011-01-13,10.3,17.2,0,3.8,8.61
2011-01-14,9.6,17.9,0,4,9.04
2011-01-15,9.5,18.3,0,4.6,9.19
2011-01-16,8.8,17,0,4.5,9.04
2011-01-17,9.1,13.4,0,3.6,8.1
2011-01-18,8.6,15.4,0,3.1,9.14
2011-01-19,9.1,13.9,0,3.2,6.05
2011-01-20,7.5,11.2,0.9,9.2,7.43
2011-01-21,4.1,6.4,0,18.5,10
2011-01-22,1.6,6.2,0,9.2,10.26
2011-01-23,1.1,7.1,0,3.9,10.34
2011-01-24,1.7,8.4,0,3.1,10.47
2011-01-25,2.6,9.8,0,3.5,10.5
2011-01-26,2.6,10.2,0,4.2,10.2
2011-01-27,4.1,8.9,2.6,7.4,6.88
2011-01-28,7.1,9.9,10.7,8,4.17
2011-01-29,7.3,11.1,24.2,5.6,5.65
2011-01-30,5.6,9.4,1,7.7,8.16
2011-01-31,6.3,9.9,2.2,12.1,9.97
2011-02-01,5.8,11.7,0,8.8,11.39
2011-02-02,6.9,15.1,0,11,11.6
2011-02-03,8.3,16.1,0,8.5,11.6
2011-02-04,9.2,17.2,0,5.1,11.67
2011-02-05,10.1,18.9,0,3.5,11.72
2011-02-06,9.4,19.4,0,3.3,12.35
2011-02-07,8.7,15,0,3.9,9.69
2011-02-08,8.5,14,0,4.2,11.1
2011-02-09,7.5,14.9,0,3.8,12.45
2011-02-10,7.5,15,0,4.8,12.65
2011-02-11,8.7,15.5,0,5.6,11.96
2011-02-12,8.8,14.6,0,4.7,11.73
2011-02-13,9.5,14.9,0,12.1,13.02
2011-02-14,8.6,10.2,3.4,6.8,3.33
2011-02-15,9.1,12.7,0,8.7,8.31
2011-02-16,9.8,15,0,8.2,12.44
2011-02-17,8.2,11.1,4.8,9.3,8.09
2011-02-18,10.2,16.7,0.9,7.3,13.7
2011-02-19,9.6,15.3,0.2,3.7,12.39
2011-02-20,11.3,15.3,1.4,4,11.28
2011-02-21,10.3,15.1,2.8,4.2,12.74
2011-02-22,10,15.8,0.5,7.1,11.53
2011-02-23,10.3,16.1,0.7,6.3,12.26
2011-02-24,12,16.3,0,4.8,10.75
2011-02-25,12.3,20.1,0,6,14.31
2011-02-26,11.2,15.5,0,5,12.43
2011-02-27,10.3,13.6,4.6,9.6,13.92
2011-02-28,7.4,11.9,0,9.9,15.02
2011-03-01,8.4,13.9,0,12.8,16.25
2011-03-02,8.3,12.2,0,6.1,13.06
2011-03-03,6,7.3,5.4,4.5,6.92
2011-03-04,7.6,10.7,5.3,11.1,8.43
2011-03-05,9.4,15.5,0.1,5.9,14.49
2011-03-06,9.4,17.4,0,5.5,17.32
2011-03-07,9.2,16.5,0,6.2,17.4
2011-03-08,9.7,11.7,1.6,8,10.67
2011-03-09,8.8,14.1,0,5,12.82
2011-03-10,9.7,16.9,0,5.5,16.73
2011-03-11,9.6,15.6,0,6.7,16.48
2011-03-12,11.1,12.5,42.6,10.1,1.48
2011-03-13,13,17.4,9.6,5.4,14.49
2011-03-14,11.8,13.6,18.4,7.6,5.22
2011-03-15,12.5,13.1,34.8,10.8,2.82
2011-03-16,11.3,13.4,5.8,5.6,5.4
2011-03-17,12.1,18.4,2.2,4.9,14.82
2011-03-18,13.3,20.7,0,5.5,19.36
2011-03-19,13,18.8,2.9,5,15.34
2011-03-20,11.3,15.1,0.1,7.4,16.65
2011-03-21,10.6,16.1,0,4.9,14.31
2011-03-22,9.1,12.9,4.7,9,15.03
2011-03-23,9.9,15.8,0,9.2,20.66
2011-03-24,10.2,16.8,0,6.6,21.07
2011-03-25,11.3,17.8,0,8.5,19.81
2011-03-26,12.7,18.6,0,6.3,17.32
2011-03-27,14.8,19.6,0.6,11.5,14.09
2011-03-28,13.5,18.1,3.3,5.4,17.63
2011-03-29,12.6,17,3.7,4.6,12.86
2011-03-30,12.8,17.7,1.9,5.6,15.42
2011-03-31,15.3,21.7,0,4.2,19.87
2011-04-01,16.6,23.5,0,5.8,21.49
2011-04-02,17,23,0,13.2,22.87
2011-04-03,16.9,23.5,0.3,7.1,18.69
2011-04-04,16.5,21,0,4.7,15.84
2011-04-05,17.5,24.2,0,4,22.53
2011-04-06,17.1,23.2,0,5.1,23.11
2011-04-07,17,24.6,0,4.8,23.53
2011-04-08,20.2,29.1,0,4.8,23.7
2011-04-09,20.3,25.9,0,5.3,23.52
2011-04-10,19.5,26.9,1.5,4.6,21
2011-04-11,18.7,25.4,0.1,8.4,23.46
2011-04-12,17.6,23.2,0.2,5.8,22.84
2011-04-13,15.2,20.6,0.3,5.4,18.22
2011-04-14,13.3,16.9,0,7.3,18.46
2011-04-15,13.3,17.9,0.1,6.8,18.6
2011-04-16,12.9,18.4,0,5.6,18.87
2011-04-17,14.1,20,0.1,8.1,21.11
2011-04-18,14.3,20.5,0,11.7,26.04
2011-04-19,12.7,18,0,7.3,22.79
2011-04-20,13.7,18.4,0,7.1,16.01
2011-04-21,14.1,18.6,0.4,8.6,20.45
2011-04-22,13.1,16.1,7.5,12.9,8.99
2011-04-23,14.7,18.4,8.7,8,14.77
2011-04-24,15.1,17.6,2.9,9.3,16.26
2011-04-25,16.9,21.4,0.1,9.8,22.71
2011-04-26,18.4,24.1,0,7.4,24
2011-04-27,17.7,23.3,0.3,6,23.68
2011-04-28,14.7,18.1,12.6,4.6,14.68
2011-04-29,13.9,17.9,3.1,7,18.99
2011-04-30,14.2,18.3,2.1,9.2,18.99
2011-05-01,15.4,21.2,0,8,21.23
2011-05-02,14.7,18.2,1.4,6.9,18.41
2011-05-03,16,23.2,4.6,4.2,22.83
2011-05-04,16.5,21.7,3.1,4.9,21.65
2011-05-05,17.4,22.6,0.5,6.5,21.36
2011-05-06,17.3,21.6,0,7.9,25.84
2011-05-07,16.1,18.9,3.1,6.2,14.34
2011-05-08,17.8,21.9,1.8,6.3,14.59
2011-05-09,18.3,22.6,0,7,22.47
2011-05-10,18.4,22.7,0,6.1,25.66
2011-05-11,18.6,24.5,0,5.4,26.01
2011-05-12,19.5,24.6,1.2,4.2,23.22
2011-05-13,20.9,26,0.9,5.6,23.32
2011-05-14,18.3,23,14.8,7.4,20.97
2011-05-15,16.3,20.4,19.3,7.7,19.02
2011-05-16,16.8,22.3,0,5.3,22.23
2011-05-17,18.3,24.5,0,5.6,26.51
2011-05-18,17.5,22.7,0,7.4,28.25
2011-05-19,17,21.9,0,5.7,20.31
2011-05-20,17.7,23.7,0,7.8,28.98
2011-05-21,18.7,24.7,0,7,27.3
2011-05-22,20.2,27.8,0,6.1,27.07
2011-05-23,21.6,28.5,0,6.4,28.66
2011-05-24,23,30.5,0,8,28.5
2011-05-25,22.5,28.5,0,5.6,28.31
2011-05-26,21.8,26.9,0,6.7,25.71
2011-05-27,19.3,21.2,0,7.5,16.34
2011-05-28,19.4,23.9,0,4.9,21.44
2011-05-29,20.6,27,0,6.6,27.63
2011-05-30,21.2,25.5,0.1,10.9,27.37
2011-05-31,18.5,21.4,12.9,6.3,14.95
2011-06-01,16.4,21,3.7,13.2,21.06
2011-06-02,15.3,18.3,3,14.7,20
2011-06-03,17.5,20.7,0.9,9.3,22.9
2011-06-04,16.7,19.5,15.1,6.7,15.16
2011-06-05,16.9,21.2,3.6,5.7,21.78
2011-06-06,18.5,23.3,0.3,6.4,20.22
2011-06-07,18.5,24,11.4,7.2,20.04
2011-06-08,17.3,20.1,11.6,3.9,12.13
2011-06-09,17.9,21.4,4.5,6.2,15.61
2011-06-10,17.6,19.9,10.8,4,7.97
2011-06-11,17.7,20.7,6.6,4.6,14.21
2011-06-12,20.4,25.5,0.6,6.4,19.83
2011-06-13,21.8,25.8,0.6,3.9,22.63
2011-06-14,22.4,27.2,2,5.1,20.64
2011-06-15,23.5,28.9,0,6.1,23.81
2011-06-16,23.5,28.8,0,5.7,23.2
2011-06-17,23.4,27.9,0,9.3,24.21
2011-06-18,20.9,23.8,1.3,8.9,16.06
2011-06-19,19.4,24.1,0.3,5.4,18.82
2011-06-20,22.8,29.2,0,5.5,26.44
2011-06-21,25,30.7,0,8.9,28.14
2011-06-22,23.9,30.2,0,9,26.83
2011-06-23,21.9,26,0.5,6.9,20.48
2011-06-24,21.6,26.3,0.3,5.5,20.79
2011-06-25,24.2,30.2,0,4.4,29.04
2011-06-26,24.8,30.7,0,6.5,29.04
2011-06-27,25.1,31.4,0,9.2,29.67
2011-06-28,24.9,29.7,0,5.8,28.32
2011-06-29,25.3,30.7,0,4.9,25.52
2011-06-30,23,27.1,2.9,5,19
2011-07-01,24,27.7,0.3,4.9,23.67
2011-07-02,23.5,28.8,0.8,5,22.15
2011-07-03,23.1,27.2,0,6.5,23.57
2011-07-04,22.9,25.7,1.4,8.4,20.6
2011-07-05,25.3,32.4,0,5.4,26.5
2011-07-06,24.5,28.3,0.1,7,23.3
2011-07-07,24.6,30.4,0,6.2,25.53
2011-07-08,24,29.1,0.6,8.4,21.99
2011-07-09,24.7,30.8,0,5.8,27.45
2011-07-10,24.1,28.7,0,5.7,25.47
2011-07-11,25.5,30.8,0,6.1,26.12
2011-07-12,23.8,26.9,0,5.4,16.17
2011-07-13,22.9,26.1,11.8,5.3,19.11
2011-07-14,20.2,23.1,20,4.1,11.98
2011-07-15,21.9,26.4,8,5.4,16.78
2011-07-16,23.7,29.5,0.7,8.3,24.03
2011-07-17,20.6,25.1,12.5,9.1,11.57
2011-07-18,19.5,23.6,0.3,5.6,17.02
2011-07-19,19.7,23.3,25.5,7.4,17.33
2011-07-20,19.3,24.1,0.1,5.5,19.8
2011-07-21,20.2,24.9,2.4,5.7,14.91
2011-07-22,20,22.7,1.2,3.6,13.4
2011-07-23,20.2,23.7,7.6,4.7,18.72
2011-07-24,20.1,23.3,3.7,5.3,18.26
2011-07-25,20.7,26.3,3.9,4.2,14.27
2011-07-26,20.8,24,33.7,4.4,10.48
2011-07-27,21.3,24.8,24.9,3.5,17.08
2011-07-28,21.7,26,3.6,3.8,16.73
2011-07-29,22,24.1,1.2,4.2,16.71
2011-07-30,22.4,26.2,2.1,4.4,17.96
2011-07-31,21.5,25.9,2.8,5.1,18.59
2011-08-01,22.7,27.8,0,7.2,23.18
2011-08-02,24,28.5,0,9.9,26.11
2011-08-03,23.2,26.6,1.5,6.6,19.43
2011-08-04,24.5,29.7,0,4,22.4
2011-08-05,24.9,29.5,0.1,4.8,22.94
2011-08-06,25.3,30.2,0,13.1,22.83
2011-08-07,22.8,24.7,0.2,4.9,13.53
2011-08-08,21.1,23.3,2.6,5.4,11.02
2011-08-09,20.5,24.4,0.7,5.6,18.32
2011-08-10,21,26,0.1,4.9,20.95
2011-08-11,21.3,27.9,0,6,25.87
2011-08-12,23.5,29.6,0,6.1,24.53
2011-08-13,24.8,30.5,0,4.7,23.84
2011-08-14,24.3,28.9,2.8,5.4,18.76
2011-08-15,24.6,29.1,0.5,4.8,18.97
2011-08-16,25.8,30.8,0,4.8,22.39
2011-08-17,25.9,31.9,0,7,24.36
2011-08-18,25.2,30.9,0,7.4,23.68
2011-08-19,25.7,32.1,0,4.4,24.18
2011-08-20,26.6,34.2,0,5.4,24.83
2011-08-21,27.1,35.1,0,7.9,25.25
2011-08-22,26.6,34.2,0,6.8,25.05
2011-08-23,24.5,29.7,0,6.1,24.4
2011-08-24,25.6,29,0.1,5.5,18.78
2011-08-25,25.6,29.7,1.2,5.2,16.01
2011-08-26,24.5,32.4,4,9.1,20.12
2011-08-27,20.1,25,0.6,4.8,18.3
2011-08-28,21.7,28.3,0,3.7,22.41
2011-08-29,22,26.8,1.4,4.6,16.84
2011-08-30,22.9,27.7,1.3,5.6,16.46
2011-08-31,24.4,29.8,0.2,8.4,20.08
2011-09-01,24.4,29.5,0,6,21.74
2011-09-02,24.1,29.4,0.7,6,18.13
2011-09-03,23.6,28.4,0.4,7.1,13.6
2011-09-04,22.4,26.6,6.1,4,13.9
2011-09-05,21.8,25.3,3.6,4.9,12.14
2011-09-06,22.6,27.6,0,3.7,19.72
2011-09-07,22.4,28.9,0,4.9,20.18
2011-09-08,23.8,29.4,0,4.1,20.69
2011-09-09,25,31.4,0,5.9,20.98
2011-09-10,25.1,32.1,0,10.2,20.95
2011-09-11,24.8,31.2,0,8.8,17.66
2011-09-12,25,30.1,0.4,2.9,16.24
2011-09-13,24.5,30.5,0,3.6,20.29
2011-09-14,24.8,30.6,0,4.7,18.09
2011-09-15,23.6,29,0,4.9,19.54
2011-09-16,24.2,30.3,0.4,4.6,18.06
2011-09-17,23.8,28.9,0,5.4,17.01
2011-09-18,17.9,22,25.4,6.9,4.58
2011-09-19,16.4,21.9,0,4.4,16.39
2011-09-20,18.4,24.9,0,4.6,19.05
2011-09-21,19.2,25.6,0,4.8,18.62
2011-09-22,20.9,27.9,0,4.2,19.05
2011-09-23,20.9,26.6,0,4.4,18.58
2011-09-24,19.6,22.5,5.6,4.6,9.09
2011-09-25,20.2,25,0.5,4.4,14.62
2011-09-26,20.2,27.4,0,4.6,18.31
2011-09-27,20.7,28.4,0,5.3,17.85
2011-09-28,20.6,27.2,0,5.4,18.36
2011-09-29,19.6,26,0,7.8,17.83
2011-09-30,19.4,25.7,0,6.8,17.45
2011-10-01,19,25.3,0,6.4,17.78
2011-10-02,18.9,27.5,0,3.7,18.09
2011-10-03,19.9,28.6,0,5.1,17.53
2011-10-04,20.4,30.3,0,5.1,17.55
2011-10-05,20.3,28.7,0,4.9,17.15
2011-10-06,20.1,26.9,0,4.3,16.84
2011-10-07,18.5,22.2,0,12.7,11.85
2011-10-08,16.3,22.8,0,9.5,16.04
2011-10-09,17.5,24.7,0,4.3,15.99
2011-10-10,20.7,29.6,0,4.5,15.99
2011-10-11,21.7,30.9,0,4.4,16.1
2011-10-12,21.6,30.6,0,4.4,16.06
2011-10-13,20.6,26.7,0,4.2,15.76
2011-10-14,18.2,23.8,0,7.4,14.86
2011-10-15,15.7,20.6,0,6.7,14.73
2011-10-16,16,22.7,0,4.8,13.93
2011-10-17,15.6,22.6,0,5.5,12.61
2011-10-18,16.7,24.2,0,4.9,12.69
2011-10-19,16.8,23.8,4.1,8.3,11.47
2011-10-20,13.6,18.5,7.8,9.6,9.3
2011-10-21,11.2,16.9,0,4.8,12.88
2011-10-22,12.6,17.5,1.3,5,3.56
2011-10-23,14.8,20.1,7.8,7.4,8.92
2011-10-24,16.5,20.6,14.7,9.7,5.09
2011-10-25,15.8,21,0.1,9,13.55
2011-10-26,12.9,20,0,8,13.44
2011-10-27,16.2,19.2,9.8,8,4.63
2011-10-28,15.8,18.2,17.2,7,5.71
2011-10-29,16.3,18.9,3.2,9.2,4.91
2011-10-30,16.6,21.9,0,5.6,11.65
2011-10-31,15.9,20.4,0.4,5.3,7.89
2011-11-01,17.5,22.2,0,8.3,9.01
2011-11-02,17.6,21.5,1.1,13,7.53
2011-11-03,18.8,20.6,15,18,3.91
2011-11-04,16.1,17.6,32.3,8.9,2.22
2011-11-05,14.5,16.3,12.4,6,3.29
2011-11-06,14,15,19.6,19.5,4.86
2011-11-07,15,17.7,2.9,15.2,8.09
2011-11-08,14.6,18.8,0.3,8,9.76
2011-11-09,13.9,19.3,0,5.8,10.15
2011-11-10,14.6,20.7,0,6.2,9.81
2011-11-11,14.7,20.9,0,6.2,10.34
2011-11-12,16.1,20.1,0.9,5.7,6.74
2011-11-13,15.2,17.1,4.8,5.8,4.31
2011-11-14,14,17.5,1.6,5.2,5.8
2011-11-15,13.8,15.8,24.9,7.9,2.9
2011-11-16,13.9,15.5,24.9,8.1,2.15
2011-11-17,13.2,16.8,0,4.6,6.81
2011-11-18,11.9,16.8,0,3.4,8.29
2011-11-19,12.2,17.7,0.9,4.6,7.97
2011-11-20,14,16.4,3.6,5,4.14
2011-11-21,14,14.9,14.1,9.6,2.22
2011-11-22,14.2,14.5,14,17.3,1.56
2011-11-23,14.3,19.5,0,7.8,9.36
2011-11-24,11.1,17.2,0,5.8,9.3
2011-11-25,9.9,16.4,0,4.3,9.37
2011-11-26,9.7,16.7,0,3.9,9.23
2011-11-27,8.5,13.8,0,4.5,8.01
2011-11-28,9.1,13.2,0,4.7,8.12
2011-11-29,11.4,17.7,0,7,6.93
2011-11-30,10.5,17.3,0,5.5,8.73
2011-12-01,10.7,17.7,0,10.8,8.67
2011-12-02,11.7,15.9,0,11.4,7.21
2011-12-03,10.3,14.7,0,5.3,6.35
2011-12-04,11.3,17.2,0,4.5,6.67
2011-12-05,10.9,16.1,0,4.8,6.13
2011-12-06,11.2,15,0.4,3,4.5
2011-12-07,11.4,17.2,0,3.7,7.93
2011-12-08,10.2,16.6,0,3.9,7.33
2011-12-09,7.7,14.7,0,4.3,6.35
2011-12-10,8.3,15,0,4.4,7.91
2011-12-11,7.9,14,0,3.9,7.84
2011-12-12,8.6,15.4,0,5.5,7.7
2011-12-13,8.1,14.5,0,5.6,7.59
2011-12-14,9.8,15.3,0.7,6.6,7.3
2011-12-15,9.2,14.5,0,6,7.35
2011-12-16,11.1,15.6,0.1,18.9,6.54
2011-12-17,7.3,12.2,0.8,3.9,7.11
2011-12-18,5.5,11.2,0.7,7.3,7.43
2011-12-19,4.5,10.8,0,4.2,6.31
2011-12-20,7.3,13.6,0,5.5,4.54
2011-12-21,9.1,15,0,4.6,4.8
2011-12-22,10.8,17.6,0,6.1,7.89
2011-12-23,9.3,17,0,4.4,8.07
2011-12-24,8.7,14.1,0,5.4,6.75
2011-12-25,6.7,13.5,0,5.9,8.08
2011-12-26,4.8,12.1,0,5,8.07
2011-12-27,5.8,13.5,0,7.8,6.19
2011-12-28,5.8,14.1,0,3.9,8.17
2011-12-29,6.6,13.6,0,5.3,8.18
2011-12-30,7.4,15.6,0,4.9,8.01
2011-12-31,9.9,17.8,0,4.3,6.64
2012-01-01,10.2,18.2,0,4.8,7.64
2012-01-02,10.2,14.2,3.7,6.4,4.55
2012-01-03,8,14.3,0.9,4,7.56
2012-01-04,7.6,15.2,0,4.5,8.06
2012-01-05,7.5,12.9,0,4.5,4.04
2012-01-06,9.8,13.8,2.6,9.2,6.41
2012-01-07,6.7,15.4,0,4.8,8.67
2012-01-08,7.1,13.8,0,4.2,8.4
2012-01-09,7.2,14.2,0,4.6,8.62
2012-01-10,6.1,14.5,0,4.3,8.85
2012-01-11,5.3,12.8,0,3.1,8.86
2012-01-12,5.3,13.3,0,3.7,8.84
2012-01-13,5.4,13.2,0,2.7,9.16
2012-01-14,4.6,9.7,0,3.7,8.96
2012-01-15,3.5,9.8,0,4,7.91
2012-01-16,5,9.6,3.9,7.7,6.83
2012-01-17,8.8,11.7,2.9,8,5.72
2012-01-18,5.6,12.4,0,3.4,7.29
2012-01-19,6.2,15.5,0,3.8,9.09
2012-01-20,9.3,18.1,0,4,9.31
2012-01-21,8.8,17.1,0,6,9.59
2012-01-22,9,17.2,0,4.1,9.77
2012-01-23,8.9,16.2,0,3.9,9.81
2012-01-24,9,14.9,0,4,9.13
2012-01-25,7.7,15.8,0,4,10.08
2012-01-26,6.6,13,0,4.5,9.51
2012-01-27,8.3,12.6,0,6.5,8.02
2012-01-28,6.5,8.8,4.3,5,4.37
2012-01-29,3.3,7.4,2.6,11.5,7.13
2012-01-30,4.7,11,0,6,11.34
2012-01-31,4.3,9.5,0,5.3,7.14
2012-02-01,3.4,6,5.1,4.6,4.32
2012-02-02,1.2,3.7,1.3,11.8,7.5
2012-02-03,0.5,4.2,0.1,14,10.52
2012-02-04,-0.5,2.8,0,17.9,12
2012-02-05,-0.1,5.3,0.7,6.3,8.17
2012-02-06,3.3,9.7,0,12.6,11.99
2012-02-07,4.1,8.1,0,21.6,12.85
2012-02-08,1.1,5.2,0,8.3,12
2012-02-09,2.8,8.8,0,4.7,12.88
2012-02-10,3.2,9,0,10.6,12.57
2012-02-11,0.5,5.8,0,9.5,13.01
2012-02-12,0,5.2,0,8.9,11.33
2012-02-13,1.9,8.6,0,6.2,13.54
2012-02-14,3.7,8.9,0.1,6.9,10.53
2012-02-15,5.8,13.3,0.1,5.7,13.32
2012-02-16,8.4,16.2,0,8.3,13.6
2012-02-17,7.3,12.5,0,4.8,9.99
2012-02-18,7.4,14.2,0,4.2,13.3
2012-02-19,8.1,13.8,0.9,3.9,11
2012-02-20,7.1,13,0.2,11.5,14.31
2012-02-21,6.1,12.4,0,8.3,14.71
2012-02-22,7.6,16.7,0,5.9,15.27
2012-02-23,10.1,21.4,0,5.6,15.51
2012-02-24,11.1,18.4,0,5,14.76
2012-02-25,10.3,16.3,0,3.7,13.31
2012-02-26,13.2,22.7,0,6.8,15.72
2012-02-27,10.8,16.1,0,5.6,13.08
2012-02-28,9.8,16.8,0,4.6,15.28
2012-02-29,10.2,19.3,0,4.8,16.29
2012-03-01,11.4,19.3,0,5.4,16.32
2012-03-02,11.5,19,0,9.3,17.04
2012-03-03,11.2,16.4,0.6,5.5,14.28
2012-03-04,11.1,17.5,0,4.9,13.15
2012-03-05,9.9,14.4,1.4,11.6,13.42
2012-03-06,7.8,13.9,0.1,7.8,15.17
2012-03-07,8.6,15.3,0,8,17.97
2012-03-08,9.3,13.9,0,17,18.2
2012-03-09,9.7,14.5,0,17,18.34
2012-03-10,10.9,18.3,0,7.1,18.59
2012-03-11,11.9,21,0,5.8,18.65
2012-03-12,12.9,21.1,0,4.8,18.78
2012-03-13,13.7,21,0,5.2,18.97
2012-03-14,13.5,20.9,0,4.9,19.3
2012-03-15,12.6,18.9,0,4.4,19.41
2012-03-16,13.1,20.2,0,8.9,20.15
2012-03-17,12.7,18.9,0,6.2,18.58
2012-03-18,12.3,19.2,0.5,7.3,16.96
2012-03-19,9,13.9,2.1,4.8,14.3
2012-03-20,9,14,3.1,13.8,15.07
2012-03-21,10.6,12.8,17.3,10.3,4.39
2012-03-22,11.2,12.8,16.1,5.2,5.26
2012-03-23,10.3,16.6,0,5.8,17.12
2012-03-24,12.3,18.9,0,6,21.12
2012-03-25,13.9,22.5,0,5.4,21.21
2012-03-26,14.3,19.4,0.3,7,20.35
2012-03-27,14.4,21,0,7.6,21.63
2012-03-28,14.3,22.2,0,5.9,22.16
2012-03-29,14.7,22.6,0,6.1,21.85
2012-03-30,16.9,25.9,0,6.8,22.37
2012-03-31,15.9,22,0,5.1,22.56
2012-04-01,15.7,21.4,0,5.5,21.61
2012-04-02,14.4,19.4,0,6.2,21.57
2012-04-03,13.1,15.7,5.6,4.3,11.44
2012-04-04,12,13.6,5.7,6.6,6.81
2012-04-05,12.9,16.4,0.9,5,17.31
2012-04-06,13.5,17.5,0.5,10.6,17.65
2012-04-07,12.1,17.4,0.4,6.1,21.64
2012-04-08,13.7,19.7,0,4.9,21.87
2012-04-09,12.4,16.5,0.6,8.5,12.41
2012-04-10,13.5,19.3,0.8,12,19.06
2012-04-11,12.6,17.9,0,4.8,19.25
2012-04-12,12.1,16.8,4,4.7,14.5
2012-04-13,12.1,16.4,8,6.3,16.57
2012-04-14,9.6,15.2,4.6,5.1,18.22
2012-04-15,10.9,14.4,2.8,5.9,17.92
2012-04-16,10.7,14.1,2.4,16.9,19.82
2012-04-17,11.1,17.3,0,7.1,23.82
2012-04-18,10.9,13.5,5.5,7.3,11.44
2012-04-19,11.2,15.8,11.1,6.1,14.91
2012-04-20,11,16.3,1.2,5.2,20.52
2012-04-21,14.1,20.6,0.5,9.5,18.97
2012-04-22,11.7,13.2,2.2,5.8,7.1
2012-04-23,13.8,19.1,0.3,14.1,20.22
2012-04-24,11.4,14.8,13.8,5.8,16.22
2012-04-25,12.6,18.1,0,18,20.26
2012-04-26,16.9,22,0,10.5,26.09
2012-04-27,16.2,20.8,0,5.1,16.55
2012-04-28,16,20,5,8.6,16.67
2012-04-29,15.3,19.5,1.2,15.7,27.15
2012-04-30,13.7,17.6,8,10.5,21.61
2012-05-01,14.1,20.1,0.4,6.7,25.51
2012-05-02,15.2,21.3,0,8.5,24.77
2012-05-03,16.1,22.8,0,7.9,26.45
2012-05-04,16.5,21.8,0,11.9,22.17
2012-05-05,16.9,22.3,0,12.2,26.23
2012-05-06,15.8,19.4,4.8,6.9,17.65
2012-05-07,15.9,22.6,0.5,6.6,23.12
2012-05-08,18,25.3,0.4,6.5,19.21
2012-05-09,18.1,23.1,0.2,4.1,22.61
2012-05-10,20.1,26.6,0,6.7,26.85
2012-05-11,21.8,29.1,0,5.6,27.57
2012-05-12,22,27.2,0,5,23.43
2012-05-13,19.7,22.8,11.5,4.3,12.99
2012-05-14,17.6,20.3,8.5,6,18.55
2012-05-15,16.5,20.5,2.5,6.1,17.54
2012-05-16,15.4,19.5,1.5,8.2,15.72
2012-05-17,15.5,22.3,0,9.2,23.8
2012-05-18,16.7,19.8,0.8,10,22.51
2012-05-19,16.4,19.2,0.1,6.1,15.3
2012-05-20,15.7,19.4,27.2,5.4,19.43
2012-05-21,13.8,17.8,11.2,4.7,15.32
2012-05-22,16.3,21.8,1.4,4,17.88
2012-05-23,20,26.3,0,6.1,27.75
2012-05-24,21.1,26.2,0,4.8,25.51
2012-05-25,22.1,28.5,0,6.1,26.46
2012-05-26,21.1,25.6,0.4,5.7,23.72
2012-05-27,21.8,25.6,0,4.3,24.25
2012-05-28,20.8,25.4,5.5,4.1,17.79
2012-05-29,20.6,26.8,1.7,4.4,22.96
2012-05-30,21.7,27.8,1,4.9,25.76
2012-05-31,22.9,28.4,0,4.2,25.2
2012-06-01,23.6,29.7,0,5,27.96
2012-06-02,24.2,30.5,0,5.9,26.68
2012-06-03,20.3,24,7.7,5.2,12.04
2012-06-04,19.1,23.1,5.1,5.1,18.4
2012-06-05,21.9,27.7,0.1,5.1,25.12
2012-06-06,22.2,27.2,0,7.2,25.29
2012-06-07,23.3,28.8,0,9.1,25.8
2012-06-08,21.6,25,0.8,11,20.88
2012-06-09,20.2,24.5,0,6.3,21.57
2012-06-10,21.5,28.5,0.8,7,19.32
2012-06-11,19.6,21.8,4.5,9.1,12.04
2012-06-12,17.4,21.7,5.1,5,21.32
2012-06-13,17.4,20.9,1.1,5.2,18.78
2012-06-14,20.7,26.5,0,10.9,26.63
2012-06-15,22.3,28.3,0,11.6,29.68
2012-06-16,23.3,30.1,0,8.7,29.49
2012-06-17,22.7,27.7,0,6.5,28.17
2012-06-18,22.4,26.1,0,8.1,26.41
2012-06-19,22.7,27.3,0,5.2,20.85
2012-06-20,24.2,30,0.7,6.7,27.2
2012-06-21,26.2,34.9,0,8.3,27.52
2012-06-22,23.7,27.9,0.3,7.6,25.52
2012-06-23,23.6,29.1,0,5.5,27.87
2012-06-24,25,30.6,0,5.3,25.5
2012-06-25,26.3,31.5,0,4.9,27.15
2012-06-26,27.9,32.5,0,3.5,27.96
2012-06-27,27.5,33.1,0,6.2,28.67
2012-06-28,27.8,34.1,0,8.4,29.1
2012-06-29,27,33.8,0,5.4,29.38
2012-06-30,26.3,31.7,0,6.4,28.58
2012-07-01,21.5,24.7,1.3,15.8,18.46
2012-07-02,21.6,26.7,0.1,5.8,24.65
2012-07-03,24.2,30.5,0,5.6,27.59
2012-07-04,25.5,31.1,0,6.4,25.87
2012-07-05,23.4,28.3,3.1,6.1,22.5
2012-07-06,22,26.5,1,5.2,19.27
2012-07-07,23.9,30,0,11.3,26.32
2012-07-08,24.2,29,0,7.6,25.47
2012-07-09,24.9,30.4,0,5.5,26.77
2012-07-10,25.3,30.8,0,6,25.24
2012-07-11,24.1,27.9,0.7,6.2,20.99
2012-07-12,22.9,27.7,0,6.4,22.35
2012-07-13,24.7,31.4,0,9.3,19.94
2012-07-14,22.8,24.8,0.6,8.8,14.5
2012-07-15,22,28.3,0.3,5.7,24.99
2012-07-16,22.6,28.2,1.1,6.1,22.04
2012-07-17,25.9,34.1,0,5.5,28.86
2012-07-18,27.8,34.8,0,5.3,29.17
2012-07-19,25.5,30.7,0,7.2,28.18
2012-07-20,25.1,30.8,0,6.5,26.68
2012-07-21,23.6,26.7,2.9,4.6,18.23
2012-07-22,24.1,29.8,3.4,6.4,23.31
2012-07-23,22.4,27.8,0.1,8,27.93
2012-07-24,23,30.3,0,7.9,28.25
2012-07-25,25.5,32.6,0,7.3,27.12
2012-07-26,26.7,33.1,0,8.1,27.33
2012-07-27,25.4,30.4,0,7.6,27.17
2012-07-28,25.2,31.3,1.2,5.9,23.5
2012-07-29,24.6,29.5,0,4.8,19.96
2012-07-30,25.3,30.6,0,4.6,20.9
2012-07-31,26.4,31.4,0,6.1,25.88
2012-08-01,26.3,33.7,0,7.8,26.03
2012-08-02,26.3,31.5,0,5.8,25.07
2012-08-03,26.2,31.5,0,7.2,24.18
2012-08-04,26.1,31.7,0,6.6,25.6
2012-08-05,25.6,29.8,0,7.4,25.68
2012-08-06,23.2,27,10.7,7.1,16.84
2012-08-07,23.9,29.7,0,5.8,25.38
2012-08-08,24.9,31.1,0,6.1,25.68
2012-08-09,26.1,32.1,0,5.5,25.29
2012-08-10,27.2,33.1,0,5.3,24.6
2012-08-11,26.8,32.1,0,5.5,23.67
2012-08-12,25.9,29.9,0.1,4.7,20.19
2012-08-13,25.1,30.6,0,4.7,21.71
2012-08-14,26.2,32.3,0,9.9,24.38
2012-08-15,27.1,33.3,0,12.6,25.07
2012-08-16,25.9,31.3,0,5.9,24.27
2012-08-17,26.2,32.7,0,6.5,24.92
2012-08-18,26.8,33.4,0,7.7,24.91
2012-08-19,27.9,35.6,0,7.9,24.08
2012-08-20,28.8,34.9,0,4.9,22.37
2012-08-21,29.9,37.8,0,5.3,23.63
2012-08-22,30.5,35.8,0,7.6,23.73
2012-08-23,29.6,36.3,0,9.2,24.43
2012-08-24,28.2,34.7,0,9.5,23.66
2012-08-25,26.6,32.2,2.4,5,18.01
2012-08-26,24.1,29.8,4.2,7.3,20.93
2012-08-27,24.9,31.3,0,8,18.21
2012-08-28,25.1,29.2,6.2,6.8,14.65
2012-08-29,25.7,30.8,0,7.1,19.31
2012-08-30,22.1,23.8,9.9,8.7,9.67
2012-08-31,20.6,25.8,0.7,9.9,20.1
2012-09-01,18.6,24.1,0,12.8,22.34
2012-09-02,19.4,24.1,0,15.3,18.52
2012-09-03,20.5,26.8,0,10.7,16.52
2012-09-04,22.8,28.5,0,4.6,17.61
2012-09-05,23.6,29.3,0.2,5.1,14.88
2012-09-06,23.9,30.8,0,5.7,20.3
2012-09-07,23.6,29.4,0,6.2,19.39
2012-09-08,22.5,28.6,2.8,4.6,16.61
2012-09-09,22.7,28.3,3.4,4.4,16.4
2012-09-10,23.6,29.7,0.3,7.4,19.56
2012-09-11,23.7,29.5,0,5.9,18.02
2012-09-12,21.1,27.5,35.5,6.3,13.09
2012-09-13,19.6,24.3,13.7,9.2,17.78
2012-09-14,20.1,27.4,0,6.5,20.87
2012-09-15,19.9,25.6,0,4.7,20.35
2012-09-16,20.3,26.5,0,5.4,17.33
2012-09-17,20.8,24.3,0.2,5,10.14
2012-09-18,20.8,23.3,1.9,4.4,8.4
2012-09-19,20.2,22.6,33.9,4.3,10.19
2012-09-20,18.9,21.9,2.5,4.9,11.94
2012-09-21,20.1,25.1,0,8.3,11.73
2012-09-22,20.4,24.7,0,5.6,14.89
2012-09-23,21.9,26.7,0,10.6,15.92
2012-09-24,22.9,26.5,0,11.7,16.26
2012-09-25,20.8,26.8,0,14,18.55
2012-09-26,19.4,24.5,0,11.5,12.78
2012-09-27,16,21.1,0,4.7,13.64
2012-09-28,17.4,19.9,3,9.5,7.83
2012-09-29,16.5,17.7,71,8.6,2.32
2012-09-30,17,20.5,32.1,4.7,11.18
2012-10-01,17.4,22.4,0,5.1,13.85
2012-10-02,16.8,22.6,0,5,13.6
2012-10-03,18.1,24.9,0,6.7,16.7
2012-10-04,18.9,24.2,0,5.9,15.06
2012-10-05,19.6,25.2,0,5.6,14.36
2012-10-06,20,24.4,0,4.3,13.61
2012-10-07,21.1,27,0,5.1,13.28
2012-10-08,21.7,27.6,0,4.5,14.63
2012-10-09,21.6,26.5,1,4.4,12.56
2012-10-10,21,25.1,0.4,4.5,11.96
2012-10-11,20.7,24.6,3.5,5.6,10.8
2012-10-12,16.7,18.7,22.7,4.5,4.7
2012-10-13,15.9,19.6,2.2,4.2,8.76
2012-10-14,16.7,22.5,0.7,10.8,13.95
2012-10-15,14.3,18.6,13.4,5.2,12.54
2012-10-16,14.3,21.4,0,7.6,14.16
2012-10-17,17.9,23.1,0,15.3,12.27
2012-10-18,19.8,22.5,3.5,11.5,6.86
2012-10-19,20.5,22.7,8,8.6,6.55
2012-10-20,19.9,22.1,14.4,6.6,4.32
2012-10-21,19.3,21.6,17.9,7.3,8.79
2012-10-22,16.3,20.5,0.8,6.3,8.72
2012-10-23,16.4,21.8,0,5.4,12.38
2012-10-24,16.6,22.8,0,5.3,12.38
2012-10-25,15.9,19.7,0,6.4,6.67
2012-10-26,17.6,20.7,7.1,7.7,8.48
2012-10-27,13.6,18.2,14.6,10.3,7.97
2012-10-28,7.8,11.7,0,12.9,13.65
2012-10-29,7.3,15.2,0,6.5,13.48
2012-10-30,7.7,14.2,4,4.4,7.54
2012-10-31,12,14.4,60.4,14.9,1.84
2012-11-01,11.8,18.5,0,6.2,11.43
2012-11-02,13.7,20.1,0,8.1,10.61
2012-11-03,14.9,19.3,0,12.9,7.12
2012-11-04,15.2,19.9,1.7,7.1,5.98
2012-11-05,13.5,15.8,5.4,5,6.75
2012-11-06,11.3,15.4,2.2,4.2,7.82
2012-11-07,9.4,16,0,5.1,11.53
2012-11-08,11.1,18.5,0,7.1,10.59
2012-11-09,13.1,18.1,1.7,5.8,7.93
2012-11-10,15.1,18.9,0,8.4,7.45
2012-11-11,12.3,15,0.4,9.4,8.6
2012-11-12,11.5,17.6,0,11.6,10.8
2012-11-13,11,14.8,0.4,13.5,7.8
2012-11-14,14.7,16.6,0.2,12.6,4.42
2012-11-15,13.6,18.3,0,6.1,9.98
2012-11-16,12.9,17.3,0,7,6.35
2012-11-17,13.9,16.6,1.4,7.9,5.61
2012-11-18,13.2,14.1,16.4,9.3,1.31
2012-11-19,12.8,17.5,0.2,4.5,7.38
2012-11-20,11,17.4,0,4.3,9.63
2012-11-21,11.4,16.5,0,8,6.69
2012-11-22,11.7,16.4,0,4.6,6.13
2012-11-23,10.5,17.8,0,9.4,9.17
2012-11-24,13,17.6,0,15,7.74
2012-11-25,12.5,17.3,0,5.6,7.8
2012-11-26,13.4,16.4,6.3,9.6,3.57
2012-11-27,9.6,10.6,16.1,6.4,2.9
2012-11-28,8.2,10,5.7,7.9,2.06
2012-11-29,8.6,12.6,0,7.7,7.5
2012-11-30,5.3,12.1,0,7.7,9.15
2012-12-01,3.7,9.3,0,5.8,8.67
2012-12-02,4.7,12,0,5.4,8.92
2012-12-03,8,15.9,0,4.4,7.23
2012-12-04,8.4,14.1,3,4.1,6.26
2012-12-05,6.4,13.1,0.6,4.8,7.44
2012-12-06,6.5,12.4,0.3,4.7,8.43
2012-12-07,5.7,12.4,0,4,8.19
2012-12-08,6.9,12.6,0,5.6,7.63
2012-12-09,5,12,0,5.1,8.48
2012-12-10,5.2,11.4,0,3.5,8.15
2012-12-11,4,9.8,0,5,6.65
2012-12-12,3.4,7.9,0,5.3,4.5
2012-12-13,8.7,12.9,0.6,12.3,6.08
2012-12-14,11.1,14.1,0,19.1,3.9
2012-12-15,13,17.6,0,7.8,6.75
2012-12-16,11.9,16.9,0,7.5,7.15
2012-12-17,10.9,15.5,0,4.4,6
2012-12-18,10.1,14.6,0,2.7,5.42
2012-12-19,8.9,13.7,0,4.1,5.14
2012-12-20,10.7,15,0,7.3,6.96
2012-12-21,11.6,15.5,1,3.8,6.06
2012-12-22,10.3,15.4,0,5.1,6.92
2012-12-23,10.5,19.5,0,5.2,8
2012-12-24,10.3,16.3,0,4.6,6.12
2012-12-25,10.2,14.2,0,5.2,5.04
2012-12-26,11.7,15.9,1.4,6,5.82
2012-12-27,9.4,15.6,0,3.8,7.64
2012-12-28,9.3,16.7,0,5.1,7.24
2012-12-29,8.5,16.4,0,8.2,8.37
2012-12-30,8.3,14.1,0.1,4.5,7.04
2012-12-31,6.7,13.2,0,8.6,8.1
2013-01-01,7.2,9.9,1,7.7,2.75
2013-01-02,6.3,12.8,0,8,7.3
2013-01-03,6.6,13.5,0,8.8,8.38
2013-01-04,7.5,17.3,0,5.4,8.01
2013-01-05,8.7,19.3,0,5.1,8.6
2013-01-06,9.4,18.4,0,6.4,8.61
2013-01-07,9,18.2,0,3.9,8.65
2013-01-08,8.2,15.2,0,3,8.72
2013-01-09,7,12.3,0,3.2,6.74
2013-01-10,8.6,13.6,0,3.6,7.03
2013-01-11,8,14.1,0,3.4,8.07
2013-01-12,5.8,12.7,0,4.7,8.89
2013-01-13,6.3,8.5,3,6.4,4.18
2013-01-14,4.6,9.6,1.6,3.5,6.9
2013-01-15,4.9,10.3,1.9,7.3,6.75
2013-01-16,4,8.2,0.1,4.8,3.35
2013-01-17,5.5,9.8,0.9,5.6,6.7
2013-01-18,5,8.8,0.3,4.4,5.37
2013-01-19,9.8,14.5,7.2,9.8,7.31
2013-01-20,8.6,12.2,0,6.4,6.38
2013-01-21,6.3,11.6,2.2,5.4,6.29
2013-01-22,5.2,11,0.3,10.9,9.71
2013-01-23,5.5,8.4,2.9,5.4,3.68
2013-01-24,5.1,10.2,0.1,6,6.61
2013-01-25,6.3,13.2,0,5.1,10.86
2013-01-26,6.1,10.6,0.9,3.4,6.1
2013-01-27,6.9,12.2,0,4,8.11
2013-01-28,9.7,14.6,2.7,5.4,9.9
2013-01-29,8.5,15.7,0,4.1,9.96
2013-01-30,9.7,18.5,0,4.8,10.98
2013-01-31,12.2,19.1,0,3.9,10.78
2013-02-01,12.1,18.7,0,3.8,10.17
2013-02-02,9.7,12.3,7.6,9.7,7.78
2013-02-03,7.4,12.1,0,20.3,12.19
2013-02-04,7.4,15.4,0,4.9,10.52
2013-02-05,8.9,16.6,0,4.5,10.22
2013-02-06,6.6,12.4,3.9,5.9,9.67
2013-02-07,5.3,8.8,0,15.2,12.46
2013-02-08,4,7.3,0.1,5.2,7.55
2013-02-09,5,10.4,0,9.2,11.78
2013-02-10,6.9,13.1,0,9.2,10.32
2013-02-11,7,9.9,3.2,4.3,8.31
2013-02-12,6.8,12.7,0,7.4,12.87
2013-02-13,7.5,13.7,0,6.2,11.44
2013-02-14,7.8,13.6,0,5.1,6.25
2013-02-15,9.2,14,1.2,4.9,11.1
2013-02-16,8.9,11.5,5.2,4.1,6.35
2013-02-17,9,12.6,0,3.6,5.1
2013-02-18,9.7,11.8,3.6,5.4,6.17
2013-02-19,9.3,12.9,0,6,7.28
2013-02-20,7.7,14.7,0,5.2,14.26
2013-02-21,7.6,11.8,1.9,4.8,7.56
2013-02-22,5.4,8.1,15.7,6.5,4.92
2013-02-23,2.5,4.6,2.7,11,9.87
2013-02-24,0.8,6,0.3,4.7,13.9
2013-02-25,2.5,7,0.8,4.7,9.98
2013-02-26,3.5,9.8,0,7.1,15.44
2013-02-27,5.1,9.4,0.8,12.1,9.73
2013-02-28,6.4,9.5,9.1,12.1,6.54
2013-03-01,7.2,8.5,33.1,20.9,2.73
2013-03-02,8.9,15.5,0,5.8,16.48
2013-03-03,8.3,16,0,5.7,15.81
2013-03-04,9,13.2,2.3,7.4,7.26
2013-03-05,12.4,13.4,42.7,17.1,3.84
2013-03-06,12.5,14.7,38.5,12.7,4.04
2013-03-07,12.8,18.6,0,8.4,14.76
2013-03-08,15,19,0,7.9,14.27
2013-03-09,13.9,18,0.8,6.4,14.68
2013-03-10,13.3,18.1,0.6,5.2,15.79
2013-03-11,12.3,17.3,0.2,7.5,15.73
2013-03-12,10.9,14.4,5.6,7.6,11.7
2013-03-13,6.2,7.5,4.9,9.6,7.95
2013-03-14,5.8,10.6,0,13.2,17.94
2013-03-15,7,13.9,0,7,19.48
2013-03-16,7.6,12.7,0,13.4,12.28
2013-03-17,11.8,15.6,0.4,14.7,15.15
2013-03-18,10.6,14.6,10.2,5.5,13.82
2013-03-19,9.8,15.5,0.6,6.6,14.2
2013-03-20,11.5,16.2,2,5.3,15.65
2013-03-21,11.9,18.8,0,7.3,19.5
2013-03-22,12.5,19.8,0,9.7,19.27
2013-03-23,12.4,16.2,1.7,6.5,11.67
2013-03-24,12.2,15.2,3.5,6.5,10.5
2013-03-25,12,17.5,2.1,5.9,17.94
2013-03-26,12.7,16.3,4.3,4.9,14.49
2013-03-27,11.2,11.9,6.6,5,2.58
2013-03-28,13.4,18.5,5.9,4.1,13.05
2013-03-29,15.1,19.6,1.4,7.2,13.05
2013-03-30,13.8,16,13.2,7.6,11.68
2013-03-31,12,15.6,0.1,5.6,14.99
2013-04-01,10.5,12.8,19.2,6.9,4.76
2013-04-02,10.8,17.3,7.6,5.4,19.17
2013-04-03,10.6,15.8,0,8.1,17.02
2013-04-04,11.3,14.4,8.3,5.5,9.34
2013-04-05,9.2,11.1,12.8,3.9,5.57
2013-04-06,8.4,11.6,3.6,5.6,11.76
2013-04-07,10.7,15.8,0,7.8,22.31
2013-04-08,10.9,14.9,1.4,4.7,14.82
2013-04-09,13,20.4,0,10.3,19.97
2013-04-10,14.1,19.8,0,8.1,16.48
2013-04-11,17,22.4,0,12.7,22.51
2013-04-12,15.2,21,0.2,7.3,18.6
2013-04-13,15.6,21.4,0,6.3,24.22
2013-04-14,15.5,22.6,0,10.7,25.8
2013-04-15,16.5,23.4,0,7.1,24.45
2013-04-16,17.5,23.6,0,4.7,22.19
2013-04-17,18.8,24.9,0,6.1,25.03
2013-04-18,16.8,21.6,0,5.6,23.73
2013-04-19,14,17.4,11.3,6.4,13.2
2013-04-20,11.9,17.9,0.7,5.8,23.06
2013-04-21,12.1,17.1,0,5.9,20.68
2013-04-22,13,17.7,1.1,4.6,18.66
2013-04-23,13.1,19.7,0,8.4,23.74
2013-04-24,14,18.2,0,11.4,25.37
2013-04-25,14.8,17.2,11.7,13.3,10.23
2013-04-26,15.5,17.3,1.2,10.1,9.36
2013-04-27,10.9,13.6,31.4,5.3,3.8
2013-04-28,8.1,9.3,5.5,13.8,8.47
2013-04-29,10.6,12.2,25.3,15.4,6.34
2013-04-30,14.6,19.1,0.9,8.8,22.41
2013-05-01,14.4,20.9,0,8.5,27.15
2013-05-02,14.1,18.9,1.3,5.1,21.56
2013-05-03,14.8,20.4,0.4,4.3,21.49
2013-05-04,15.6,21.1,5.1,5,20.43
2013-05-05,16.2,22.2,0.1,5.7,23.46
2013-05-06,17.5,24.2,0.2,5.2,24.37
2013-05-07,19,24.8,0,5.3,20.5
2013-05-08,19.2,23.6,1.3,4.7,19.58
2013-05-09,19.3,24.1,0,7.2,14.35
2013-05-10,16.5,18.5,8.4,6.4,13.81
2013-05-11,15.8,19.8,2.1,5.2,19.44
2013-05-12,15.8,19.9,0.6,4.6,17.15
2013-05-13,16.9,21.8,0,3.9,20.22
2013-05-14,16.3,21.2,2.1,7.8,16.6
2013-05-15,14.1,17.5,13.1,8.5,14.8
2013-05-16,12.1,13.7,10.8,4.9,12.33
2013-05-17,12.6,18.2,1.8,9.3,24.82
2013-05-18,14.5,18.1,7.6,14.3,25.77
2013-05-19,12.7,15.5,8.9,7.4,14.88
2013-05-20,12.5,15.7,3.2,4.5,16.71
2013-05-21,13.6,18.8,0,4.7,20.53
2013-05-22,17.3,23.9,0.1,7.3,23.3
2013-05-23,15.9,20.6,0.7,8.5,22.6
2013-05-24,12.7,14.8,16.9,6.3,17.39
2013-05-25,12.4,15.7,12.1,5.9,17.96
2013-05-26,13.4,18.7,1.1,7.8,22.53
2013-05-27,14.7,18.9,1.7,6.5,19.21
2013-05-28,13.1,20.6,14.1,6.1,18.9
2013-05-29,11,14.6,16.1,4.7,13.42
2013-05-30,12.6,18.3,3.7,4.7,22.44
2013-05-31,15.6,21.4,5,3.4,19.74
2013-06-01,19.4,25.4,0,8.4,27.36
2013-06-02,19,24.3,0,7.3,25.17
2013-06-03,17.9,22.3,0.1,5.9,25.81
2013-06-04,17.6,21.4,0,5.9,23.88
2013-06-05,18,24.3,0,7.7,25.52
2013-06-06,18.6,23.7,0,7.8,27.8
2013-06-07,19.6,25.8,0.1,7.2,25.97
2013-06-08,17,19.9,12.2,10,15.87
2013-06-09,16.6,20.3,1.1,10.6,19.46
2013-06-10,18.1,23.6,0.1,4.9,23.79
2013-06-11,19.9,25,0.2,4.3,24.27
2013-06-12,23,28,0,4.5,26.51
2013-06-13,23.2,28.2,0,6.1,27.06
2013-06-14,23.2,28.6,0,8.7,27.49
2013-06-15,23,27.2,0,4.6,24.57
2013-06-16,23.4,29.3,0,9.6,29.08
2013-06-17,21.8,26.3,0.1,6.3,27.55
2013-06-18,21.1,23.1,0.2,8.3,18.14
2013-06-19,21.3,25.7,1.4,8.1,28.75
2013-06-20,19.8,25,0.1,5.6,21.34
2013-06-21,19.1,23.8,11.4,4.1,21.77
2013-06-22,19.9,24.7,0.7,5.2,22.98
2013-06-23,19.3,22.7,4.3,6.1,14.82
2013-06-24,18.5,22.9,2,6.1,22.25
2013-06-25,19.1,23.2,0.9,4.5,21.27
2013-06-26,19.9,25.5,0.7,5.4,25.78
2013-06-27,19.4,24.2,0.5,5.2,24
2013-06-28,19.5,23.5,6.2,5.3,19.91
2013-06-29,21,25.5,0.2,5.1,24.77
2013-06-30,21.7,26,0.1,5.2,22.58
2013-07-01,21.2,25.6,1.4,6,23.9
2013-07-02,20.9,25,0,6.8,25.08
2013-07-03,21.6,25.5,1,5.6,15.82
2013-07-04,23.8,29.4,0.2,4.4,24.16
2013-07-05,23.9,29.8,0,6.6,28.86
2013-07-06,24.3,30.5,0,5.7,28.23
2013-07-07,25.1,30.7,0.1,4.6,25.75
2013-07-08,25,30.2,0,6.2,26.99
2013-07-09,24.8,30.3,0,7.1,26.32
2013-07-10,24.6,30.6,0.8,5.2,23.44
2013-07-11,23.2,27,10.8,4.4,18.28
2013-07-12,24.5,30,0,6.4,26.06
2013-07-13,24.8,30.1,0.5,5.1,22.45
2013-07-14,24,28.7,4.3,4.3,21.52
2013-07-15,24.8,30.8,1.5,4.2,24.8
2013-07-16,25.2,30.9,0.5,5.1,25.93
2013-07-17,24.2,29,6.5,3.5,22.03
2013-07-18,23,28,9,4.8,19.85
2013-07-19,23.8,29.6,0.2,5.8,23.22
2013-07-20,23.8,27.9,2.8,4.4,22.58
2013-07-21,24.2,29.6,4.2,4.3,21.64
2013-07-22,25.2,30.2,2.5,5.5,23.45
2013-07-23,25.8,32.1,1.1,5.9,25.17
2013-07-24,26.5,32.2,0,5.8,25.58
2013-07-25,26.9,33.5,0,7.2,27.27
2013-07-26,27.3,33.7,0,10.6,27.85
2013-07-27,26.8,31.9,0,9.2,27
2013-07-28,27.8,33.8,0,6.9,23.27
2013-07-29,25.6,30,1.1,4.9,23.75
2013-07-30,25.2,31,0,4.7,22.1
2013-07-31,26.2,32.6,0,5.2,27.37
2013-08-01,26.6,33.2,0,10.1,27.7
2013-08-02,26.6,33.9,0,12.5,27.37
2013-08-03,25.3,28.6,0,7.4,25.12
2013-08-04,26.2,31.4,0,5.8,25.58
2013-08-05,26.9,33.4,0,9.7,27.14
2013-08-06,26.7,32,0,6.3,25.03
2013-08-07,24.5,29.1,7.8,4.9,13.51
2013-08-08,22.2,27.1,13.1,6,19.6
2013-08-09,23.3,30.2,0,4.6,24.94
2013-08-10,24.2,30.5,0,4.9,24.44
2013-08-11,25.7,31.5,0,4.1,25.31
2013-08-12,25.8,31.2,0,5.2,24.27
2013-08-13,26,31.2,6.6,5,19.23
2013-08-14,24.8,29.8,1.4,4,20.51
2013-08-15,24,28.2,0.6,4.5,19.99
2013-08-16,24.1,29.3,0.7,4.1,19.36
2013-08-17,23.6,28,8.7,4.5,15.3
2013-08-18,24.2,29.4,0.2,5.1,20.1
2013-08-19,24.7,30.3,7.7,6.7,19.52
2013-08-20,24.7,30.3,2.9,6.5,20.96
2013-08-21,23,29.5,0,5,24.4
2013-08-22,23.9,29.4,0,9.6,21.58
2013-08-23,24,27.5,1.7,5.1,19.31
2013-08-24,22.3,26.9,15.5,3.8,13.87
2013-08-25,20.7,24.1,7,5.4,14.48
2013-08-26,19.5,22,4.6,4,10.94
2013-08-27,20.6,26.2,11.3,4.9,17.52
2013-08-28,20.2,25,1.3,4.6,15.07
2013-08-29,21.5,27.1,0.6,6.5,17.46
2013-08-30,22,27.9,0,9.6,21.65
2013-08-31,22.1,29,0,7.3,21.55
2013-09-01,22.9,29.6,0,7.3,21.92
2013-09-02,22.3,29.2,0,5.6,18.91
2013-09-03,21.4,28,0,6.8,23.02
2013-09-04,21.4,28.4,0,6.6,22.49
2013-09-05,22,28.9,0,6.7,22.47
2013-09-06,22,28.6,0,5.7,20.88
2013-09-07,20.9,25.8,3.6,5.5,8.37
2013-09-08,19.7,24.4,2.2,4.6,12.86
2013-09-09,20.3,25.3,0.1,5,15.61
2013-09-10,19.1,24.1,13.5,4.6,12.18
2013-09-11,18,20.5,18.3,4.3,9.71
2013-09-12,18,21.6,2.7,4.2,14.33
2013-09-13,19.5,24.2,0,4.8,12.93
2013-09-14,21.1,26.7,0,6,16.51
2013-09-15,18.7,20,6.9,6.1,7.51
2013-09-16,19.2,25.1,0,4.3,14.28
2013-09-17,18.8,21.6,4.1,5,10.25
2013-09-18,19.9,25,0,6.1,17.12
2013-09-19,20.4,26.5,0,4.9,17.81
2013-09-20,20.7,25.8,6.1,2.9,12.54
2013-09-21,20.6,26.7,0,4.5,17.42
2013-09-22,19,25.1,0,5.1,19.29
2013-09-23,18.5,24.7,0,5.6,19.01
2013-09-24,19.9,26.7,0,7.2,16.72
2013-09-25,21.4,27.6,0,4.7,17.6
2013-09-26,22.5,29.3,0,6,18.03
2013-09-27,22.8,31.1,0,7.2,17.48
2013-09-28,22.2,26.6,0.3,9.1,11.43
2013-09-29,21.2,24.4,0.1,7.2,12.5
2013-09-30,20.1,27,0,5.4,14.81
2013-10-01,22.3,29.9,0,3.9,16.14
2013-10-02,21.8,26,0.2,6.4,13.32
2013-10-03,22.3,24.4,7,9.1,9.62
2013-10-04,20.5,21.5,28.1,7.8,2.83
2013-10-05,19,24.2,7.5,3.5,13
2013-10-06,17.8,23,9.8,4.2,12.27
2013-10-07,17.6,23.7,0,4.4,14.55
2013-10-08,17.7,22.5,0.1,3.6,11.75
2013-10-09,17.7,20.9,0.2,3.8,10.92
2013-10-10,15.9,19,11.4,5.1,8.76
2013-10-11,10.9,12.2,18.4,4.3,3.25
2013-10-12,12.8,17.9,0.4,8.9,10.23
2013-10-13,14.5,21.6,0,4.9,15.08
2013-10-14,16,22.6,0,4.5,14.06
2013-10-15,18.2,24.5,0,5.6,10.76
2013-10-16,19.3,25.8,0,4.8,13.33
2013-10-17,19.5,24.2,0,3.9,9.96
2013-10-18,19.2,25.1,0,8.5,12.59
2013-10-19,19.7,23.7,0,10.7,7.93
2013-10-20,20.7,26.5,0,8.8,12.68
2013-10-21,19.4,25.3,0,10.2,13.56
2013-10-22,20.4,25.4,0,11.4,10.7
2013-10-23,21.3,26.7,0.6,10.9,12.48
2013-10-24,17.9,23.6,0,7.9,13.09
2013-10-25,19.9,24.3,0,10.2,10.29
2013-10-26,20.2,23.8,0.3,5.1,8.77
2013-10-27,20.2,26.3,0,6.1,11.97
2013-10-28,20.1,28,0,11.4,12.9
2013-10-29,15.2,17.1,3.1,8,4.4
2013-10-30,13.5,19.3,0,10.1,8.82
2013-10-31,13.3,19.5,0,5.7,9.32
2013-11-01,13,20.2,0,5.4,10.11
2013-11-02,15.3,23.4,0,5.7,9.99
2013-11-03,15.2,20.3,1,5,7.35
2013-11-04,14.4,18,0.9,8.3,6.38
2013-11-05,14.8,21.3,1.3,3.9,9.12
2013-11-06,17.8,24.6,0,5.8,11.37
2013-11-07,16.9,23.2,0,4.8,10.54
2013-11-08,16.2,22.2,0.8,5.1,9.26
2013-11-09,13.9,16.5,10.8,5.9,6.06
2013-11-10,13.8,19.8,0.8,6.3,6.98
2013-11-11,14.3,20.3,0,13.7,10.41
2013-11-12,13.1,21.2,0,8.9,10.8
2013-11-13,15,20.6,0,6.5,8.44
2013-11-14,13.2,18.2,0.6,6.2,7.27
2013-11-15,9.4,13.2,0.1,11.1,10.43
2013-11-16,9.2,11.6,1.7,17.6,3.14
2013-11-17,10.6,12.9,30.3,11.9,3.55
2013-11-18,12.1,13.2,66.2,16,1.28
2013-11-19,12.5,15.9,14.4,17.7,6.14
2013-11-20,7.8,11.2,0.2,7.6,10.48
2013-11-21,7.2,12.6,0.1,7.2,7.82
2013-11-22,6.3,10.9,0,6.6,9.45
2013-11-23,5.9,11.1,0,5,8.51
2013-11-24,7.7,13.1,0,8.9,7.16
2013-11-25,7.4,14,0,8.2,9.59
2013-11-26,5.8,10.9,0,12.3,9.05
2013-11-27,3.3,7.2,0,11.4,7.65
2013-11-28,4.3,10.8,0,5.6,9.26
2013-11-29,3.8,10.3,0,3.9,9.28
2013-11-30,4.9,9.2,0.5,8,4.93
2013-12-01,8.4,12.7,0,14.3,8.97
2013-12-02,6.4,11,0,6.3,2.51
2013-12-03,10.6,16.4,0,6.8,8.45
2013-12-04,7.6,18.4,0,4,8.93
2013-12-05,7.5,16.9,0,4,8.74
2013-12-06,6.9,15.1,0,3.5,8.29
2013-12-07,6.8,16,0,5,8.54
2013-12-08,5.8,13.7,0,3.4,8.49
2013-12-09,5.1,13.7,0,2.9,8.43
2013-12-10,5.7,11.7,0,3.4,5.73
2013-12-11,7.5,13.6,0,8.4,7.98
2013-12-12,7.3,14.5,0,7.3,7.91
2013-12-13,5.6,12.4,0,4.7,7.69
2013-12-14,7.9,15.5,0,4.3,7.71
2013-12-15,7,15.6,0,4.6,8.18
2013-12-16,8.3,13.8,0,4.3,5.97
2013-12-17,10,14.4,0,8.1,5.1
2013-12-18,9.3,15.2,0,8.1,7.76
2013-12-19,10.4,11.5,4.3,10.8,2.05
2013-12-20,10.1,12.6,1.5,15.1,3.14
2013-12-21,8.6,13.9,0,5.9,7.86
2013-12-22,8.1,16.3,0,8.4,8.1
2013-12-23,6.8,13.9,0,8.2,6.47
2013-12-24,11.5,13.5,0.2,19.7,3.86
2013-12-25,13.1,14.9,3.6,20.2,5.1
2013-12-26,8,13.4,0.1,6.2,7.92
2013-12-27,7.4,14.8,0,5.4,7.1
2013-12-28,11.6,16.8,0.6,10,6.65
2013-12-29,7.9,11.7,5.7,2.4,5.47
2013-12-30,4.8,12.1,0,3.8,8.19
2013-12-31,4.3,11.2,0,6.6,7.55
2014-01-01,6.7,13.2,0,9.1,7.85
2014-01-02,11.6,16.1,0,11,6.4
2014-01-03,12.3,17,0,5.5,7.46
2014-01-04,12.3,16.6,2,14.2,6.45
2014-01-05,8.6,13.5,0,5.1,5.85
2014-01-06,10.4,17.2,0,6.3,7.99
2014-01-07,10.7,16.6,0,4,7.44
2014-01-08,10.4,16.3,0,5.2,7.01
2014-01-09,8.9,14.8,0,4.8,7.06
2014-01-10,9.6,12.9,0,4,6.07
2014-01-11,10.4,13.5,0.4,4.6,4.56
2014-01-12,11.3,15.3,0.2,4.2,5.71
2014-01-13,9.2,13.3,1.2,4.3,4.36
2014-01-14,8.3,12.8,0.4,4.9,6.85
2014-01-15,7,12.5,0,5,5.99
2014-01-16,11.2,15.2,0.9,14.3,8.08
2014-01-17,9.6,14.3,0,11.9,9.22
2014-01-18,9.4,13.8,2.1,9.5,3.63
2014-01-19,9.8,12,4.5,5.9,6.48
2014-01-20,7,11.7,1.6,3.7,6.97
2014-01-21,6.3,13.5,0,4.3,10.06
2014-01-22,5.5,10.4,2.2,5.1,5.03
2014-01-23,7.9,13.6,0.8,4.1,9.69
2014-01-24,9.2,15.1,0,4.9,9.39
2014-01-25,11.1,15.4,5.1,4.6,4.82
2014-01-26,10.7,17.7,0,6.6,8.5
2014-01-27,9.1,12.1,22.3,5,4.47
2014-01-28,7,11.4,1.1,6.9,9
2014-01-29,6.8,12.2,3.1,7.6,8.77
2014-01-30,7.5,11,5.3,7.3,5.25
2014-01-31,5.6,12.3,0,4.7,9.63
2014-02-01,6.6,11.1,4.3,8.3,3.98
2014-02-02,7.5,13.1,1.8,4,11.5
2014-02-03,6.2,12.4,0,10.4,11.19
2014-02-04,7.7,13,0,9.8,11.55
2014-02-05,11.3,15.3,2.6,15.4,9.32
2014-02-06,9,16.6,0,12.7,11.44
2014-02-07,11.3,13.9,7.1,8.6,7.56
2014-02-08,10.6,15.5,0.9,17.3,10.29
2014-02-09,8.8,11.8,1.6,8.7,7.54
2014-02-10,10.3,14.2,5.5,9.8,7.01
2014-02-11,7.5,13.1,0.6,7.5,10.61
2014-02-12,8.3,15.4,0,9.8,13.36
2014-02-13,11,20.2,0,8.5,12.97
2014-02-14,14.1,20.3,0,13.9,12.82
2014-02-15,15.5,20.7,0,12.5,13.01
2014-02-16,9.6,11.8,5.6,4.6,5.36
2014-02-17,9,15.2,0.2,7.7,14.05
2014-02-18,10.1,13,0,13.7,9.36
2014-02-19,12.2,16.6,1.2,8.3,12.4
2014-02-20,9.8,16.7,0,4.2,12.79
2014-02-21,9.4,12.5,9,4.5,5.84
2014-02-22,7.9,16,0.6,3.6,13.83
2014-02-23,9.2,17,0,6.3,15.1
2014-02-24,9.3,14.6,0,10.8,10.97
2014-02-25,10,16.1,0,12.3,14.58
2014-02-26,8.3,12.6,3.5,5.1,11.69
2014-02-27,6.1,12.7,0,6.5,10.49
2014-02-28,7.4,14.2,2.6,8.5,11.66
2014-03-01,6.7,13.2,0,5.7,13.31
2014-03-02,8.8,15.7,0,6.5,16.11
2014-03-03,8.9,11.3,9.8,6.8,8.91
2014-03-04,8.9,14.5,0,12.3,16.83
2014-03-05,10.5,17.1,0,8.2,13.77
2014-03-06,9.4,16.5,0,10.1,17.7
2014-03-07,9.3,17.8,0,4.8,17.81
2014-03-08,10.1,18.8,0,4.7,17.98
2014-03-09,10.6,16.8,0,6.7,18.28
2014-03-10,10.7,20,0,5.5,18.16
2014-03-11,10.9,16.5,0,4.5,14.73
2014-03-12,10.2,15.2,0,10.4,15.51
2014-03-13,10.2,16.5,0,6.6,16.09
2014-03-14,11.1,18.6,0,8.6,18.98
2014-03-15,13.5,23.1,0,5.6,19.08
2014-03-16,16.7,26.6,0,10.1,19.44
2014-03-17,15.3,23.8,0,5.8,19.72
2014-03-18,13.9,20.4,0,7,19.46
2014-03-19,14.4,20.7,0,3.9,16.53
2014-03-20,12.6,16.3,0,7.5,15.06
2014-03-21,14.2,20.2,0,5.1,16.87
2014-03-22,13.6,18.6,15.8,10.3,10.81
2014-03-23,8.1,11,19.7,4.9,13.49
2014-03-24,8.3,14.5,0,5.8,17.61
2014-03-25,10.2,15.2,13.8,5.7,14.09
2014-03-26,8.3,13.1,3.5,10.5,12.97
2014-03-27,9,14.2,4.4,5.8,18.1
2014-03-28,9.4,16.4,0,10,21.36
2014-03-29,11.9,15.7,0,11.1,13.36
2014-03-30,12.4,13.2,6.3,9.3,7.09
2014-03-31,13.9,17.2,1,5.2,14.12
2014-04-01,14.4,20.6,0,11.3,20.43
2014-04-02,13.7,17.4,0.3,6.6,14.73
2014-04-03,13.2,15.2,31.8,10.9,7.44
2014-04-04,15.5,21.4,11.9,13.2,17.28
2014-04-05,15.3,23.2,0,5.8,22.31
2014-04-06,16,23.1,0,5,22.83
2014-04-07,16.9,23.5,0,8,22.74
2014-04-08,16,19.4,1,5.2,13.39
2014-04-09,16.7,22.6,0,4.3,22.74
2014-04-10,16.1,21.9,0,4.6,22.51
2014-04-11,16.1,20.4,4.4,5.3,18.03
2014-04-12,16,19.1,0.3,7.5,22.17
2014-04-13,16.8,22.7,0.3,5.4,20.66
2014-04-14,17.7,23.4,0,4.9,21.91
2014-04-15,17.7,23.8,0.1,4.6,24.45
2014-04-16,14.5,20.3,0,7.7,25.77
2014-04-17,14.4,21.1,0,4.8,24.84
2014-04-18,16.4,22.3,0,5.5,23.11
2014-04-19,15.5,18.8,0.5,5.8,15.99
2014-04-20,13,14.9,2.6,5.8,11.65
2014-04-21,13.6,15.8,6.4,4.4,10.77
2014-04-22,14.8,18.7,6.8,6.1,15.54
2014-04-23,15.7,22.1,0,4.7,22.86
2014-04-24,16.8,22.4,0,10.2,23.85
2014-04-25,15.3,19.2,4.4,5.8,18.49
2014-04-26,15.1,21.8,0.2,7,23.09
2014-04-27,14.3,18.4,12.7,6.5,20.75
2014-04-28,14,19.8,0,4.4,18.86
2014-04-29,14.8,19.7,0,5.1,19.56
2014-04-30,15.7,19.6,1.9,6.4,18
2014-05-01,16.1,20.2,5.1,4,17.07
2014-05-02,16.3,19.6,10.5,4.7,21.93
2014-05-03,16.7,22.8,0,10.6,25.71
2014-05-04,15.1,20.9,0,7,24.6
2014-05-05,15.7,22,0,10.8,27.8
2014-05-06,16.8,22,0,13.5,22.24
2014-05-07,17.4,21,0,5.6,17.98
2014-05-08,19,24.7,0,4.5,23.23
2014-05-09,20.2,25.5,0,4.7,24.53
2014-05-10,20.3,26.1,0,3.6,22.36
2014-05-11,18.4,21.3,0.9,6,13.35
2014-05-12,15.7,19.5,0.7,5.3,12.9
2014-05-13,13.5,16.2,12.6,5.8,11.95
2014-05-14,14.8,20.9,1.1,4.7,21.8
2014-05-15,17.1,23.5,0,9.1,26.45
2014-05-16,16.2,21,0.5,6.9,23.06
2014-05-17,17,22.1,0.6,6.4,23.61
2014-05-18,15.4,19.6,0,7.7,22.77
2014-05-19,17.3,22.7,0,8.9,25.95
2014-05-20,17.5,20.5,3.2,9.5,19.34
2014-05-21,18.3,21.5,17,9,9.1
2014-05-22,17.9,23.3,0,11,24.41
2014-05-23,16.6,22.5,0,12.3,27.9
2014-05-24,15,20.1,0,5.9,24.69
2014-05-25,16.4,21.4,0.2,8.1,22.69
2014-05-26,14.7,19.5,15,4.7,12.59
2014-05-27,14.2,20.7,3.1,4.4,18.6
2014-05-28,15.7,21.2,9.8,4.5,17.94
2014-05-29,16.8,21.3,4.2,4.1,18.33
2014-05-30,16.4,20.9,5.2,4.4,19.58
2014-05-31,17.5,23.9,1.1,5.8,24.56
2014-06-01,19.4,25.2,0,10.5,27.36
2014-06-02,19.1,23.7,0.3,5.3,20.38
2014-06-03,19.8,24.7,0,6.1,25.29
2014-06-04,18.7,24.8,0.5,8.9,20.57
2014-06-05,19.7,24.7,0,7.6,27.44
2014-06-06,19.6,25,0,5.4,26.17
2014-06-07,21.5,28,0,5.4,28.86
2014-06-08,23,29.8,0,6.7,29.65
2014-06-09,24,30.7,0,6.9,27.61
2014-06-10,23.6,29.8,0,5.2,29.45
2014-06-11,24.3,30.6,0,4.1,27.31
2014-06-12,25.5,32,0.5,5.8,25.47
2014-06-13,25.4,33.2,6.6,4.7,24.21
2014-06-14,23.9,30.5,17.3,4,22.71
2014-06-15,21.1,25,4.4,6.7,22.48
2014-06-16,21.8,26.8,0.3,6.7,23.75
2014-06-17,20.5,25.7,7.6,5.5,20.52
2014-06-18,19.4,24.9,3.9,4.3,22.7
2014-06-19,20.9,27.2,0,6.4,26.28
2014-06-20,23.9,30.5,0,6.4,28.17
2014-06-21,24.6,29.9,0,8,29.01
2014-06-22,22.9,26.9,0,6.4,22.2
2014-06-23,23.9,27.4,1.3,4.7,22.62
2014-06-24,23.5,29.1,4.8,5.3,17.51
2014-06-25,21,23.7,4.6,5.5,14.27
2014-06-26,21.9,27.3,7.6,5.1,17.72
2014-06-27,22.6,28.3,0.7,8,23.27
2014-06-28,24.7,31.3,0,13.8,29.15
2014-06-29,20.5,22.6,34.8,6.7,15.79
2014-06-30,19.8,24.8,1.2,5.6,21.21
2014-07-01,21.8,26.9,0.4,10.7,25.89
2014-07-02,21.5,24.6,2.2,8.9,21.12
2014-07-03,21.1,26,0.5,11.8,21.21
2014-07-04,23.6,29.1,0,9.5,23.3
2014-07-05,24.2,30.3,0,6.1,25.12
2014-07-06,24.4,28.9,0,12.4,27.79
2014-07-07,18.8,21.4,38.2,7.1,7.73
2014-07-08,19.3,23.3,4.6,4.1,17.83
2014-07-09,19.2,21.4,11.3,5.3,12.72
2014-07-10,20,24.6,0.8,5.5,21.73
2014-07-11,21.6,27,10.2,4.4,24.06
2014-07-12,20,22.6,8.3,5.6,17.36
2014-07-13,21,24.5,1.7,4.1,19.38
2014-07-14,22.4,25.7,2.8,4,19.85
2014-07-15,23.2,27,0.2,4.4,21.4
2014-07-16,24,28.4,0.3,5.5,24.58
2014-07-17,25.1,30.8,0,7.5,27.13
2014-07-18,25.5,31.4,0,9,28.08
2014-07-19,24.9,29.5,0,7.6,26.94
2014-07-20,23.9,28.2,7.5,5.9,21.82
2014-07-21,21.8,26.7,2.1,5.2,24.45
2014-07-22,23.8,29.8,0,5.2,27.01
2014-07-23,24.4,30.2,0,4.8,27.03
2014-07-24,25.1,29.9,0.3,4.8,25.06
2014-07-25,23.4,26.6,3.5,4.7,19.83
2014-07-26,24.1,29.2,1.4,4.2,23.69
2014-07-27,25,29.3,0.3,5.3,21.96
2014-07-28,22.2,25.8,22.8,3.6,12.73
2014-07-29,20.3,23.1,39.6,4.7,19.14
2014-07-30,22.4,28.7,0,5,25.72
2014-07-31,24,28.9,0,4.5,25.02
2014-08-01,23.4,27.9,0.6,5.5,23.18
2014-08-02,22.4,26.2,2.6,6.1,15.97
2014-08-03,22.2,26.5,1.4,5,19.62
2014-08-04,23.5,27.5,2.1,3.9,17.49
2014-08-05,23.1,27,10,3.9,14.95
2014-08-06,23.9,27.8,0.6,4.6,20.93
2014-08-07,24,28.1,4.2,4,15.73
2014-08-08,25,30.2,0,10.8,23.64
2014-08-09,23.9,28.4,1.2,6.3,23.25
2014-08-10,25.7,32.2,0,6.6,24.09
2014-08-11,25.6,29.6,2.1,6.8,16.54
2014-08-12,23.5,26.2,1.1,4.8,14.95
2014-08-13,22.2,24.1,9.6,8.2,12.28
2014-08-14,21,26.3,0.6,5,18.64
2014-08-15,20.7,23.5,2.9,4.6,14.56
2014-08-16,20.4,24.3,7,4,16.98
2014-08-17,21.4,27.5,0,4.7,21.44
2014-08-18,22.5,28.9,0,7.6,21.04
2014-08-19,22.6,25.9,2.5,5.4,15.18
2014-08-20,21.3,22.9,4.3,4.1,7.72
2014-08-21,20.6,23.6,1.5,4.2,11.89
2014-08-22,19.5,21.4,17.7,3.5,6.66
2014-08-23,21,25.2,6.4,3.8,16.36
2014-08-24,21.6,25.3,0.9,5,16.21
2014-08-25,23.7,29.3,0,6.5,18.78
2014-08-26,24.5,29.5,0.3,7.3,19.7
2014-08-27,24.9,28.7,0.5,4.6,16.14
2014-08-28,24.5,30,0,5.3,20.85
2014-08-29,23.8,27.9,0.9,5.1,13.03
2014-08-30,23.9,28.1,3,4.2,13.08
2014-08-31,23.9,28.1,1.5,4.1,15.77
2014-09-01,24.1,30.4,0.2,4.2,18.11
2014-09-02,23.4,27.8,1.4,3.7,15.85
2014-09-03,22.3,26.6,0.3,4.6,16.43
2014-09-04,21.8,25.5,0.3,3.8,11.56
2014-09-05,22.6,26.2,7,5.1,12.39
2014-09-06,22.9,28,1,4.5,16.01
2014-09-07,23.7,29.5,0.3,5.6,18.51
2014-09-08,24,29.4,5.4,4.8,15.66
2014-09-09,22.2,27.5,11.7,4.7,15.9
2014-09-10,22.6,28.7,0,5.4,18.68
2014-09-11,23.3,27.3,0.1,5.3,18.53
2014-09-12,22.5,26.8,2.1,3.7,14.32
2014-09-13,21.9,26.1,1.3,4.1,15.62
2014-09-14,21.3,26.2,3.8,3.4,13.02
2014-09-15,21.2,26.1,3.2,5.2,14.28
2014-09-16,21.8,26.5,0.1,6.3,16.75
2014-09-17,22.8,27.3,9,7.3,16.77
2014-09-18,22.7,28.1,0.2,5.8,15.99
2014-09-19,23.7,29.2,0,8.7,18.15
2014-09-20,23.1,28.8,0,7,16.97
2014-09-21,22.3,27.4,2,3.6,14.54
2014-09-22,20,22.3,1.6,3.9,8.81
2014-09-23,19.3,21.9,1.2,3.3,7.23
2014-09-24,18.3,23,7.3,5.2,12.53
2014-09-25,18.6,23.7,3.2,4.1,15.49
2014-09-26,18.3,24.3,2.8,3.8,14.29
2014-09-27,17.8,25,0,5.8,18.65
2014-09-28,19,21.5,15.6,4.9,7.46
2014-09-29,21.2,25.6,14.5,4.3,11.25
2014-09-30,20,23,1.6,8.8,8.64
2014-10-01,20.2,25.5,1.6,4.3,13.89
2014-10-02,20,26.3,0,5.2,15.48
2014-10-03,19.1,25.5,0,5.4,15.78
2014-10-04,19,25.4,0.3,3.2,13.53
2014-10-05,18.1,22.3,15.1,5.4,8.92
2014-10-06,19.3,24.5,5,8.4,12.38
2014-10-07,20.8,27.1,0,8.6,15.54
2014-10-08,21.1,27.1,0,13.2,16.6
2014-10-09,21.3,27.9,0,10.8,15.47
2014-10-10,20.6,26,0,7.4,13.93
2014-10-11,19.8,25,0,6.4,13.85
2014-10-12,21.1,26,5.1,11.2,12.14
2014-10-13,20,25,0,11.5,14.82
2014-10-14,17.8,23,0,7.2,11.62
2014-10-15,17.5,23.8,0,7.6,12.95
2014-10-16,19.3,27.1,0,8.6,14.19
2014-10-17,20.7,26.9,0,7.1,14.14
2014-10-18,19.8,27.6,0,6.1,13.78
2014-10-19,19.9,26.3,0,4.2,11.92
2014-10-20,19.6,28.3,0,4,12.78
2014-10-21,20.1,27.4,0,4.7,13.56
2014-10-22,18.1,22.7,0.1,11.5,10.92
2014-10-23,16.1,24.2,0,4.1,13.64
2014-10-24,17.2,25.9,0,4.7,13.41
2014-10-25,18.7,26.3,0,3,11.79
2014-10-26,17.9,24.3,0,3.9,12.43
2014-10-27,16.3,20.5,0,4.8,7.82
2014-10-28,17.2,20.7,0.1,4.8,7.36
2014-10-29,17,21.8,0.3,4.1,7.66
2014-10-30,16.8,22,0,3.8,9.57
2014-10-31,15.8,22,0,3.8,10.86
2014-11-01,16.4,22.5,0,5.1,10.73
2014-11-02,16.3,23.4,0,8.7,10.39
2014-11-03,16.8,20.5,1.1,15.3,8.28
2014-11-04,15.4,18.5,16.7,11.3,2.89
2014-11-05,11.1,16.4,4.3,4.7,9.14
2014-11-06,10.4,17.2,0,4.6,11.79
2014-11-07,11,18.7,0,4.8,10.68
2014-11-08,12.8,17.5,0,9,7.76
2014-11-09,12.5,17.2,0.1,6.4,7.66
2014-11-10,12.8,16.6,0,5.5,5.36
2014-11-11,11.4,16.5,1.1,13.5,8.11
2014-11-12,11.9,18.5,0,6.7,9.79
2014-11-13,11.6,20.5,0,4.7,10.48
2014-11-14,13.5,18.4,1.1,9.7,3.99
2014-11-15,13.3,17.5,0,5.6,8.38
2014-11-16,12,17.5,0,9.8,9.19
2014-11-17,11.3,14.7,0.8,4.9,6.34
2014-11-18,9.9,17.4,0,4.4,9.96
2014-11-19,9.9,17.7,0,5.8,9.57
2014-11-20,11.4,18.8,0,5.7,7.37
2014-11-21,14,19.9,0,5.9,6.91
2014-11-22,15.3,20.9,0,4.5,7.35
2014-11-23,16.3,20.7,0,5.5,5.68
2014-11-24,16.6,20.3,4.7,8.2,5.47
2014-11-25,15.3,17.9,1.8,4.1,3.97
2014-11-26,14,16.6,5.2,4,4.05
2014-11-27,12.3,16.9,1,8.4,6.09
2014-11-28,15.6,18.8,17,6.6,4.79
2014-11-29,16.7,18,39.5,13.2,1.22
2014-11-30,15.5,17.3,75.8,15.6,1.57
2014-12-01,13,14.6,6.1,17.4,5.79
2014-12-02,11.2,15.6,0,7.5,7.5
2014-12-03,8.8,11.4,1.3,3.6,3.57
2014-12-04,8.7,9.9,2.8,5.8,3
2014-12-05,9.3,12.9,6.3,4.4,5.5
2014-12-06,7.6,12,1.6,4.2,7.23
2014-12-07,8.5,14.5,1.4,4.9,8.21
2014-12-08,7.6,13.8,1.8,5.4,7.17
2014-12-09,7.8,10.4,1.1,23,8.43
2014-12-10,6.4,14.1,0,7.2,7.31
2014-12-11,8.9,16,0,4.4,7.94
2014-12-12,7.8,14.6,0,8,6.45
2014-12-13,9.2,14.7,0,11.1,5.18
2014-12-14,8.9,14.4,0,5.5,4.85
2014-12-15,10.1,11.3,14.2,8.7,1.71
2014-12-16,9.7,14.7,0.4,5.8,6.56
2014-12-17,8.1,12.5,0.9,3.6,2.72
2014-12-18,11.7,19.1,0,5.1,6.93
2014-12-19,11.3,16.4,0,3.3,5.89
2014-12-20,11.9,17.3,0,3.4,7.04
2014-12-21,9.1,15.9,0,3.8,7.89
2014-12-22,6.9,14.6,0,3.4,8.2
2014-12-23,6.8,14.9,0,3.3,8.22
2014-12-24,6.4,12.6,0,3,7.87
2014-12-25,6.2,14.9,0,4.4,7.57
2014-12-26,7.3,13.4,0,4.3,7.41
2014-12-27,6.4,11.6,0.9,4.7,4.43
2014-12-28,6.8,10.1,9.5,8.7,7.49
2014-12-29,4.5,9.4,0,17.6,8.72
2014-12-30,5.4,11.1,0,10.7,8.32
2014-12-31,4.2,11.8,0,4.7,8.55
2015-01-01,4.1,10.6,0,4.3,8.22
2015-01-02,5.2,15.7,0,3.7,8.33
2015-01-03,8.3,17.9,0,3.2,8.2
2015-01-04,9.3,16.9,0,3.8,8.55
2015-01-05,6.5,14.4,0,3.8,8.52
2015-01-06,6.9,14.3,0,4.4,8.67
2015-01-07,6.8,13.6,0,3.7,7.69
2015-01-08,6.4,15.1,0,4.1,8.74
2015-01-09,7,15.8,0,4.5,8.77
2015-01-10,9.9,19.5,0,3.5,8.67
2015-01-11,10,16.3,0,4.2,8.26
2015-01-12,8.3,17.7,0,5.9,8.97
2015-01-13,9.9,16.2,0.3,12.7,7.61
2015-01-14,8.7,16.6,0,5.1,8.8
2015-01-15,11,17.2,0,17.5,9.18
2015-01-16,10.3,14,1.8,7.7,4.89
2015-01-17,6.7,12.2,7.4,4.2,7.73
2015-01-18,5,11.3,0,10.2,8.73
2015-01-19,5.5,6.6,13.4,7,1.58
2015-01-20,6.3,9.9,0.1,5.9,7.73
2015-01-21,4.6,9.1,0,5.2,7.81
2015-01-22,5.1,10.4,0,9.7,9.82
2015-01-23,5.7,13.9,0,7.8,10.21
2015-01-24,6.2,14.7,0,6.2,10.27
2015-01-25,8.2,11.8,0,22.5,10.17
2015-01-26,6.2,10.5,0,6.3,7.42
2015-01-27,7.5,13,0,6.2,8.68
2015-01-28,6.5,12.4,0,5.7,7.4
2015-01-29,8.2,14.7,0,7.7,7.25
2015-01-30,9.2,11.8,3.2,7.9,8.2
2015-01-31,6.8,11.5,5.4,4.5,7.29
2015-02-01,4.3,10.2,0,6.5,10.62
2015-02-02,4.2,10.1,0,5.3,10.97
2015-02-03,3.5,6,5.3,6.5,2.67
2015-02-04,2.7,4.4,4.7,14.9,3.57
2015-02-05,4.6,8.2,1.4,16,10.22
2015-02-06,2.9,7.8,0.7,7.6,11.06
2015-02-07,4,9.1,0.5,5.4,7.81
2015-02-08,5.4,12.6,0,5,12.44
2015-02-09,6.6,13.9,0,7.8,12.72
2015-02-10,6.3,15.5,0,5.4,12.97
2015-02-11,6,14.8,0,5.9,12.84
2015-02-12,6.5,14.1,0,4.9,11.7
2015-02-13,9.4,15.9,0,8.2,12.64
2015-02-14,8,11.9,0.1,5.3,8.18
2015-02-15,8.8,13.2,3.5,4.9,6.93
2015-02-16,8.5,15,0.4,8,11.76
2015-02-17,9.9,13.7,0,12.8,10.57
2015-02-18,9.4,14.1,0,10.9,13.91
2015-02-19,7.4,13.2,0,6.2,13.28
2015-02-20,7.1,14.6,0,9.8,14.33
2015-02-21,7.9,10.4,4.3,10.5,5.59
2015-02-22,6.5,12.3,0,15.1,15.51
2015-02-23,8.9,17.2,2.2,4.7,12.78
2015-02-24,8.6,13.2,7.2,10.7,14.98
2015-02-25,10.5,15,0,12.7,10.39
2015-02-26,11.1,14.2,2.8,6.5,5.57
2015-02-27,9.7,12.6,5.1,12.3,10.14
2015-02-28,7.8,14,0,5.5,14.82
2015-03-01,11.3,18.2,0.2,4.7,9.81
2015-03-02,14.1,20.4,0.4,4.5,11.25
2015-03-03,13.4,16.8,0.1,4.5,5.34
2015-03-04,9.8,11.7,14.3,11.1,5.43
2015-03-05,10.3,15.7,0,25,18.04
2015-03-06,9.7,16.6,0,8,17.59
2015-03-07,9.1,16.4,0,5.8,17.62
2015-03-08,9.5,16.3,0,4.7,15.49
2015-03-09,10.7,17.4,0,4.9,17.4
2015-03-10,11.7,18.8,0,4.1,17.82
2015-03-11,13.9,22.8,0,3.6,15.78
2015-03-12,12.7,19.1,0,6.8,18.21
2015-03-13,12,17,4.1,6.2,12.38
2015-03-14,7.3,10.5,18.6,6,9.5
2015-03-15,5.4,11.3,0.7,6.3,12.78
2015-03-16,7.1,10.6,4.4,4.8,12.26
2015-03-17,8,14.2,0.3,7.6,9.84
2015-03-18,11.8,14.9,0.3,9.1,10.56
2015-03-19,12.4,16.5,0.2,9.9,16
2015-03-20,12.1,15.1,1.6,13.5,12.92
2015-03-21,11.8,12.4,35.5,14.3,2.54
2015-03-22,10.4,12.3,2.4,14.2,12.27
2015-03-23,11.2,14.6,6.8,8.1,10.9
2015-03-24,10.6,13.5,10.4,9.8,7.7
2015-03-25,9.5,12.3,0.8,14.4,7.38
2015-03-26,10.7,16.1,0,6.8,16.4
2015-03-27,13.5,21.6,0,4.3,21.7
2015-03-28,16,24,0,5.5,20.24
2015-03-29,14.6,20,0,5.2,16.77
2015-03-30,16.8,23.3,0,4.7,13.39
2015-03-31,16.4,22.9,0,5.7,21.42
2015-04-01,14,18.3,0.9,4.8,13.6
2015-04-02,13.6,19.3,0,4.8,17.9
2015-04-03,13.7,19.5,0,5.1,21.01
2015-04-04,13.5,17.3,2,5.4,13.26
2015-04-05,12.4,16.9,2.1,7.9,14.11
2015-04-06,10.6,15.3,0,8.3,20.84
2015-04-07,10.1,16.2,0,9,22.76
2015-04-08,11.1,18.8,0,9.9,24.87
2015-04-09,11.3,19.4,0,10.2,24.94
2015-04-10,12.2,18.8,0,10.9,24.34
2015-04-11,12.9,17.5,0,7,21.08
2015-04-12,14.3,20.6,0,5.7,24.5
2015-04-13,15.1,22.8,0,4.6,24.98
2015-04-14,16.3,24.8,0,6.1,25.6
2015-04-15,15.5,22,0,9,24.71
2015-04-16,16,21.3,8.4,6.1,17.86
2015-04-17,15.8,20.8,1.2,4.9,18.19
2015-04-18,16.4,23.4,0.2,7.7,21.87
2015-04-19,14.3,17,11.9,7.1,14.94
2015-04-20,14.4,19.1,0,6.5,18.8
2015-04-21,15.7,22.6,0,7.1,26.08
2015-04-22,15.1,20.7,0,9.7,22.08
2015-04-23,15.3,21.4,0.6,4.5,21.51
2015-04-24,16.8,24,0,6.2,25.66
2015-04-25,18.9,23.2,0.2,9,21.72
2015-04-26,17.5,21.5,1.7,9.6,17.97
2015-04-27,14.7,16.9,12,5.9,12.18
2015-04-28,14.7,19.4,0.9,5.6,20.65
2015-04-29,14.1,19.6,1,4.8,17.11
2015-04-30,15.9,22.7,0,10.7,22.23
2015-05-01,17.9,23.8,0.4,8.3,18.51
2015-05-02,20.7,27.3,0.1,10,23.65
2015-05-03,20.8,27,0,5.2,22.91
2015-05-04,20.1,24.9,0,4.9,24
2015-05-05,19.3,23.8,0.1,5.3,17.37
2015-05-06,19.1,24.4,0.1,5.1,22.93
2015-05-07,18.4,25,0,7,25.73
2015-05-08,19.3,26.6,0.4,10.4,24.83
2015-05-09,20.1,27,0,5.2,25.59
2015-05-10,21.1,27.9,0,4.7,25.63
2015-05-11,20.4,27.9,0,5.6,26.67
2015-05-12,20.4,27.5,0,6.1,27.87
2015-05-13,22.5,31.6,0,4.7,25.29
2015-05-14,22,29,0,6.6,24.55
2015-05-15,17.1,20.3,6.6,7.3,20.46
2015-05-16,19.5,26.3,0,11.9,26.01
2015-05-17,20.1,26.7,0,6.7,28.04
2015-05-18,20.6,27.5,0,5,27.77
2015-05-19,15.8,18.4,12,6.9,10.14
2015-05-20,13.6,16.7,21.8,5.8,15.13
2015-05-21,15.3,21.7,1.7,7.7,24.95
2015-05-22,16.4,23,0,9.4,28.21
2015-05-23,17.6,24,0,7.7,24.52
2015-05-24,19.2,24.2,0,5.9,22.87
2015-05-25,19.7,25.4,0,5.9,24.15
2015-05-26,19.4,24.4,0.5,6.1,24.35
2015-05-27,18.9,24.5,3.3,5.2,24.66
2015-05-28,19.2,25.8,0,6.2,26.9
2015-05-29,20.1,25.8,0,6.6,26.27
2015-05-30,20.3,24.1,0,4.5,20.75
2015-05-31,20,24.6,0.1,5.9,25.51
2015-06-01,21.3,26.3,1.5,6.5,23.89
2015-06-02,22.1,28.9,0,6.3,27.94
2015-06-03,23,28.6,0.2,5.6,25.68
2015-06-04,24.1,30.4,0,6.3,28.34
2015-06-05,23.7,31.4,0,8,29.83
2015-06-06,23.8,30.4,0,4.9,28.3
2015-06-07,24.7,31.3,0.4,5.7,27.33
2015-06-08,23.5,31.1,4.8,6.1,24.13
2015-06-09,22.4,28.4,8.2,3.8,22.17
2015-06-10,22.7,27.5,1,5.5,23.75
2015-06-11,22.2,27,1.6,7.3,23.08
2015-06-12,20.8,24.2,5.2,5.1,18.03
2015-06-13,20.7,25.3,3.2,5.4,22.28
2015-06-14,21.2,25.6,0.5,5.5,21.87
2015-06-15,19.9,25,14.1,4.5,21.53
2015-06-16,19.4,25,9.7,5.1,21.54
2015-06-17,21.8,28,0.1,6.4,26.58
2015-06-18,22.7,29.3,0,4.7,28.36
2015-06-19,23.6,28,0.5,4.2,25.75
2015-06-20,23.8,29.8,0.5,5.1,26.44
2015-06-21,23.4,28.4,0.4,4.8,26.76
2015-06-22,24.5,30.5,0,8.3,28.27
2015-06-23,23.3,27.8,7.9,5.2,18.35
2015-06-24,22.1,26.5,4.6,4.5,22.4
2015-06-25,22.5,28.4,0,5.3,26.63
2015-06-26,24.8,30.6,0,6.8,28.17
2015-06-27,25.6,30.5,0,6.5,26.42
2015-06-28,26.8,31.6,0,4,28.36
2015-06-29,27.4,33.3,0,4.3,27.87
2015-06-30,27.8,34.5,0,7.7,28.75
2015-07-01,27,33.2,0,9.1,29.29
2015-07-02,26.9,33,0,8.5,28.15
2015-07-03,27.9,34.6,0,10.7,28.83
2015-07-04,30,37.5,0,11.1,28.92
2015-07-05,30.8,39.1,0,8.8,28.27
2015-07-06,30.3,37,0,7.6,28.94
2015-07-07,29.7,37.7,0.8,5.2,28.13
2015-07-08,28.1,32.1,0,5.2,25.74
2015-07-09,26,31.5,0.7,6.2,25.23
2015-07-10,26.3,32,0,5.5,27.85
2015-07-11,26.8,31.5,0,5.8,26
2015-07-12,27.2,31.3,0,4.3,22.4
2015-07-13,27.6,32,0,4.4,21.61
2015-07-14,28,32.9,0,4.8,26.67
2015-07-15,28.2,33.6,0,4,25.57
2015-07-16,27,32,0,6.5,26.82
2015-07-17,27.3,32.2,0,5.8,25.96
2015-07-18,28,34.1,0,7.3,26.31
2015-07-19,27,32,1.1,5.2,22.74
2015-07-20,27.8,33.4,4.7,4.6,22.72
2015-07-21,29.1,34.5,0,4.9,25.8
2015-07-22,28.1,32,2,4,19.57
2015-07-23,27,30.9,1.9,4.3,21.18
2015-07-24,27.3,33.6,2.1,5.7,23.67
2015-07-25,25.2,27.7,10.5,5.8,16.8
2015-07-26,25.9,32.5,0,5.6,26.37
2015-07-27,25.2,26.5,1.3,5.1,11.29
2015-07-28,25.5,30,0,6.2,18.62
2015-07-29,24.7,28.1,6.2,5.7,8.7
2015-07-30,22.1,23.8,5,8.1,12.46
2015-07-31,22.8,26.5,3.7,5.3,18.21
2015-08-01,21.9,26.2,12.1,4.4,13.68
2015-08-02,24.6,30.2,0.9,5.2,25.96
2015-08-03,26.1,31.6,0,7.3,25.65
2015-08-04,26.7,30.4,0.2,6,20.24
2015-08-05,27.2,33.4,0,7.7,25.73
2015-08-06,26.7,32,0,5.9,25.24
2015-08-07,26.7,32,0,5.1,23.95
2015-08-08,25.3,30.1,19.8,3.7,13.4
2015-08-09,21.8,24.7,13,4.3,14.76
2015-08-10,23.2,29.6,0.2,4.6,23.86
2015-08-11,24.9,30.7,0,5.4,25.09
2015-08-12,25.9,30.6,0.4,6.7,17.91
2015-08-13,25.7,29.1,0.7,7.8,18.41
2015-08-14,21.6,26.4,18.4,4.8,15.31
2015-08-15,19,22.4,15.9,3.5,11.91
2015-08-16,20,25.8,0,4.9,20.25
2015-08-17,21.4,25.2,0.3,4.2,19.56
2015-08-18,20.2,22.8,6.1,3.3,11.33
2015-08-19,21.5,26.9,0.8,4.5,20.29
2015-08-20,22.9,28.6,0,5.1,22.44
2015-08-21,23.5,28.5,0.3,6.2,20.4
2015-08-22,23.9,29,1.4,8.4,19.27
2015-08-23,25.1,30.7,0,9.5,20.69
2015-08-24,24,29.4,0,7.2,21.64
2015-08-25,22.6,28.6,0,5.9,21.66
2015-08-26,23.7,30.4,0,9.8,23.08
2015-08-27,25.2,30.9,0,12,23.19
2015-08-28,25.4,31.5,0,6.8,20.65
2015-08-29,25.5,30.9,0,6.7,21.16
2015-08-30,24.7,30.8,0,6.7,23.36
2015-08-31,25.3,32.1,0,7.1,22.41
2015-09-01,24.1,28.8,6.5,5.9,15.22
2015-09-02,21.5,24.3,9.4,4.3,10.51
2015-09-03,20.3,21.4,10.5,6,8
2015-09-04,18.6,20.7,2.4,5.6,9.32
2015-09-05,18.8,23.3,5.1,3.8,13.92
2015-09-06,20.1,25.1,5.4,4.9,17.33
2015-09-07,19.7,24.1,4.9,3.5,15.57
2015-09-08,19.5,24.8,0,6.1,20.65
2015-09-09,19.3,26.5,0,6.2,20.84
2015-09-10,18.2,20.7,6.4,5,9.13
2015-09-11,19.2,25.2,0.9,7,15.73
2015-09-12,22.8,27.8,0.2,9.5,17.88
2015-09-13,22,27.6,0.6,10.2,14.51
2015-09-14,20.6,25.3,0,7.8,15.44
2015-09-15,20.7,26.2,0,11.2,11.98
2015-09-16,24.1,28.5,0.7,18.8,17.02
2015-09-17,23.4,27.3,0,11,19.06
2015-09-18,19.4,24.6,0,3.9,14.74
2015-09-19,19.5,25.4,0.7,4,15.08
2015-09-20,20.5,26.7,1.5,3.8,15.23
2015-09-21,19.4,25.7,0,5.1,15.87
2015-09-22,18.5,23.8,3.3,5.2,11.41
2015-09-23,18.2,22.4,18,5,13.27
2015-09-24,18.2,24.8,1,3.6,17.59
2015-09-25,18.7,25.8,0,3.8,18.34
2015-09-26,17.9,23.8,0.5,3.9,14.11
2015-09-27,17.5,23.5,1.6,4.6,13.83
2015-09-28,17.9,23.3,0,6.2,15.9
2015-09-29,15.2,16.9,46.3,7.9,3.77
2015-09-30,16.1,16.9,27.7,14.9,1.75
2015-10-01,16.4,20.7,4.8,6.9,13.43
2015-10-02,17.3,22.9,1.9,6.7,13.86
2015-10-03,17.5,21.6,8.2,8.2,8.11
2015-10-04,16.8,21.3,1,7.8,8.78
2015-10-05,20.8,26.8,0,9.7,14.81
2015-10-06,21.5,27,5.6,6.5,15.27
2015-10-07,17.4,21.1,4.6,4.3,10.04
2015-10-08,17,21.6,4.4,3.6,11.49
2015-10-09,16.2,22,0,7.5,15.68
2015-10-10,16.9,23.9,0,6.7,15.94
2015-10-11,16.7,24.1,0.7,5.1,15.01
2015-10-12,19,23.5,1.2,4,8.77
2015-10-13,17.4,19.7,7.7,3.7,6.92
2015-10-14,14.3,17.7,11.2,5.3,9.61
2015-10-15,11.5,16.4,3.5,3.8,9.63
2015-10-16,12.8,18.1,0.7,4.9,9.41
2015-10-17,14,19.4,0,4.6,9.15
2015-10-18,16.5,22.1,1.8,5.9,9.03
2015-10-19,16.6,18.3,0.7,6.4,5.39
2015-10-20,15.4,18.8,0,8.1,8.27
2015-10-21,13.4,17.5,0,8.9,9.29
2015-10-22,13.7,20.3,0,4.8,11.27
2015-10-23,14.6,21.6,0,4.2,13.78
2015-10-24,14.6,21.2,0,5.3,8.64
2015-10-25,16.3,20.5,0,4.3,8.85
2015-10-26,15.8,18.5,3.8,3.2,4.46
2015-10-27,17.1,21.1,0.3,6,8.53
2015-10-28,16.9,21.5,0.1,9.7,12.45
2015-10-29,14,20.7,0,3.3,11.5
2015-10-30,14.2,21.6,0,4.3,12.47
2015-10-31,13.9,20.6,0,6.9,12.15
2015-11-01,14.9,18.7,0.2,12,9.12
2015-11-02,15.1,17.7,21.1,14.1,3.63
2015-11-03,17.2,20.3,19.4,14.8,10.39
2015-11-04,15.8,21.9,0,5.5,11.35
2015-11-05,15.1,20.9,0.2,3.7,8.96
2015-11-06,15.7,23,0,3.5,11.02
2015-11-07,15.8,22.3,0,3.8,10.93
2015-11-08,16.3,21.2,0,6.2,8.75
2015-11-09,16.3,22.6,0,4,9.59
2015-11-10,16.5,23,0,3.9,10.8
2015-11-11,15.1,21.9,0,3.6,10.89
2015-11-12,14.2,19.4,0,3.7,10.36
2015-11-13,15.3,18.9,0,2.5,7.99
2015-11-14,13.5,20.9,0,3.5,10.55
2015-11-15,13.6,23.7,0,3.8,10.5
2015-11-16,13,21.3,0,4.4,9.95
2015-11-17,12.6,20.7,0,3.6,10.13
2015-11-18,12.9,22,0,3.4,9.18
2015-11-19,13.5,22.6,0,3.5,9.28
2015-11-20,13.7,20.1,0,3.3,8.91
2015-11-21,11.5,14.5,5.5,7.3,5.03
2015-11-22,6.4,11.7,0.1,8.2,8.29
2015-11-23,5,11.5,0,11,9.93
2015-11-24,4.5,12.2,0,6,9.87
2015-11-25,8.2,14.4,0,4.6,5.23
2015-11-26,10.3,13.7,0,14.3,6.87
2015-11-27,8.9,14.8,0,8.6,8.56
2015-11-28,8.3,16.4,0,5.3,8.39
2015-11-29,8,15.8,0,4.4,8.47
2015-11-30,8,16.8,0,3.1,8.98
2015-12-01,8.2,17.1,0,3.2,9.02
2015-12-02,6.9,14.7,0,3.7,7.95
2015-12-03,9,15.4,0,3.5,8.05
2015-12-04,9.3,15.9,0,3.8,7.4
2015-12-05,10.2,15.3,0.2,4.7,6.21
2015-12-06,10.8,16.6,0,5.3,5.56
2015-12-07,11.3,16.6,0,5.8,6.22
2015-12-08,12.5,18.3,0,7.5,6.65
2015-12-09,12.1,17.5,0.7,3.4,6.66
2015-12-10,8.5,15.3,0,4.1,7.88
2015-12-11,7.6,15.4,0,5,7.82
2015-12-12,6.9,14.8,0,5.7,7.1
2015-12-13,7.9,14.2,0,5.4,5.13
2015-12-14,6.6,14.1,0,6.3,7.14
2015-12-15,7.9,16.1,0,4.7,7.35
2015-12-16,10.4,19.7,0,3.1,7.42
2015-12-17,11.2,18.1,0,4.3,7.71
2015-12-18,10.9,16.3,0,3,6.1
2015-12-19,10.9,16.4,0,3.8,6.35
2015-12-20,11.3,15.3,0,5,5.3
2015-12-21,11.2,17.1,0,4.5,6.74
2015-12-22,9,17.1,0,7.2,8.19
2015-12-23,9.8,15.7,0,5.2,7.11
2015-12-24,11.4,17.5,0,11.1,7.56
2015-12-25,8.7,16.9,0,5,7.33
2015-12-26,8.8,17.7,0,6.5,7.6
2015-12-27,9.3,16.4,0,5.8,6.96
2015-12-28,10.4,15.3,0,11.8,6.06
2015-12-29,12.7,17.2,0,9.5,6.64
2015-12-30,10.2,16.1,0,5.1,7.39
2015-12-31,9.8,15.4,0,4.1,5.94
2016-01-01,10.3,14.6,0,10.1,4.5
2016-01-02,11,14.8,2.5,7.9,5.29
2016-01-03,8.3,11.9,0,6.8,5.11
2016-01-04,10.7,13,1.2,4.4,3.51
2016-01-05,8.9,12.3,12.4,4.4,4.76
2016-01-06,6.8,13,0.5,6.7,7.53
2016-01-07,10.4,17,0,8.3,6.44
2016-01-08,14,20.2,0,9.5,8.41
2016-01-09,13.7,17.7,0,7.8,5.67
2016-01-10,14.4,18.1,0,20.4,8.27
2016-01-11,14.3,17.1,0.3,17.8,6.36
2016-01-12,9.1,15,0,6.1,8.92
2016-01-13,7,13.3,0.3,7.5,6.74
2016-01-14,9,12.5,0,8.5,4.34
2016-01-15,7.5,10.7,11.9,5.7,4.76
2016-01-16,5.7,9.3,0,19.5,9.81
2016-01-17,4,11.2,0,4.2,9.51
2016-01-18,5.1,9.5,1.2,4.1,6.7
2016-01-19,5.5,12.7,0,5,7.53
2016-01-20,6.4,14.2,0,4.9,9.02
2016-01-21,6.6,14.1,0,3.9,8.38
2016-01-22,7,13.7,0,3.6,7.52
2016-01-23,10.5,18.6,0,3.2,9.01
2016-01-24,10,15.8,0,4.5,8
2016-01-25,11.8,16.7,0,4.6,8
2016-01-26,11.3,17.1,0,3.7,8.63
2016-01-27,12.5,19.8,0,6.6,10.3
2016-01-28,11.6,18,0,9.4,9.39
2016-01-29,11.9,15.9,0,3.3,6.76
2016-01-30,10.7,16.9,0,4,9.98
2016-01-31,11.1,17.3,0,4.2,7.15
2016-02-01,12,19.9,0,5.2,11.24
2016-02-02,11.3,18.3,0,4.1,10.79
2016-02-03,11,15.2,2.8,7.7,5.52
2016-02-04,7.9,15.2,0,6.1,11.74
2016-02-05,8.6,18.2,0,6.3,11.78
2016-02-06,10.3,14.8,0,14.8,8.87
2016-02-07,10.6,13.2,7.2,9.8,6.56
2016-02-08,10,18.2,0,5.3,12.19
2016-02-09,12.2,17.6,0.9,16.4,9.06
2016-02-10,9.7,14,4.8,6.2,5.08
2016-02-11,9.5,12.4,0.4,5.1,3.05
2016-02-12,11.9,16.2,3.9,10.3,8.62
2016-02-13,14.4,22,0,5.2,12.38
2016-02-14,11.6,15.3,14.1,5.7,5.32
2016-02-15,8.7,13.3,1.8,16.2,13.82
2016-02-16,7.2,13.3,0,13.8,13.53
2016-02-17,5.3,12.4,0,6,14.02
2016-02-18,5.7,10.9,0.2,5.5,10.35
2016-02-19,6.6,13.6,0.7,4.2,13.82
2016-02-20,7.9,16,0,3.9,13.91
2016-02-21,10.2,20.8,0,6.9,14.61
2016-02-22,13.5,18.6,0.9,6.9,11.24
2016-02-23,11.1,16.6,0,5.1,11.63
2016-02-24,11.4,17.8,0,5,12.33
2016-02-25,10.8,16.6,1.6,4.4,11.26
2016-02-26,8.3,11.1,4.1,5.3,3.72
2016-02-27,8.6,12.4,14.4,9.2,9.6
2016-02-28,8.4,11.8,8.5,15.7,10.99
2016-02-29,9.6,15.9,0,6.7,13.26
2016-03-01,10.1,17.8,0,6.1,16.56
2016-03-02,12.1,19.3,2.8,5.8,13.05
2016-03-03,9.6,14.3,1.1,5.6,14.27
2016-03-04,10.6,17.6,0,13.6,16.01
2016-03-05,10,14.8,6.3,6.1,10.85
2016-03-06,7,11.3,5.1,3.9,13.54
2016-03-07,7.4,12.7,2.1,4.8,12.74
2016-03-08,8.6,13.7,1.8,10.4,15.56
2016-03-09,6.2,10.4,1.5,5.9,8.17
2016-03-10,7.6,14.1,0,13.1,17.96
2016-03-11,9.4,16.4,0,11.2,18.17
2016-03-12,9.1,16.1,0,6.9,17.41
2016-03-13,8.4,14.4,0,5,15.73
2016-03-14,8.8,13.4,3.1,7,14.31
2016-03-15,9.4,13.4,2.1,8.6,13.49
2016-03-16,7.8,11.3,7.4,6.9,7.89
2016-03-17,7.4,10.4,11,8.2,8.78
2016-03-18,9.4,14.8,0,5.4,16.33
2016-03-19,10.2,14.6,1.9,6.1,9.41
2016-03-20,11.9,15.5,3.5,4.5,10.84
2016-03-21,12.7,16.7,0,8.3,15.38
2016-03-22,13.1,18.7,0,11.3,16.44
2016-03-23,12.8,20.1,0,10.4,20.22
2016-03-24,12.4,19.7,0,8,20.68
2016-03-25,11.6,16.2,0,3.6,12.11
2016-03-26,13.6,21.9,0,6.5,20.29
2016-03-27,12.9,16,0.5,7.6,12.95
2016-03-28,13.3,18.9,0,7.9,15.58
2016-03-29,14.5,23.3,0,5.9,17.88
2016-03-30,15.1,23,0,8.6,22.59
2016-03-31,15.4,23.5,0.2,7.7,20.44
2016-04-01,12.1,15.9,5.6,13.1,16.84
2016-04-02,12.5,17.8,2,5.8,9.24
2016-04-03,13.5,18.7,0,13.8,22.28
2016-04-04,13.9,18.7,0.1,12.6,16.73
2016-04-05,13.1,14.4,25.2,8.5,4.54
2016-04-06,15.6,21.6,0,12.6,22.03
2016-04-07,14,19.2,1.9,6.4,16.86
2016-04-08,11.3,16,6.4,8.1,17.44
2016-04-09,12,19.5,0,5.9,23.27
2016-04-10,13.5,20.1,0,12.6,23.32
2016-04-11,15.1,21.2,0,12,23.43
2016-04-12,15.1,21.7,0,11.9,22.51
2016-04-13,15.8,21.9,0.7,7.1,21.3
2016-04-14,15.6,23.8,0,10.8,24.89
2016-04-15,16.9,23.4,0,10.4,23.88
2016-04-16,17.5,24.5,0.4,11,24.23
2016-04-17,18.1,23.6,0,6.9,20.97
2016-04-18,15,20,0,5.3,19.37
2016-04-19,14.6,20.5,0,9.1,25.84
2016-04-20,15.5,20.7,0.3,9.6,23.93
2016-04-21,14.1,17.1,18.9,4.6,9.6
2016-04-22,13.5,18.7,4.4,4.1,13.91
2016-04-23,13.7,19.5,17.9,4.7,19.59
2016-04-24,12.6,17.8,7.3,5.5,20.17
2016-04-25,13.2,17.9,0,8.5,21.07
2016-04-26,12.6,16.6,0.1,5.5,14.94
2016-04-27,12.6,14.3,0.6,5.2,7.69
2016-04-28,12.3,15.4,8.8,5.8,12.28
2016-04-29,13,17.8,0.1,6.1,17.22
2016-04-30,11.5,14.5,11.4,6.2,10.56
2016-05-01,11.2,16.8,0.9,13.7,27.13
2016-05-02,14.7,23.1,0,10.8,27.54
2016-05-03,15.3,22.3,0,5.2,27.31
2016-05-04,15.7,22.5,0,5.3,27.75
2016-05-05,14.5,21,0,7,26.83
2016-05-06,14.6,18.4,0.7,6,16.86
2016-05-07,15.4,19.2,0,5.1,19.08
2016-05-08,14.3,18,3.4,7,7.76
2016-05-09,15.7,17.2,16.4,7.1,5.87
2016-05-10,16,21.7,5.1,8.2,18.4
2016-05-11,15.2,19.6,4.4,5.5,16.43
2016-05-12,14.6,21.6,5.6,4.2,21.32
2016-05-13,14.9,20.3,7.7,4.6,18.54
2016-05-14,16.9,22.5,7.3,4,21.91
2016-05-15,16.3,21.8,9.6,6.4,22.21
2016-05-16,16.9,20.1,2,5,14.36
2016-05-17,16.7,20.2,0.6,5.8,15.48
2016-05-18,17,23.3,8,5.7,23.5
2016-05-19,16.6,18.8,9,5.7,13.44
2016-05-20,17.9,23.3,0.1,4.8,23.09
2016-05-21,19.3,25.1,0,12.1,28.61
2016-05-22,17.4,23,9.2,11.7,24.63
2016-05-23,14.8,19.1,4.3,5,22.27
2016-05-24,16.6,23.1,0,8.2,26.33
2016-05-25,18.6,23.6,0,7.6,20.72
2016-05-26,18.4,22.8,0,6.9,24.84
2016-05-27,19.4,24.9,0,6.4,27.96
2016-05-28,19.3,24,0,7.5,21.53
2016-05-29,18.3,22.6,9.1,6.2,22.03
2016-05-30,16.6,21.9,8.1,5,21.24
2016-05-31,16.4,21,7.7,4.5,19.84
2016-06-01,17,20.8,3.9,4.5,20.49
2016-06-02,18.3,23,0.3,4.8,18.55
2016-06-03,20.1,25.3,0,4.8,23.69
2016-06-04,18.8,23,4.3,5.3,19.56
2016-06-05,20.3,25.6,1.4,4.5,22.85
2016-06-06,21.3,26.8,0,5.2,24.04
2016-06-07,22.5,27.3,0.4,4.5,25.66
2016-06-08,23.3,28.3,0.4,4,25.84
2016-06-09,24.8,28.9,0,3.5,24.45
2016-06-10,22.9,27.3,0,5.3,24.14
2016-06-11,21.5,25.4,4.9,4.2,16.14
2016-06-12,20.9,24.1,0.1,3.8,16.08
2016-06-13,21.7,26.1,9.1,4.9,17.21
2016-06-14,19.9,22.3,12.4,6,13.71
2016-06-15,19.1,21.8,1,6,18.99
2016-06-16,18.2,21.8,3,5.4,19.34
2016-06-17,17.4,22.6,1.3,5.4,20.98
2016-06-18,15.7,19.2,13.4,5.3,15.87
2016-06-19,18.5,25.4,0,6.6,26.28
2016-06-20,20.2,27.2,0,5.8,28.56
2016-06-21,22.9,29.6,0,4.8,28.3
2016-06-22,23.8,30.3,0,6.5,29.06
2016-06-23,24.3,31.4,0,11.9,29.63
2016-06-24,24.2,29.7,0,6.7,28.69
2016-06-25,25.2,29.8,0.2,5.2,24.17
2016-06-26,23.1,26.1,1,4.5,18.05
2016-06-27,23.2,27.6,0.5,5,20.45
2016-06-28,24.7,30.3,0,5.5,25.11
2016-06-29,24.8,29.4,0.3,7,23.55
2016-06-30,24,27.9,1.8,3.5,18.48
2016-07-01,25.1,29.7,0,5.9,24.66
2016-07-02,24.7,29.3,0,5.7,23.29
2016-07-03,24.2,29.6,0.1,5.7,21.1
2016-07-04,25.6,31.8,0,4.9,27.98
2016-07-05,26.6,31,1.4,6.2,22.95
2016-07-06,26.7,31.8,0.5,4.4,24.75
2016-07-07,27.2,32,0.5,6.1,25.96
2016-07-08,26.7,30.2,4.6,6.1,22.08
2016-07-09,27.4,33.3,0,5.2,25.34
2016-07-10,28.1,33.7,0,6,25.89
2016-07-11,27,30.8,0,6.2,25.8
2016-07-12,24.9,29.8,3,7.6,21.5
2016-07-13,21.6,23.8,12,7.2,17.29
2016-07-14,19.6,22.8,11.6,7.5,16.69
2016-07-15,21.9,29.3,0,8.7,26.56
2016-07-16,22.7,28.4,0,5.3,26.86
2016-07-17,23.5,29.6,0,6.8,28.02
2016-07-18,24,31.1,0,8.9,29.19
2016-07-19,24.9,32.5,0,10.3,28.57
2016-07-20,26.4,34.1,0,6.4,26.73
2016-07-21,26.6,30.7,0.1,5.6,23.13
2016-07-22,24.7,27.4,0.6,12.3,22.1
2016-07-23,24.4,29.8,7,10.6,21.18
2016-07-24,26.2,32.4,0,6.5,25.31
2016-07-25,26.9,32.6,0.5,5.3,23.99
2016-07-26,27.3,32.4,0.3,5.1,24.13
2016-07-27,26.4,30.9,1.8,3.7,22.73
2016-07-28,25.8,30.1,1.3,4.6,18.59
2016-07-29,26.6,32.5,0,5.1,24.82
2016-07-30,28.3,34.8,0,10,26.87
2016-07-31,25.5,31.5,4.1,6.9,20.65
2016-08-01,23.9,28.7,5.2,5.3,16.17
2016-08-02,25.1,30.4,0.3,4,20.52
2016-08-03,26.8,33.2,0,5.4,24.05
2016-08-04,27.7,34.4,0,7.9,22.64
2016-08-05,24.2,28,4.9,9,15.8
2016-08-06,24.2,30.7,2.2,5.5,19.11
2016-08-07,24.7,31.6,0,8.9,26.86
2016-08-08,26,33.6,0,5.4,26.6
2016-08-09,24.6,30.2,6.6,5.6,20.52
2016-08-10,22.4,28.1,11.3,5.7,22.02
2016-08-11,21.9,27.4,4.1,4.3,18.99
2016-08-12,22.4,29.1,0,5.6,23.88
2016-08-13,22.6,28.8,0,6.6,25.47
2016-08-14,23.5,30.3,0,6.9,25.24
2016-08-15,24.5,31.1,0,8.7,24.35
2016-08-16,25.1,30.9,0.5,6.2,20.44
2016-08-17,25,30.1,0,5.2,17.81
2016-08-18,25.2,29.1,2.1,4.2,16.34
2016-08-19,25.9,32.3,0.4,5,23.13
2016-08-20,24.7,27.9,0,9.4,13.15
2016-08-21,23.7,28.2,4.3,6.7,15.16
2016-08-22,24.1,30.9,0,5.8,24.14
2016-08-23,24.2,31.1,0,5.8,24.66
2016-08-24,24.8,32.9,0,6.1,24.66
2016-08-25,24.7,31.1,0,5.4,24.56
2016-08-26,23.9,30.8,0,5,24.44
2016-08-27,24.5,32.1,0,7.2,23.33
2016-08-28,25.6,30.9,0,4.8,21.06
2016-08-29,25.2,29.3,5.1,4.1,17.08
2016-08-30,22.7,26.6,9.8,4.6,15.11
2016-08-31,23,28.3,0,5.8,20.31
2016-09-01,24.9,31.6,0,5.6,19.5
2016-09-02,25.1,31.7,0,5.5,20.73
2016-09-03,25.7,31.8,0.3,6,20.24
2016-09-04,26.6,32.7,0,5.8,19.4
2016-09-05,28.1,33.1,0,3.8,20.95
2016-09-06,26.8,33.5,0,7.2,20.49
2016-09-07,24,28.4,0,7.7,19.09
2016-09-08,23.8,29.4,0,5.7,17.5
2016-09-09,24.3,29.8,1.2,3.8,13.23
2016-09-10,24.3,30.2,4.8,4.9,15.66
2016-09-11,24.6,31.3,0,6.1,18.12
2016-09-12,24.8,31.4,0,10.3,20.42
2016-09-13,24.3,29.9,0,11,20.17
2016-09-14,19.8,22.4,29.6,5.9,7.57
2016-09-15,18.7,24.4,0.3,9.6,19.08
2016-09-16,19.4,26.2,0,8.1,18.96
2016-09-17,18.2,22,9.4,4.8,10.32
2016-09-18,17.8,22.9,1.9,4.2,17.4
2016-09-19,20.5,27.8,0,4.9,19.08
2016-09-20,19.1,22.8,3.9,4.1,9.76
2016-09-21,19.9,24.7,0.5,5,12.49
2016-09-22,19.9,25.9,0,4.9,17.43
2016-09-23,19.8,25.2,0,4.4,12.2
2016-09-24,19.1,25.7,1.7,4.5,14.79
2016-09-25,19.6,26,6.1,4.8,13.53
2016-09-26,19,25.4,0,4.5,13.83
2016-09-27,19.8,25.6,0.7,4.6,14.22
2016-09-28,20.4,25.5,0,8.7,18.22
2016-09-29,18.9,26.6,0,9.4,18.07
2016-09-30,20.3,26.5,0,10.9,17.79
2016-10-01,20.4,26.1,0,7,14.27
2016-10-02,19.7,24.1,1.7,4.1,11.48
2016-10-03,19.3,24.1,0,4.5,10.52
2016-10-04,18.6,24.9,0,4.1,11.27
2016-10-05,18.7,23.6,1,3.9,10.85
2016-10-06,16.3,17.9,13.5,5.4,5.19
2016-10-07,16.9,24.1,0,4.6,15.02
2016-10-08,17.4,19.1,1.6,5.4,5.52
2016-10-09,15.9,19.5,1.4,5.4,8.13
2016-10-10,15.2,18.9,3.2,5,9.12
2016-10-11,14.4,17.4,1.2,5.8,8.68
2016-10-12,14.1,19,22.1,6.7,9.23
2016-10-13,17.2,21.2,29.8,4.2,6.07
2016-10-14,16.2,20,21.3,4.2,8.74
2016-10-15,16.5,23.1,0,7.7,14.66
2016-10-16,16.9,23.3,0,10.8,14.56
2016-10-17,17.3,21.9,0.7,5.4,6.79
2016-10-18,18.5,23.4,1.3,4,11.76
2016-10-19,16.6,19,4,4.7,6.28
2016-10-20,14.5,17,1.1,4.8,4.92
2016-10-21,13.2,16.6,0,4.8,5.3
2016-10-22,12.5,14.9,9.1,4.4,3.03
2016-10-23,16.9,22.7,1.3,10.5,10.16
2016-10-24,19.1,24.3,0,4.9,11.31
2016-10-25,18.4,22.8,3.5,4.4,7.07
2016-10-26,18.8,23.6,0.9,4.2,10.05
2016-10-27,17.3,22,0,4.6,11.51
2016-10-28,15.1,21.5,0,3.4,12.65
2016-10-29,13.9,22.2,0,3.5,13.06
2016-10-30,13.3,20.6,0,3.9,12.69
2016-10-31,13.4,20.2,0,4.5,11.53
2016-11-01,15.5,22.4,0,9,12.29
2016-11-02,14.1,21.8,0,4.2,11.85
2016-11-03,13.5,19.5,0,3.8,11.7
2016-11-04,14.4,20.1,0.4,5.4,9.04
2016-11-05,16.3,20.4,10.1,12.8,7.82
2016-11-06,11.3,12.6,25.4,4.9,4.45
2016-11-07,8.8,11.9,1.5,5.7,7
2016-11-08,8.3,14.2,0.2,5.3,11.08
2016-11-09,10.6,16.7,0,6,10.66
2016-11-10,11.4,17.2,0,3.4,9.96
2016-11-11,11.5,17.4,0.1,4.5,9.11
2016-11-12,11.7,17.5,0,4.4,7.81
2016-11-13,11.2,16.4,0,3.5,6.13
2016-11-14,11.3,15,2.5,12.9,10.13
2016-11-15,9.4,15.2,0,8.4,10.51
2016-11-16,9,15.8,0,4.7,10.17
2016-11-17,10.6,18.6,0,4.3,9.78
2016-11-18,12.6,19.6,0.1,7.1,8.67
2016-11-19,12.7,15.5,0.4,5.1,5.01
2016-11-20,14.2,18.3,0,18.2,8.23
2016-11-21,16.4,18.5,5,19.5,4.36
2016-11-22,16.2,18.7,8.2,7.1,4.33
2016-11-23,15.5,18.8,14.1,9.1,5.97
2016-11-24,11.5,15.3,0.6,8,9.16
2016-11-25,8.6,14.7,0,6.8,8.64
2016-11-26,8.8,13.2,6.1,5,4.5
2016-11-27,10.9,14.6,12.3,6.3,5.69
2016-11-28,9.4,13.9,0,4.5,6.85
2016-11-29,9.7,12,1.1,7.7,4.27
2016-11-30,8.8,13.7,0,4.9,8.4
2016-12-01,6.8,15.3,0,4.2,8.93
2016-12-02,5.7,14.9,0,3.9,9.22
2016-12-03,5.8,12.3,0,3.8,7.17
2016-12-04,10.3,15.4,2.6,5.3,3.33
2016-12-05,12.6,15.3,8.8,8.6,3.38
2016-12-06,12.2,16.8,0.3,7.4,7.83
2016-12-07,9.5,15.6,0,5.8,8.43
2016-12-08,8.5,16.2,0,5.3,8.5
2016-12-09,8.4,16.3,0,5.3,7.79
2016-12-10,8,15.2,0,3.2,7.12
2016-12-11,8.5,17,0,3.9,7.39
2016-12-12,8.7,17.3,0,3.8,7.9
2016-12-13,7.3,14.1,0,3.9,8.21
2016-12-14,7.8,15.7,0,9.4,7.7
2016-12-15,7.6,13.8,0.1,4,6.26
2016-12-16,8.4,12.2,6.2,5.6,3.02
2016-12-17,10.6,13.1,3.4,11.6,5.82
2016-12-18,7.2,11.8,0,7.5,6.83
2016-12-19,5.8,8,7.4,13,4.45
2016-12-20,9.2,11.4,8.1,18.9,2.75
2016-12-21,10.5,14.5,0.6,13.6,6.72
2016-12-22,9.6,15.4,0,4.9,7.67
2016-12-23,9.8,17,0,3.5,7.57
2016-12-24,9.1,16.8,0,4,7.73
2016-12-25,8.9,16.4,0,3.7,7.86
2016-12-26,10.3,17.1,0,3,7.55
2016-12-27,10,17.8,0,5.6,8.18
2016-12-28,7.8,14.8,0,4.3,8.4
2016-12-29,5,13.7,0,5,8.6
2016-12-30,5.9,12.4,0,4,7.39
2016-12-31,4.4,12.6,0,5.6,8.37
2017-01-01,3.5,10.9,0,7,7.97
2017-01-02,4.7,12.7,0,6.4,7.67
2017-01-03,5.8,11.5,0,3,8.13
2017-01-04,6.5,13.2,0,3,7.8
2017-01-05,5.5,11.4,0,8.5,8.59
2017-01-06,3.5,10.3,0,4.8,8.2
2017-01-07,3.6,11,0,3.1,8.4
2017-01-08,5,14.9,0,5.7,8.03
2017-01-09,5.5,11.6,0,4.9,8.63
2017-01-10,6,11.2,0,5,4.19
2017-01-11,7.7,13.3,0,9.5,8.15
2017-01-12,8.1,16.1,0,5.4,8.46
2017-01-13,7.6,10.8,6.8,5.5,7.04
2017-01-14,4.3,9.7,0,8.2,9.1
2017-01-15,5,9.4,0,12.9,9.11
2017-01-16,5.8,11.6,1.9,9.5,7.03
2017-01-17,2.9,4.7,0,19.9,9.58
2017-01-18,1.8,7.4,0,8.4,9.24
2017-01-19,3.4,7.4,0.7,11.2,7.56
2017-01-20,6.2,9.2,12.1,12.1,3.65
2017-01-21,8.3,9.1,18.5,18,2.17
2017-01-22,6.5,9,16.5,20.9,2.48
2017-01-23,7.7,9.3,12,15.8,3.1
2017-01-24,7.7,13.6,0,5.4,10.11
2017-01-25,4,5.8,4.4,6.7,5.26
2017-01-26,3.5,10.9,0,6.7,9.34
2017-01-27,9.1,13.1,9.9,7.4,3.68
2017-01-28,9.7,12.7,9.6,7.7,6.95
2017-01-29,8,14.1,1.7,6.6,9.04
2017-01-30,8.3,15.6,0,4.9,10.13
2017-01-31,10.8,17.6,0,8.3,10.28
2017-02-01,11.6,17.8,0,8.1,9.51
2017-02-02,10.8,15.5,0.7,14.2,8.43
2017-02-03,10.2,14.8,0,12.3,9.19
2017-02-04,12.7,17.2,0,9.6,8.27
2017-02-05,10.8,13.3,6.2,10.5,6.2
2017-02-06,11,16.7,0,14.5,12.32
2017-02-07,11.3,17.6,6.3,5.6,8.97
2017-02-08,9.6,13.1,20.9,10.8,10.74
2017-02-09,7.2,13.5,0,8,12.93
2017-02-10,7.5,13,0,9.8,10.98
2017-02-11,8.2,13.2,3.3,5.4,6.15
2017-02-12,12.6,14.7,6.3,12.6,4.73
2017-02-13,13.2,14,13.6,15.6,4.35
2017-02-14,12.4,15.1,19.8,4.7,4.41
2017-02-15,12.2,15.5,7,5.7,6.72
2017-02-16,11.7,17.3,0,6,11.1
2017-02-17,11.5,17.4,0,4.6,13.82
2017-02-18,10.2,15.7,0,4.1,10.55
2017-02-19,10.3,15,0,7.9,12.16
2017-02-20,10.5,17.8,0,4.6,13.84
2017-02-21,11.8,19.8,0,3.9,14.42
2017-02-22,12.7,20.6,0,4,14.95
2017-02-23,12.3,20,0,6.2,14.54
2017-02-24,12.3,14.4,6.6,6.5,6.67
2017-02-25,9.8,15.1,0,7.1,13.96
2017-02-26,9.3,16.9,0,5.2,15.58
2017-02-27,11.8,18.6,0,12.1,15.32
2017-02-28,11.4,17.7,1,8.3,9.75
2017-03-01,10.1,16.2,0.2,6.2,11.71
2017-03-02,11.2,18.7,0,5.8,13.76
2017-03-03,11.7,15.5,0.5,12.1,11.64
2017-03-04,10.7,15.2,15.2,11.1,10.82
2017-03-05,10,17.8,0,6.8,15.48
2017-03-06,14.2,23.8,1,5.2,16.08
2017-03-07,12.2,17,0,4.8,14.16
2017-03-08,13.4,19.7,0,4.6,14.53
2017-03-09,15.3,21.5,0,3.2,17.48
2017-03-10,16.9,23.8,0,3.4,18.23
2017-03-11,15.2,21.2,0,4.4,17.73
2017-03-12,13.5,17.4,6.3,4.4,10.08
2017-03-13,13.1,17.4,0.1,13.9,15.51
2017-03-14,14.6,20.9,0,10.7,18.99
2017-03-15,12.8,19.4,0,6.3,19.24
2017-03-16,12.6,21,0,5.2,19.47
2017-03-17,13.3,21.6,0,5.5,19.53
2017-03-18,13.8,18.9,0,4.7,18.95
2017-03-19,15.4,22.5,0,4.9,19.01
2017-03-20,15.3,20.6,0,4.2,18.13
2017-03-21,13.6,18.3,0.9,4.9,12.36
2017-03-22,13.9,18.3,2.1,9,16.42
2017-03-23,12.4,17.1,0.8,10.2,19.26
2017-03-24,8.2,11.1,15.8,8.4,5.88
2017-03-25,10.7,14.3,29,14.4,17.27
2017-03-26,11.9,19.3,0,10,21.29
2017-03-27,11.4,15.8,0.1,5.6,14.09
2017-03-28,12.4,18.9,0,5.1,20.92
2017-03-29,14.3,22.3,0,5.6,21.63
2017-03-30,14.8,23,0,9,22.39
2017-03-31,14.5,19.4,0,13.5,17.7
2017-04-01,11.3,14.5,12.2,4.8,9.04
2017-04-02,11.4,18.7,1.2,5.5,20.12
2017-04-03,14.9,21.6,0,7.1,21.44
2017-04-04,15.5,22.2,0.4,5.2,19.41
2017-04-05,15.1,20.1,5.8,7.6,18.22
2017-04-06,15.5,21.9,0,11.3,22.5
2017-04-07,14.4,20.3,0,7.2,24
2017-04-08,15.2,22.7,0,7.1,23.31
2017-04-09,15.7,22.4,0,8.8,24.22
2017-04-10,16.1,23.4,0.2,5.6,23.26
2017-04-11,16.4,22.6,1.5,4.9,21.88
2017-04-12,16.1,22.3,0,5.3,21.94
2017-04-13,17.2,23.9,0,5,23.15
2017-04-14,18.3,23.3,0,4.4,22.37
2017-04-15,16.4,21.1,5.2,4.5,17.22
2017-04-16,14.9,20.8,0.4,5.3,18.01
2017-04-17,16.8,23.3,0,4.5,23.21
2017-04-18,17.2,21.1,0.6,4.3,18.58
2017-04-19,13.3,18,0,16.9,21.69
2017-04-20,10.9,15.6,0,11.3,26.74
2017-04-21,11,18.6,0,7.1,26.74
2017-04-22,13.7,21.9,0,7.5,26.56
2017-04-23,15.4,21.9,0,6.6,25.72
2017-04-24,16.1,22.9,0,7.5,25.31
2017-04-25,16.3,23,1,14.1,25.15
2017-04-26,12.3,14.5,6.6,8.1,6.79
2017-04-27,8.6,11.2,7.6,7.3,9.48
2017-04-28,10,16.7,0,5.7,24.54
2017-04-29,11.4,18.2,0,9.4,20.66
2017-04-30,13.9,17.9,1.5,19.2,17.5
2017-05-01,12.4,16.7,6.4,6.8,18.88
2017-05-02,12.9,20.1,3.4,4.7,15.09
2017-05-03,14.1,17.1,3.5,5.1,11.7
2017-05-04,16,22.8,0,7.5,22.05
2017-05-05,16.2,20.3,0.1,6.2,21.48
2017-05-06,16.9,22.6,1.4,5.3,22.61
2017-05-07,16.6,21.9,0,5.4,21.21
2017-05-08,18,23.3,0,4.8,24.68
2017-05-09,17.2,22.3,0,5.4,22.98
2017-05-10,16.9,22,0.1,10.5,25.11
2017-05-11,17.4,22.4,0.7,11.8,21.5
2017-05-12,19.4,24.8,0.8,10.9,25.96
2017-05-13,19.1,23.8,0.1,6.6,23.98
2017-05-14,19.3,24.5,2.1,4.6,20.14
2017-05-15,20.7,26.7,0,5,25.86
2017-05-16,21.6,27.8,0,5.9,25.79
2017-05-17,21.6,27.8,0,8.9,25.28
2017-05-18,19.3,24.7,5,7.6,25.35
2017-05-19,14.8,18.5,15.9,5.2,14.77
2017-05-20,16.5,22.2,0.5,4.9,21.94
2017-05-21,18.6,24.4,0,5.5,27.86
2017-05-22,20.3,26.3,0,6.9,24.2
2017-05-23,22.2,28.1,0,4.8,25.41
2017-05-24,23.2,28.3,0,4.7,25.48
2017-05-25,23.7,30.3,0,5.9,28.49
2017-05-26,21,25.3,0,6.1,26.74
2017-05-27,21.8,27.6,0,6.3,28.23
2017-05-28,22.3,28.9,0,8.5,28.99
2017-05-29,22,28,0.1,9.8,26.4
2017-05-30,19.6,23.6,0,3.6,15.09
2017-05-31,20.6,26.2,0,5.6,24.97
2017-06-01,21.1,26.2,3,4.5,22.05
2017-06-02,22.4,28.1,0,5.2,25.64
2017-06-03,23.1,28,4.4,5.4,23.6
2017-06-04,19.6,24.3,14.6,4.2,16.34
2017-06-05,20,25.7,2.6,7.4,18.9
2017-06-06,20.5,25.5,0.1,7.3,22.62
2017-06-07,19.7,24.3,0.1,5.2,14.85
2017-06-08,21.3,28,0,6.9,28.44
2017-06-09,22.3,26.5,0.3,5.9,23.13
2017-06-10,24.7,30.4,0,5.5,25.72
2017-06-11,25.7,31.3,0,5.8,28.34
2017-06-12,26.1,31.7,0,4.6,27.33
2017-06-13,27.8,34.2,0,7.3,28.87
2017-06-14,27.7,35,0,5.3,28.71
2017-06-15,27.4,32.8,0.1,5.6,26.27
2017-06-16,28.6,34.3,0.3,4.6,26.04
2017-06-17,28.5,35,0,5.9,29.37
2017-06-18,26.7,32.8,0,5.5,29.11
2017-06-19,26,31.2,0,9.1,28.93
2017-06-20,27.1,33.1,0,7,26.18
2017-06-21,26.8,32.1,0.8,4.6,26.09
2017-06-22,27.3,31.8,1.8,5.1,25.88
2017-06-23,28.2,33.8,0,5.7,27.5
2017-06-24,27.9,32.7,0,6.4,27.1
2017-06-25,26.4,30.9,0.2,5.3,22.5
2017-06-26,26.2,31.6,0.5,6.8,24.27
2017-06-27,25.3,30.4,0.4,9,25.6
2017-06-28,21.4,25.2,17.6,5.9,18.6
2017-06-29,18.8,23.1,11.1,6.4,21.79
2017-06-30,18.1,23.7,2.1,6.6,20.44
2017-07-01,18.2,22.2,9.9,4.4,18.81
2017-07-02,20.7,26,0.1,4.3,24.08
2017-07-03,23.1,29.3,0,5,28.8
2017-07-04,23.8,28.9,0,6.5,27.87
2017-07-05,23.1,28.2,0,7.5,29.7
2017-07-06,24.2,29.9,0,5.9,27.2
2017-07-07,25.4,30.9,0,5,28.63
2017-07-08,24.4,27.3,0.1,5.9,21.43
2017-07-09,23.2,25.9,7.5,5.6,19.29
2017-07-10,24.3,30.5,0.4,6.5,22.58
2017-07-11,24.8,29.6,0.2,5.6,23.5
2017-07-12,25.9,31.2,0,5.9,23.48
2017-07-13,25.7,30,0.1,4.6,21.07
2017-07-14,24.8,27.9,2.2,5.7,16.75
2017-07-15,26.1,32,2.8,4.1,22.76
2017-07-16,25.8,31.3,0,7.3,28.23
2017-07-17,24.7,29.7,0,7.6,26.48
2017-07-18,25.7,31.1,0,14.2,26.76
2017-07-19,26.1,31.1,0,11.3,24.93
2017-07-20,24.3,27.7,0.4,10.5,20.7
2017-07-21,24.6,28.1,1.5,4.7,20.57
2017-07-22,25.7,31,0.4,6.3,24.53
2017-07-23,24.9,28.8,3.2,4.9,18.45
2017-07-24,23.2,26.7,4.9,5.2,19.92
2017-07-25,22.5,26.5,21.9,5.1,20.08
2017-07-26,22.8,27.5,7.2,5.1,20.01
2017-07-27,25,31.9,0,4.7,26.31
2017-07-28,27.1,32.1,0,5.7,21.9
2017-07-29,26.8,32.5,0,7.1,25.95
2017-07-30,26.2,30.9,0,6,25.5
2017-07-31,25.7,31,0,7,26.96
2017-08-01,25.7,30.2,0,4.9,24.06
2017-08-02,27.6,33.6,0.6,6,25.65
2017-08-03,28.3,33,0,6.1,25.46
2017-08-04,29.7,36,0,4.5,23.95
2017-08-05,30.1,36.6,1.4,5.4,23.14
2017-08-06,26.7,30.4,4.3,6.1,18.28
2017-08-07,26.9,31.5,0,9.4,19.93
2017-08-08,22.8,24.4,28.5,9,11.72
2017-08-09,20.4,24.5,2,7.2,16.69
2017-08-10,19.3,24.6,10.2,4.6,20.8
2017-08-11,19.9,24.6,2.5,4.2,20.06
2017-08-12,21.6,26.7,2.7,4.1,21.15
2017-08-13,23.1,28.3,0,5.1,24.4
2017-08-14,24.1,30.3,0,8.9,25.07
2017-08-15,23.4,28.1,0,6.2,25.06
2017-08-16,24,28.7,0,4.3,18.59
2017-08-17,25.9,31.5,0,4.7,22.15
2017-08-18,27.2,34.4,0,6.6,22.69
2017-08-19,24.4,27.3,3,4.8,15.05
2017-08-20,23.5,27.8,1.9,5,14.04
2017-08-21,23.5,29.9,0,4.9,21.49
2017-08-22,24.9,31.7,0,7,23.59
2017-08-23,25,31,0,6.1,21.01
2017-08-24,25.6,32.7,0.3,8.2,23.82
2017-08-25,25.5,31,0,9.8,22.15
2017-08-26,25.5,30.8,0,6.6,22.78
2017-08-27,25.2,30.2,0,4.8,19.67
2017-08-28,25.8,31.6,0,4.6,22.17
2017-08-29,26.7,32.3,0,6.9,21.21
2017-08-30,25.7,31.7,0,12.8,18.91
2017-08-31,21.6,23.4,8.5,5.6,9.5
2017-09-01,20.7,25.4,7.7,4.1,15.61
2017-09-02,20,25.4,17.7,4.6,17.85
2017-09-03,19.3,23,1.7,4.1,10.52
2017-09-04,20.9,26.8,6.2,5.1,17.65
2017-09-05,23.5,30.3,0,5.2,19.9
2017-09-06,22.2,24.4,16.9,4.1,6.44
2017-09-07,20.5,24,3.8,4.1,11.56
2017-09-08,19.8,23.3,4.8,5.4,12.29
2017-09-09,16.6,19.9,11.3,6.7,6.1
2017-09-10,17.5,23.4,6,5.3,19.35
2017-09-11,19.4,24.8,0,6.2,16.64
2017-09-12,19.3,22.6,8.2,4.4,13
2017-09-13,21.1,27.3,1.9,5.5,20.06
2017-09-14,19.6,24.3,2.4,8.9,11.97
2017-09-15,13.6,15.5,14.5,5.6,3.97
2017-09-16,13.5,19,8.9,4.3,14.82
2017-09-17,15.3,22.8,0.2,5.4,17.41
2017-09-18,15.9,18.6,1.3,4.8,10.09
2017-09-19,16.1,22.3,5.5,4.1,15.02
2017-09-20,16.9,22.7,3.4,4.7,16.05
2017-09-21,17.9,25.3,0,4.7,17.61
2017-09-22,18.2,22.9,0,3.9,12.14
2017-09-23,18.7,23.9,4.7,4.1,13.22
2017-09-24,19.1,26,0,5.3,17.18
2017-09-25,19.6,24.3,1,8.3,14.61
2017-09-26,18.7,24.2,1.4,4.7,12.87
2017-09-27,19,24.5,0,6.9,12.6
2017-09-28,19.2,24.1,0.1,5.8,12.38
2017-09-29,19.7,25,0.1,5.7,12.66
2017-09-30,17.7,22.3,13.8,4.9,9.35
2017-10-01,18,20.6,5.3,3.3,9.13
2017-10-02,19.2,22.7,4.1,3,5.15
2017-10-03,20.3,24.9,1.3,3.6,11.45
2017-10-04,19,23.2,0.4,4.1,8.87
2017-10-05,20.1,27.1,0,4.4,15.16
2017-10-06,20,24.4,2.3,4.6,10.76
2017-10-07,16.4,21,2.6,8.3,13.35
2017-10-08,16.5,23.6,0,4,15.48
2017-10-09,17.9,23.9,0,3.7,12.91
2017-10-10,18,23,0.1,4.6,10.08
2017-10-11,18.4,26,0,6.7,15.61
2017-10-12,19,25,0,4.9,13.47
2017-10-13,19.1,24.6,0,5,13.67
2017-10-14,18.9,23.5,0.1,5.1,10.26
2017-10-15,20.2,25.2,0,10.6,13.34
2017-10-16,19.5,25.1,0,9.1,13.83
2017-10-17,18.5,23.1,0,8.8,10.32
2017-10-18,18.4,24.3,0.3,8.1,12.96
2017-10-19,16.4,17.4,30.6,6.5,3.28
2017-10-20,18.4,22.9,0.6,6.4,10.98
2017-10-21,17.6,22.8,1.6,7.3,12.17
2017-10-22,15.8,17.8,9.1,4.9,7.86
2017-10-23,15.2,21.3,0,3.9,13.29
2017-10-24,16.3,24.3,0,5.7,13.26
2017-10-25,16.6,24.3,0,3.8,13.34
2017-10-26,16.3,23.1,0,3.8,11.49
2017-10-27,17.4,24.5,0,5.6,12.91
2017-10-28,16.3,21.4,1,4.6,9.72
2017-10-29,15.2,22.4,0,4.4,12.86
2017-10-30,14.3,20.2,0,5.5,10.54
2017-10-31,12.9,17.9,0,5.7,9.87
2017-11-01,12.3,19.7,0,6.2,10.32
2017-11-02,15.3,21.5,0,9.2,9.26
2017-11-03,15,21.2,0,7.7,8.94
2017-11-04,16.3,20.7,0.6,4.9,5.93
2017-11-05,13.4,16.7,10.7,6.1,7.42
2017-11-06,10,14,0.2,14,11.6
2017-11-07,8.7,16.4,0,7.4,11.86
2017-11-08,8.1,14.4,0.8,4.1,9.19
2017-11-09,7.8,12.8,2.1,6.3,9.21
2017-11-10,9.2,16.6,0,5.8,9.51
2017-11-11,10.7,17.4,0,5,9.26
2017-11-12,11.9,18,0,5,8.59
2017-11-13,10.1,13.1,1.7,19.5,10.95
2017-11-14,8.5,14.8,0,12.6,10.9
2017-11-15,7.5,16.3,0,5,10.67
2017-11-16,7.3,15.8,0,3.3,10.43
2017-11-17,9.5,19.3,0,4.4,9.99
2017-11-18,10.2,17.2,0,3.2,9.18
2017-11-19,10,17.8,0,2.8,9.91
2017-11-20,9.5,17.3,0,4.1,9.79
2017-11-21,9.7,19,0,4.9,9.8
2017-11-22,10.2,18.5,0,9.9,10.03
2017-11-23,11.5,19.5,0,7.4,8.89
2017-11-24,11.8,20.3,0,3.7,7.3
2017-11-25,11.7,16.1,3.3,5.8,4.95
2017-11-26,8.9,13.2,5.7,8.9,7.76
2017-11-27,6.5,13.9,0,4.6,9.1
2017-11-28,6.4,13.8,0,5.6,9.19
2017-11-29,6.1,11.3,1.5,5.3,5.86
2017-11-30,5,11,0,5.4,8.48
2017-12-01,3.6,8,0,9,5.39
2017-12-02,3,6.6,0,12.6,6.36
2017-12-03,4.9,11.7,0,8.2,9.22
2017-12-04,4.7,12.7,0,4.6,8.74
2017-12-05,5.1,12.7,0,3.1,8.68
2017-12-06,4.1,12.1,0,3.5,8.4
2017-12-07,4.7,14.1,0,7,7.61
2017-12-08,6.4,12.9,0.1,6.2,6.42
2017-12-09,7.1,10.7,1.2,7.2,5.38
2017-12-10,9.4,13.3,0.7,15.5,5.2
2017-12-11,12.2,15.3,6.7,14.7,2.78
2017-12-12,6.4,9.4,2.2,5.9,4.46
2017-12-13,4.2,11.2,0,6.6,6.38
2017-12-14,9,14.9,0,6.4,5.23
2017-12-15,8.2,11.1,4.5,4.7,3.39
2017-12-16,5.4,12,0,5.4,8.4
2017-12-17,5.6,12.6,0,5.6,8.1
2017-12-18,4.6,8.9,3.9,4.9,3.19
2017-12-19,6.5,10.3,0,11,7.79
2017-12-20,5.8,11.1,0,6.9,5.03
2017-12-21,8.5,14,0,3.9,6.37
2017-12-22,8,16.4,0,5,7.29
2017-12-23,7.9,14.5,0,5,7.97
2017-12-24,6.2,14.1,0,3.3,8.05
2017-12-25,6.8,13.5,0,9.3,7.2
2017-12-26,8.2,12.4,0,8.6,6.11
2017-12-27,8.3,13.1,1,12.2,7.95
2017-12-28,5.1,10,0,4.3,7.57
2017-12-29,4.3,9.8,2.2,4.7,4.07
2017-12-30,9.5,19,0,7.7,7.16
2017-12-31,8.8,16.3,0,9.1,7.18
2018-01-01,9.4,14.1,2.6,10.8,7.63
2018-01-02,8.8,14.1,0,4.7,4.79
2018-01-03,12.3,20.4,0,6.7,7.33
2018-01-04,13.6,20.1,0,5.5,8.02
2018-01-05,10.8,18.2,0,7.3,8.4
2018-01-06,10,15.1,1.7,7.2,5.81
2018-01-07,11,12.7,20.5,6.9,2.11
2018-01-08,7.1,10.9,0,6.3,5.49
2018-01-09,7.2,13.2,0,11.2,8.84
2018-01-10,8.1,14,0,7.8,8.46
2018-01-11,7.6,11.9,0.5,4.7,7.36
2018-01-12,6.7,13.8,0,6.2,9.04
2018-01-13,5.3,11.1,0,9.6,8.11
2018-01-14,7.6,10.1,5.9,6.4,5.89
2018-01-15,6.5,13.2,0,6.7,9.21
2018-01-16,9.4,17.5,0,6.9,8.5
2018-01-17,9.7,14.1,1,5.5,5.49
2018-01-18,9.1,14.8,0,3.1,8.29
2018-01-19,7.7,14.1,0,4,8.43
2018-01-20,9.3,15.4,0,5.8,6.81
2018-01-21,12.8,19.1,0,7.1,6.52
2018-01-22,12.3,17.4,0,4.4,8.38
2018-01-23,11.9,18.3,0,4.3,9.81
2018-01-24,10.2,17.6,0,6.2,10.16
2018-01-25,10.1,14.3,0,11.9,7.77
2018-01-26,7.9,10.6,17,9.1,2.08
2018-01-27,7.4,10.3,0.9,9.8,5.35
2018-01-28,10.3,15.6,0,6.9,10.59
2018-01-29,8.3,15.4,0,3.7,10.7
2018-01-30,7.3,14.5,0,3.8,10.67
2018-01-31,8.2,16,0,4.2,10.85
2018-02-01,5.5,8.8,14.4,6.6,2.19
2018-02-02,5.9,9.5,0.1,12.8,6.7
2018-02-03,5.2,11.2,0,6.6,10.97
2018-02-04,5.3,8.5,9.6,6.8,3.68
2018-02-05,6.2,9,27.1,7.3,3.54
2018-02-06,6.6,9.8,9,10.4,7.81
2018-02-07,4.7,9.1,1.5,6.2,9.72
2018-02-08,2.6,5.9,3.5,5.6,9.14
2018-02-09,2.1,8.6,0,4.6,12.48
2018-02-10,4.9,9.6,0,12,12.98
2018-02-11,5.9,13.8,0.3,5.3,9.3
2018-02-12,6.9,9.4,11.6,8.5,5.16
2018-02-13,3,8.9,0,10.3,10.42
2018-02-14,5.8,11.3,0,5.6,9.08
2018-02-15,9.9,17.3,0,5.2,12.67
2018-02-16,10.6,15.6,2.5,5.1,7.19
2018-02-17,10.8,12.8,10.4,5.5,4.02
2018-02-18,9.4,13.2,6.2,4.1,7.19
2018-02-19,9.2,12.5,2.3,3.1,6.46
2018-02-20,10.6,15,5.7,3.7,6.43
2018-02-21,8.1,10.5,2.9,15.7,14.09
2018-02-22,4.4,8.8,0.7,7.3,12.26
2018-02-23,4.8,9.9,3,4.9,11.89
2018-02-24,4.6,11.2,0,4.3,12.81
2018-02-25,8.7,15.3,0,5.8,14.68
2018-02-26,5,7.6,7.2,7.3,6.72
2018-02-27,0.5,3.5,0.3,8.6,12.82
2018-02-28,1.2,5,12.3,6.1,2.84
2018-03-01,9.9,15,7.3,9.3,9.85
2018-03-02,11.4,14.8,5.1,14.6,14
2018-03-03,13.1,18.2,0,12.7,14.5
2018-03-04,12.7,18.9,6.8,8.9,12.12
2018-03-05,9.7,13.3,3.3,7,7.49
2018-03-06,10.1,17.1,0,8.6,15.76
2018-03-07,8.9,14.4,0.9,5.1,14.33
2018-03-08,9,14.1,0.2,10.2,8.21
2018-03-09,11.1,18.8,0,9.1,17.31
2018-03-10,15.1,20.8,1,15.3,16.69
2018-03-11,15.1,18.7,0.1,19.7,16.66
2018-03-12,12.2,17.7,2.9,5.6,15.37
2018-03-13,10.4,15.9,3.5,3.6,10.2
2018-03-14,11.2,17.9,0,11.2,16.89
2018-03-15,14.8,19,0,15.7,17.04
2018-03-16,11,16.8,3.3,4.3,15.55
2018-03-17,9,15.5,1,6.3,14.95
2018-03-18,7.4,13.3,5.3,5.5,16.47
2018-03-19,8.7,14.6,1.9,6.4,16.95
2018-03-20,6.8,11.5,6.9,18.2,15.98
2018-03-21,6.9,11.4,0,18.6,20.03
2018-03-22,9.2,16.2,0,9.7,21.06
2018-03-23,9.8,16.8,0,6.6,20.22
2018-03-24,7.4,8.5,29.2,14.8,3.66
2018-03-25,9.7,13.2,4.1,10.9,14.17
2018-03-26,10.2,17.6,1.9,6.2,17.55
2018-03-27,10.8,17.5,0,5.6,14.21
2018-03-28,14.1,20.7,0,5.6,18.89
2018-03-29,13,16.9,0.5,4.7,12.28
2018-03-30,12.8,19,0,9.9,21.11
2018-03-31,10.9,16.4,1.7,7,18.45
2018-04-01,10.5,16.8,0,7.2,22.66
2018-04-02,12.4,17.4,0,11.3,16.32
2018-04-03,14,20.8,0,8.6,20.83
2018-04-04,15.8,21.6,0,13.2,21.98
2018-04-05,14.9,20,0,6.1,19.14
2018-04-06,13.4,19.2,0,10.2,20.65
2018-04-07,13.2,16.8,5.1,8.8,18.24
2018-04-08,11.8,13.3,25.7,8.6,4.18
2018-04-09,13.3,19.1,4.7,11,22.42
2018-04-10,11.4,16.6,0.8,15.7,20.75
2018-04-11,11.2,13.9,39.4,15.8,15.29
2018-04-12,10.6,16,4,8.1,19.52
2018-04-13,11.2,14.2,5.1,5.8,7.3
2018-04-14,12.1,13.5,9.7,8.4,4.83
2018-04-15,15.9,22.4,0,5,20.19
2018-04-16,15.9,20.3,0.6,6,14.07
2018-04-17,17,24.3,0,5.2,24.76
2018-04-18,18,24.8,0,6.4,24.87
2018-04-19,17.8,22.7,0,8.4,24.62
2018-04-20,17.5,23.6,0,5.5,24.18
2018-04-21,18.3,25.4,0,5.9,25.63
2018-04-22,18.8,25.8,0,9.3,25.68
2018-04-23,18.2,22.9,0,5.4,16.41
2018-04-24,19.9,26.2,0,4.8,24.9
2018-04-25,19.4,25.2,0,7.1,25.16
2018-04-26,19.2,23.7,0,6.5,20.76
2018-04-27,18.3,24,0.3,5.3,22.96
2018-04-28,18.3,22.5,0.1,9.1,22.85
2018-04-29,15.3,18.1,5.3,13.6,18.69
2018-04-30,14,19.6,0,8.8,22.14
2018-05-01,12,15.9,2.8,6.8,19.85
2018-05-02,13.6,21.9,0,6.5,27.3
2018-05-03,15.7,21,0,9.5,20.59
2018-05-04,16.7,21.1,0.1,8,14.63
2018-05-05,18.1,22.1,1.4,10.2,20.47
2018-05-06,18.3,23.5,3.9,6.6,16.62
2018-05-07,19.4,24.3,3,4.6,21.46
2018-05-08,18.3,22.1,9.2,4.4,15.49
2018-05-09,18,21.4,6.8,4.7,18.75
2018-05-10,16.9,20,10.6,5,14.16
2018-05-11,19.1,24.9,0,7,25.95
2018-05-12,17.8,21.4,11.9,9.7,20.44
2018-05-13,11.4,15.1,34.6,7.3,18.18
2018-05-14,11.5,16.5,6.8,5.8,19.92
2018-05-15,15,20.6,0.2,5.5,22.88
2018-05-16,17,21.6,2.2,4.2,21.81
2018-05-17,17.3,21.8,0.4,6.4,21.35
2018-05-18,17.6,21.6,0.4,6,22.18
2018-05-19,18.4,23.6,0.2,5.7,24.31
2018-05-20,18.2,23.2,0.7,7.6,25.17
2018-05-21,17.7,21.8,1.1,6,18.31
2018-05-22,17.8,22.3,4.5,3.9,19.76
2018-05-23,19.4,25.3,0,5.4,22.88
2018-05-24,21.3,27.6,0,6.1,25.3
2018-05-25,19.8,24.3,0.7,5.4,21.92
2018-05-26,19.4,23.5,2.5,6.6,23.32
2018-05-27,19.8,23.8,0,11.8,24.06
2018-05-28,19.7,22.8,9.9,8.7,14.56
2018-05-29,21.1,26.1,2.1,6.7,24.88
2018-05-30,19.2,22.6,8.7,5.5,19.45
2018-05-31,19.4,23.6,3.8,5.5,20.67
2018-06-01,20.8,25.7,0.7,4.3,22.42
2018-06-02,20.4,24.9,0.7,5.4,20.93
2018-06-03,18.4,20.9,9.6,5.3,12.04
2018-06-04,20.2,25.3,2.6,5,20.27
2018-06-05,20.4,24.6,1.7,7.2,22.16
2018-06-06,18.8,21.1,11.6,4.9,16.2
2018-06-07,18.4,22.5,6.2,6.1,15.35
2018-06-08,20.7,26.6,0.1,6.4,25.39
2018-06-09,23.1,28.8,0,9.8,28.17
2018-06-10,21.9,27.3,0.4,6.5,21.95
2018-06-11,21.3,25.7,22.4,6,19.88
2018-06-12,21.1,26.2,0.9,8.5,20.66
2018-06-13,21.7,25.9,4,5.4,22.54
2018-06-14,21.5,27.5,0.5,4.9,25.18
2018-06-15,22.1,27.3,0.3,4.6,23.73
2018-06-16,22.6,27.7,0.4,4.4,25.91
2018-06-17,22.1,25.2,3.4,4.8,16.15
2018-06-18,23.9,30.2,0,6.1,27.51
2018-06-19,24.6,30.5,0,5.8,28.21
2018-06-20,24.9,30.5,0,6.2,29.17
2018-06-21,25.7,32.1,0,4,25.71
2018-06-22,26.1,30.2,1.3,3.1,21.12
2018-06-23,23.9,27.4,0.5,6.1,21.45
2018-06-24,22.8,27.5,0.1,4.9,23.99
2018-06-25,23.2,28.9,0.3,5.6,24.64
2018-06-26,24.2,29.3,0,5.9,25.95
2018-06-27,25.5,32,0,4.7,26.99
2018-06-28,24,28,13.9,5.9,16.11
2018-06-29,24.1,28.7,6.1,5.5,23.58
2018-06-30,24.6,30,0,6.4,29.21
2018-07-01,24,29.3,0,5.5,29.19
2018-07-02,24.3,29.1,2.5,5.1,17.56
2018-07-03,25.9,31.2,0.7,5.5,24.66
2018-07-04,25.3,31.1,0,9,28.98
2018-07-05,24.3,28.8,4.7,4.7,21.33
2018-07-06,23.9,28.5,1.5,3.3,22.37
2018-07-07,25.6,30.6,2.2,5,24.7
2018-07-08,26.1,32.9,0.6,3.4,26.06
2018-07-09,26.3,32.4,4.1,3.9,22.92
2018-07-10,25.9,30.8,2.8,5.3,23.14
2018-07-11,25.6,29.7,1.6,5.6,21.12
2018-07-12,24.5,29.1,1.9,6.1,23
2018-07-13,25.7,30.8,0,5.9,27.06
2018-07-14,26.6,32.9,0,5.8,27.72
2018-07-15,27,33.3,0,5.4,27.63
2018-07-16,24.2,28.1,25.8,5,15.41
2018-07-17,24.8,28.9,0.3,4.2,23.04
2018-07-18,25.1,30.5,0,5.6,27.36
2018-07-19,25.5,30.9,0.1,5,25.97
2018-07-20,25.5,30.4,0,6.6,26.19
2018-07-21,23,26.4,14.2,5,19.59
2018-07-22,21.5,24.1,9.5,2.7,13.22
2018-07-23,24.2,31.4,0,5.7,26.23
2018-07-24,25.8,30.7,2.3,5.2,22.67
2018-07-25,26.8,33.1,2.3,3.9,23.44
2018-07-26,27.3,33.6,0,4.8,26.68
2018-07-27,27.7,34,0,7.5,26.69
2018-07-28,25.9,30.6,1,6.4,20.42
2018-07-29,26.6,32.2,0,5.1,24.2
2018-07-30,27.8,32.5,0.6,3.3,22.55
2018-07-31,27.8,33.5,0.1,5.1,24.44
2018-08-01,29.2,34.9,0,2.8,23.3
2018-08-02,29.8,34.5,0.5,3.8,23.45
2018-08-03,29.3,34.6,0,5.5,23.18
2018-08-04,30.2,37.5,0.2,6.2,22.5
2018-08-05,30,35.9,0.6,5.4,22.03
2018-08-06,28.2,33.6,1.1,5.5,22.9
2018-08-07,27.6,31.7,1.1,8.8,20.19
2018-08-08,26.5,31.5,4.8,6.8,18.44
2018-08-09,24.2,31.1,23.3,10.5,14.15
2018-08-10,23.7,28.3,0.9,6.2,19.07
2018-08-11,24.8,29.7,0,4.7,20.6
2018-08-12,26.2,32.5,0.2,8.4,21.88
2018-08-13,24.5,29.3,2.6,5.8,16.88
2018-08-14,24.2,28.3,5.7,4.7,15.77
2018-08-15,24.8,30.7,1.9,4.5,22.1
2018-08-16,24.9,30.8,0.5,4,20.66
2018-08-17,23.5,28.3,5.4,5.5,13.09
2018-08-18,23.5,28.7,0.7,6.4,16.98
2018-08-19,26,32.9,0,7,23.98
2018-08-20,27.1,34.3,0,6.2,23.57
2018-08-21,26.8,33,0,5,20.92
2018-08-22,26.1,32.2,0,6,22.86
2018-08-23,25.6,32.8,0.8,4.9,21.66
2018-08-24,24.8,29.2,7.5,4.1,17.99
2018-08-25,21.8,23.8,9.2,5.6,12.77
2018-08-26,21.7,27.3,1.7,4,17.25
2018-08-27,23.6,30.3,0,4.9,21.12
2018-08-28,25.7,32.3,0,7.2,21.66
2018-08-29,25.2,28.7,4.6,5,15.06
2018-08-30,23.6,28.5,2.7,3.8,16.06
2018-08-31,22.6,26.3,9.4,4.7,13.71
2018-09-01,22.6,26.5,1.4,4,12.92
2018-09-02,21.5,26.3,1.5,5,17.78
2018-09-03,22.2,26.2,3.1,3.7,9.8
2018-09-04,22.3,25.7,8.8,5.2,12.73
2018-09-05,22.2,27.6,2.6,4.3,16.83
2018-09-06,21.3,24.9,18,4.5,14.52
2018-09-07,21.2,25.7,3.9,4.3,17.44
2018-09-08,21.5,26,0.3,5,15.07
2018-09-09,22.2,27.5,3.2,4.7,14.72
2018-09-10,22.8,27.9,0,5.2,18.67
2018-09-11,23.3,28.6,0,5.5,20.09
2018-09-12,22.5,27.4,4.4,4.7,14.62
2018-09-13,23.5,28.9,0,4.3,18.26
2018-09-14,22.9,26.7,1.4,2.9,12.74
2018-09-15,22.2,25,6.5,3.9,9.12
2018-09-16,22.1,26.1,1.1,5.6,12.69
2018-09-17,22,26.8,0,5,15.12
2018-09-18,21.7,26,2.9,3.8,13.39
2018-09-19,22.1,27.3,0,6,17.06
2018-09-20,23.1,30.4,0,4.8,18.27
2018-09-21,23.2,29.1,1.7,6.2,17.37
2018-09-22,23.5,28.4,0.2,3.6,12.93
2018-09-23,24.8,31.6,0,3.5,17.59
2018-09-24,22.7,25.1,8.2,6.6,8.51
2018-09-25,18.8,22.5,0.9,11.5,12.2
2018-09-26,18.5,22.5,0,10,14.86
2018-09-27,17.8,24.7,0,4,17.87
2018-09-28,20.3,29.1,0,3.5,18.2
2018-09-29,20.4,26.7,4,3.1,14.73
2018-09-30,20.2,26.1,0.2,4.9,14.49
2018-10-01,18.7,22.8,8.6,8.3,11.76
2018-10-02,17.5,25.2,0,11.6,17.55
2018-10-03,19.3,26.8,0,9.7,16.99
2018-10-04,18.2,24.6,0,7.3,17.15
2018-10-05,18.5,24.7,0,5.7,16.34
2018-10-06,19,24.8,0.1,6.6,12.52
2018-10-07,16.4,19.2,23.6,5,10
2018-10-08,15.6,20.3,1.9,7.7,13.42
2018-10-09,17.2,22.3,27.7,9.5,12.75
2018-10-10,18.3,21.2,22.2,5.6,5.57
2018-10-11,19,25,0,9.2,15.81
2018-10-12,19.9,24.6,0.6,7.7,11.12
2018-10-13,19.9,23.1,7.5,6.9,7.43
2018-10-14,19.7,22.5,30.3,13.4,6.26
2018-10-15,18.1,20.1,33.9,10.5,8.45
2018-10-16,16.8,20.8,0.8,7.6,10.93
2018-10-17,17.8,19.9,0.8,10.4,5.95
2018-10-18,17.5,18.7,3.1,12.2,4.59
2018-10-19,18.8,21.4,1.3,11,8.69
2018-10-20,18,22.3,0,7.2,11.11
2018-10-21,18.2,24.8,0,4.3,13.9
2018-10-22,17,21.7,0,7.6,11.03
2018-10-23,15.9,23,0,4.8,12.41
2018-10-24,17.9,27.9,0,7.4,13.76
2018-10-25,17.2,24.2,0,5.8,13.53
2018-10-26,16.1,21.9,0.3,4,12.73
2018-10-27,12.2,15.9,29.6,7.8,1.04
2018-10-28,8,9.1,15.3,6.2,3.03
2018-10-29,7.7,10.1,3,5.9,3.74
2018-10-30,9.3,15.2,0.1,9.3,11.76
2018-10-31,11.8,14.5,22.2,9.9,4.68
2018-11-01,10.9,16.5,0.2,5.3,10.02
2018-11-02,11.6,16.8,0,8.3,10.09
2018-11-03,12.2,18.5,0,7.7,10.52
2018-11-04,14.1,19.7,1.8,6.8,7.73
2018-11-05,14.7,18.3,6.9,10.1,7.72
2018-11-06,12.7,16.7,5.1,11.6,10.72
2018-11-07,12.1,18.3,0.4,12.2,10.48
2018-11-08,12.7,16.6,0,7.6,7.99
2018-11-09,13.5,16.9,5.2,6,6
2018-11-10,12.7,19.2,0.2,13,9.78
2018-11-11,15.4,20.9,0,11.2,10.8
2018-11-12,17.1,20.8,0.1,8.3,8.48
2018-11-13,16.4,20.1,0,8.3,8.24
2018-11-14,16.2,20.3,0.7,5.1,7.11
2018-11-15,15.1,16.5,12.8,4,2.36
2018-11-16,14.1,17.6,0.4,5.2,7.02
2018-11-17,12.3,14.6,11.7,6.8,2.71
2018-11-18,11,13.4,25.4,11.8,3.31
2018-11-19,10.3,12.5,2.4,7.8,4.81
2018-11-20,10,13.2,1.4,6.2,4.66
2018-11-21,9.8,16.3,0,4.7,9.32
2018-11-22,9.2,16.2,0,6.9,7.74
2018-11-23,10.8,14.6,0,7.5,5.66
2018-11-24,8.5,15.3,0,4.4,7.92
2018-11-25,8.1,13.9,2,7.7,7.61
2018-11-26,9.1,13.6,1.3,4.9,5.07
2018-11-27,9.9,16.2,0,3.7,9.16
2018-11-28,9.6,17.2,0,3.5,8.25
2018-11-29,9.7,15.6,0,8.1,8.46
2018-11-30,9.7,13.7,0.4,5.2,5.03
2018-12-01,8.5,15.1,0,4.9,7.01
2018-12-02,10.1,17.8,0,4.7,7.94
2018-12-03,11.7,19.2,0,4.4,7.42
2018-12-04,12.3,19.3,0,4.1,7.98
2018-12-05,11.4,18.4,0,3.3,7.71
2018-12-06,13,18.4,0,4.6,6.93
2018-12-07,10.6,15.4,0,4.3,7.34
2018-12-08,10,14.8,0.2,4.1,4.8
2018-12-09,9.7,17.4,0,5,8.09
2018-12-10,10.2,14.9,0,3.6,5.76
2018-12-11,7.9,14.2,0,3.8,7.87
2018-12-12,8.2,13.5,0,4.2,6.6
2018-12-13,9,11.2,3.4,4.4,3.1
2018-12-14,9.1,12.6,1.7,9.5,4.13
2018-12-15,9.4,13.7,0.8,4,5.49
2018-12-16,8.8,11.7,1.8,4.8,2.42
2018-12-17,8.8,14.6,0.9,4.5,7.48
2018-12-18,8,12.5,0,14,7.43
2018-12-19,11,16.3,0,7.9,7.11
2018-12-20,8.8,13.8,1.8,3.4,5.54
2018-12-21,7.2,14.9,0,7,6.8
2018-12-22,10.3,20,0,3.9,7.4
2018-12-23,10.7,18.7,0,3.7,7.51
2018-12-24,11.5,18.9,0,3.1,7.9
2018-12-25,9.9,14.3,0,4.2,7.89
2018-12-26,7.4,13.5,0,3.6,5.59
2018-12-27,7.3,13.5,0,3.4,6.34
2018-12-28,9.7,13.9,0,3.7,5.6
2018-12-29,8,14.7,0,4,7.62
2018-12-30,7.7,16.7,0,5.6,8.43
2018-12-31,9.2,17.6,0,4.6,8.15
2019-01-01,8.6,14.3,0,3.1,8.25
2019-01-02,7.4,15.7,0,6.3,8.68
2019-01-03,6.1,12.7,0,5.8,8.58
2019-01-04,4.1,10,0,4,8.49
2019-01-05,6.2,15,0,6.4,8.47
2019-01-06,8.1,18.1,0,8.7,8.79
2019-01-07,6.1,12.7,0,4.5,8.49
2019-01-08,6.6,13.4,0,4.8,8.38
2019-01-09,7.4,13.9,0,8.8,8.41
2019-01-10,6.1,9.1,0,17.1,8.88
2019-01-11,3.7,9.8,0,8.8,9.18
2019-01-12,5.5,13.5,0,5.3,9.02
2019-01-13,7.4,15.2,0,4.6,8.44
2019-01-14,9.1,15.8,0,5,8.04
2019-01-15,7.5,15.5,0,4.4,8.58
2019-01-16,7,14.4,0,5.1,7.9
2019-01-17,7.5,12.8,1.2,4.7,7.28
2019-01-18,6.1,9.4,6.5,3.5,4.29
2019-01-19,6.1,11.7,0,5.6,9.15
2019-01-20,5.7,7.6,13.1,8.3,1.4
2019-01-21,5.3,11.1,2.1,6,8.89
2019-01-22,4.3,9.4,0.9,5,6.17
2019-01-23,5,9.1,3.2,7.1,5.87
2019-01-24,5.8,9.7,0,18.6,10.44
2019-01-25,5.6,13.3,0,10.3,8.37
2019-01-26,7.8,15.7,0,6.2,10.46
2019-01-27,7.1,13.3,3,3.8,6.44
2019-01-28,6.6,12.5,2.7,5.3,8.82
2019-01-29,5.1,8.6,1.3,9.7,4.14
2019-01-30,4.8,10.7,0.4,5.2,9.72
2019-01-31,7.7,14.4,0,9.4,10.24
2019-02-01,12.2,15.1,3,11.2,8.15
2019-02-02,7.3,11.2,4,5.6,7.48
2019-02-03,5.8,10.7,0,16.3,11.63
2019-02-04,6,12.9,0,6.4,12.04
2019-02-05,9,15.9,0,3.7,7.13
2019-02-06,9.5,17.5,0,4.7,10.87
2019-02-07,9,15,0.4,5.1,9.18
2019-02-08,10.4,16.5,2.1,5,10.01
2019-02-09,9.5,16.6,0,5.1,11.15
2019-02-10,11.9,16.7,0,9.3,11.14
2019-02-11,10,13.3,8.6,3.6,6.08
2019-02-12,8.8,16.7,0,4.3,13.3
2019-02-13,8.1,14.7,0,4.1,13.39
2019-02-14,7.8,16.7,0,6.9,13.93
2019-02-15,7.6,17.3,0,6.9,14.18
2019-02-16,7.8,17.5,0,5.2,14.35
2019-02-17,8,16,0,8.2,13.61
2019-02-18,9,16.1,0,8.8,13.48
2019-02-19,9.4,13.8,0.1,5.1,8.52
2019-02-20,10.3,14.7,0,5.1,7.73
2019-02-21,8.9,17.2,0,4.4,14.88
2019-02-22,12.1,23.1,0,5.7,15.24
2019-02-23,12,19.5,0,4.9,15.06
2019-02-24,10.7,17.5,0,4.6,15.12
2019-02-25,10.2,18.4,0,4.1,15.42
2019-02-26,11.4,20,0,5,15.64
2019-02-27,12.1,22.3,0,5.4,16.18
2019-02-28,12.9,21.1,0,5.3,16.05
2019-03-01,12.9,19.1,0,3.9,16.15
2019-03-02,12.1,18.4,0,5.5,15.27
2019-03-03,13.3,21.9,0,7.3,15.72
2019-03-04,14.9,18.6,0,10,14.2
2019-03-05,12.6,18.2,0,8.7,13.61
2019-03-06,13,17.7,0,17.1,11.28
2019-03-07,12.6,16,0.2,11,14.76
2019-03-08,9.7,16.9,0,5.7,15.31
2019-03-09,12.1,19.8,0,5.1,15.98
2019-03-10,13.5,20.5,0,7.2,17.33
2019-03-11,13.8,17.9,2.7,5.6,12.48
2019-03-12,12.9,19.3,0.5,9.4,17.28
2019-03-13,10.6,13.5,15.7,5.9,8.86
2019-03-14,10.9,17,0.5,4.3,13.91
2019-03-15,12.6,19.6,0,5.5,19.27
2019-03-16,13.8,22.5,0,4.7,19.5
2019-03-17,13.4,19.1,0,10,18.85
2019-03-18,11,14.7,12.8,5.5,12.96
2019-03-19,10.5,14.2,6.5,11.2,17.81
2019-03-20,10,15.4,0,11.3,20.61
2019-03-21,10.3,15.9,0,9.4,20.92
2019-03-22,12.4,19.4,0,8,20.5
2019-03-23,14.1,23.6,0,6.2,20.67
2019-03-24,14.9,22.4,0,6.6,20.91
2019-03-25,14.6,22.1,0,4.3,20.71
2019-03-26,13.1,17.9,0,18.3,22.32
2019-03-27,12,19.2,0,8.5,22.14
2019-03-28,11.4,18,0,6,21.32
2019-03-29,11.1,17.8,0,7.1,21.76
2019-03-30,10.9,16.8,0,6.4,19.75
2019-03-31,11.3,16.6,0.5,5.1,15.15
2019-04-01,12.9,18.5,0,5,20.66
2019-04-02,12.1,17,5.6,5.7,14.99
2019-04-03,11.7,15.9,15.3,6.5,12.55
2019-04-04,8.5,12.5,2.1,5.5,19.49
2019-04-05,9.6,14.7,3.1,13,16.7
2019-04-06,11.7,16.2,6.8,11,19.93
2019-04-07,9.9,16.2,2.6,7.9,18.91
2019-04-08,11.4,19.2,1.6,5.8,19.85
2019-04-09,11.6,14.9,8.9,5.2,12.59
2019-04-10,11.6,18.4,2.3,6.3,18.93
2019-04-11,12.9,18.8,1.4,7.2,19.48
2019-04-12,13.8,19.5,0,5.9,22.12
2019-04-13,12.8,19.7,0.5,5.7,24.08
2019-04-14,12.3,17,0,5.7,20.07
2019-04-15,12.6,16.6,1.2,7.5,18.78
2019-04-16,12.5,15.7,2.3,5.7,10.38
2019-04-17,13.4,18.6,0,8.5,20.56
2019-04-18,13.9,17.6,1,9.3,17.83
2019-04-19,15.2,18.7,0,14.9,22.54
2019-04-20,14.6,19.1,1.7,15,17.08
2019-04-21,13.3,15.8,4.6,18.2,12.55
2019-04-22,14,15.6,3.5,18.2,12.17
2019-04-23,15.1,19.2,4.6,9.7,15.09
2019-04-24,15.2,18.2,0,17.8,25.09
2019-04-25,16,20,2.2,20.5,22.94
2019-04-26,14.1,20.1,1.5,5.8,23.5
2019-04-27,14.7,20.2,0,4.7,17.5
2019-04-28,14.3,17.9,0.1,5.6,14.88
2019-04-29,15,18.9,0.6,3.6,15.53
2019-04-30,15.7,20.8,3.1,4.3,18.05
2019-05-01,17,21.9,0,6.2,22.6
2019-05-02,16,19.7,7.6,5.1,16.34
2019-05-03,12.5,14.6,11.4,4.7,7.46
2019-05-04,13.4,19.4,0.2,7,22.56
2019-05-05,13.2,18.9,0.1,14.9,26.97
2019-05-06,13,19.9,0,7.1,26.91
2019-05-07,15,21.2,0,9.6,26.05
2019-05-08,18.2,23.3,1.8,15,20.46
2019-05-09,16.4,21.5,0.1,7.6,20.28
2019-05-10,18.1,23.5,0,5.2,23.74
2019-05-11,16.3,20.2,16.2,4.6,13.89
2019-05-12,16.2,23,2,10.3,23.18
2019-05-13,16.4,22.6,0,11.6,29.2
2019-05-14,16.1,22.7,0,4.4,28.42
2019-05-15,14.3,17.4,0,9.1,28
2019-05-16,15.6,22.3,0,10.8,24.98
2019-05-17,12.7,14.1,15.4,8.5,7.56
2019-05-18,12.9,16.7,31.7,5.3,14.3
2019-05-19,12.7,17.5,3.3,5.7,20.2
2019-05-20,14.3,20.1,5.4,5.5,22.62
2019-05-21,16.4,22.1,0.1,4.1,24.63
2019-05-22,17.9,23.4,0.6,4.7,26.12
2019-05-23,18.5,23.6,0,5.3,26.43
2019-05-24,16.5,18.7,20.8,3.3,9.64
2019-05-25,18.2,23.6,1.4,10.1,21.92
2019-05-26,19.1,23.8,0.5,13.5,25.44
2019-05-27,18.8,24.3,1.7,6.5,23.14
2019-05-28,16.6,19.8,5.1,5,17.13
2019-05-29,16.4,21.4,7.8,3.5,19.92
2019-05-30,18.6,25.3,0,4.6,26.36
2019-05-31,19.6,25.7,0,5.5,27.26
2019-06-01,20.6,26.7,0,6.7,29.22
2019-06-02,21.7,28.6,0,7.6,28.46
2019-06-03,21.6,28.6,0,7.4,27.66
2019-06-04,21.9,27.4,0,13.9,29.33
2019-06-05,19.3,25.3,1.1,6.1,26.52
2019-06-06,17.7,22.5,0.4,9.1,23.15
2019-06-07,20.1,26.8,0,11.6,26.23
2019-06-08,19.1,24.2,0,9.2,29.17
2019-06-09,19.9,24.9,0,9.1,19.76
2019-06-10,20.9,26.5,8.5,8.4,23.02
2019-06-11,13.9,16.8,20,4.4,4.21
2019-06-12,15.8,22.5,0.1,8.1,25.91
2019-06-13,17.5,23.4,0,6.2,28.03
2019-06-14,20.5,26.4,0.3,10.6,25.92
2019-06-15,20.3,24.2,0.1,5.7,22.21
2019-06-16,21.6,28,0.1,4.8,27.88
2019-06-17,22.6,28.8,0,6,27.94
2019-06-18,23.3,30,0,12.1,29.3
2019-06-19,23.1,29.4,0,7.5,29.08
2019-06-20,22.4,27.1,0.5,6.5,24.21
2019-06-21,22.1,27,2,5.2,22.06
2019-06-22,22.6,27.9,0,5.5,25.06
2019-06-23,25.2,33.5,0,6.9,28.86
2019-06-24,24.2,29.7,0,6.4,29.22
2019-06-25,24.2,29.6,0,7,29.41
2019-06-26,27.5,34.8,0,6.1,29.77
2019-06-27,29.1,37.2,0,4.7,29.71
2019-06-28,30.1,39.1,0,5.6,29.73
2019-06-29,29.8,36,0,6.7,28.25
2019-06-30,27.5,33.7,0,6.5,28.51
2019-07-01,26.7,31.3,0,4.9,27.57
2019-07-02,27,32.2,0.7,3.5,25.45
2019-07-03,27,32.4,4.4,4.5,24.01
2019-07-04,26.7,32.1,0,6.3,27.72
2019-07-05,27.9,34.7,0,8.5,28.7
2019-07-06,28,34.4,0,6.8,26.87
2019-07-07,29,33.9,0.9,5.2,24.21
2019-07-08,27.3,32,1.9,6.5,19.8
2019-07-09,23,25.3,13.5,8.6,17.58
2019-07-10,25.4,31.2,0,5.8,25.79
2019-07-11,26.6,32,0,4.8,26.08
2019-07-12,27.6,32.9,0,5.2,26.97
2019-07-13,28.2,33.3,0,3.9,24.94
2019-07-14,24.7,27.1,9.2,4.2,14.15
2019-07-15,24.5,30.1,8.2,3.2,20.32
2019-07-16,23.8,28.8,2.7,5.8,21.57
2019-07-17,24.2,29.1,1.2,5.3,15.54
2019-07-18,24.1,28.2,2.1,5.8,20.49
2019-07-19,24.9,29.4,0,6.7,21.29
2019-07-20,25.9,31.8,0,8.2,25.82
2019-07-21,26.2,31.8,0,4.3,23.88
2019-07-22,28.3,33.9,0,5.4,26.18
2019-07-23,28.4,34.8,0,6.3,27.67
2019-07-24,27.6,33,0,4.9,27.32
2019-07-25,27.9,33.3,0,8.7,26.62
2019-07-26,27.4,32.8,0,6.2,23.85
2019-07-27,22.5,24.8,46.6,4.5,9.77
2019-07-28,21.7,26.3,0.3,5.7,22.01
2019-07-29,24.4,30.7,0,5.1,25.6
2019-07-30,24.4,28.2,3,3.9,19.35
2019-07-31,23.1,28.1,0,5.3,22.44
2019-08-01,23.9,29.2,0,6.5,26.56
2019-08-02,25.6,31.5,0.2,4.8,23.04
2019-08-03,26,31.8,0,5.6,25.76
2019-08-04,26.2,31.5,0,6.6,25.08
2019-08-05,26.6,32,0,6.3,25.39
2019-08-06,25.8,30.9,0,5.1,24.79
2019-08-07,25.4,28.4,1.5,5.2,14.22
2019-08-08,27.4,32.8,0,6.2,22.57
2019-08-09,28.7,35.3,0,9.8,26.15
2019-08-10,27.6,31.9,0.6,7.1,22.87
2019-08-11,26.5,33.2,0,6.3,23.68
2019-08-12,23.6,27.1,14.9,9.1,15.75
2019-08-13,22.5,27.9,0.5,6.2,20.31
2019-08-14,22.9,28.4,0.1,4.5,19.42
2019-08-15,23,28.1,11.2,4.6,15.38
2019-08-16,24.3,29.3,0.3,5.5,15.35
2019-08-17,25.7,32.5,0,7.8,24.35
2019-08-18,26.8,32.9,0,10.4,24.1
2019-08-19,24.7,27.7,0.7,8.5,19.07
2019-08-20,22.6,25.3,0.1,9.9,14.29
2019-08-21,23.3,30.6,0,6.4,24.25
2019-08-22,25.1,32.1,0,6.8,24.2
2019-08-23,24.7,30.8,0,5.6,23.58
2019-08-24,25,30.8,0.2,5.4,19.92
2019-08-25,25.5,31.5,0,6.6,22.89
2019-08-26,24.9,31.6,0,6,22.6
2019-08-27,22.9,25.2,3.7,4,10.81
2019-08-28,24.5,31,0,5.8,20.47
2019-08-29,25.4,32.6,0.2,4.8,21.12
2019-08-30,26.7,33.7,0.5,4.9,21.03
2019-08-31,25.9,32,0.6,5.3,21.84
2019-09-01,24.3,30.4,7.4,4.3,17.76
2019-09-02,22.6,25.5,13.7,3.9,11.35
2019-09-03,23.5,29.7,2.9,4.6,19.22
2019-09-04,23.1,30.6,0,4.4,22.33
2019-09-05,22,25.2,8.3,5.9,14.41
2019-09-06,19.9,24.7,3.1,5.9,16.36
2019-09-07,19.7,25.9,6.2,5.2,18.21
2019-09-08,19.4,24,4,5.6,15.36
2019-09-09,19.8,24.3,0.5,6.4,13.19
2019-09-10,15.7,19.8,46.8,14.7,5.4
2019-09-11,18.9,24.5,5.4,19.2,15.85
2019-09-12,21.6,27.9,0,10.9,21.38
2019-09-13,21.2,26.4,0,7.8,18.31
2019-09-14,21.9,27.6,0.5,8.1,19.31
2019-09-15,21.9,27.8,2.1,6.2,19.92
2019-09-16,22.3,28.1,0,4.5,19.1
2019-09-17,22.9,29.5,0,4.9,19.53
2019-09-18,22.8,27.8,1,5.4,17.62
2019-09-19,21.8,26.9,3.8,3.6,15.65
2019-09-20,21.1,25.8,1.5,6.8,16
2019-09-21,20,21,37.1,5.3,2.67
2019-09-22,21.6,28.3,0.7,7.8,17.23
2019-09-23,20.2,25.5,1.8,4.7,13.98
2019-09-24,20.3,27.3,0,5.6,18.03
2019-09-25,19.9,22.5,0.6,5.5,9.2
2019-09-26,20.1,25.1,1.1,4.5,13.34
2019-09-27,20.7,27,1.3,3.8,12.26
2019-09-28,21,24.5,1.2,4.6,10.69
2019-09-29,21,29.2,0,4.8,17.79
2019-09-30,21.9,27.6,0,5.3,16.83
2019-10-01,21.2,28.4,6.3,5.1,16.88
2019-10-02,18.7,22.7,10.9,4.5,13.77
2019-10-03,18.1,23.6,1,5.3,15.85
2019-10-04,18.4,23.9,0.4,4.2,12.74
2019-10-05,19,22.2,1.4,4.4,10.89
2019-10-06,18.4,20.7,0.7,4,8.04
2019-10-07,18.5,24.4,3.5,6.8,12.61
2019-10-08,18.4,25.4,0,5.8,13.52
2019-10-09,17.3,22.2,2.6,5.1,6.51
2019-10-10,17.8,22.1,0.7,3.4,11.87
2019-10-11,17.8,24.7,0,7.9,9.49
2019-10-12,20,24.2,0,13.5,10.48
2019-10-13,20.8,24.4,0.1,9.2,10.98
2019-10-14,20.1,24.4,1.5,6.4,11.78
2019-10-15,17,19.9,2.4,6.5,13.17
2019-10-16,15.5,22.6,0,9.1,14.89
2019-10-17,16.5,23.8,0,9.7,14.63
2019-10-18,16.8,24,0,5,11.24
2019-10-19,19.1,23.6,0,12.9,12.62
2019-10-20,19.2,21.7,5.4,12.1,8.75
2019-10-21,13.9,15.6,3.6,3.6,4.26
2019-10-22,14,15.5,101.8,11.4,1.75
2019-10-23,16.7,18.6,74.9,11.1,7.9
2019-10-24,14.3,20.1,0,5.3,11.83
2019-10-25,15.1,22.1,0,4.2,13.51
2019-10-26,15,22.3,0,4.7,13.06
2019-10-27,15.8,23.2,0,5.8,13.08
2019-10-28,15.8,20.6,0.2,5.5,8.95
2019-10-29,16.1,22.6,0,4.5,11.34
2019-10-30,16.1,22.8,0,5.8,11.98
2019-10-31,16.3,20.1,7.6,3.8,6.61
2019-11-01,14.9,20.4,0.4,4.3,7.07
2019-11-02,17.4,23,0,7.5,10.03
2019-11-03,16.3,18.5,0.3,11.8,8.21
2019-11-04,14.8,22.2,0,10.9,11.54
2019-11-05,13.2,16.4,4.3,5.9,8.3
2019-11-06,11.3,16.8,0.3,4.6,10.41
2019-11-07,10.3,14.4,6.4,5.8,6.99
2019-11-08,9.1,13.2,4.4,4.4,8.39
2019-11-09,8.8,14.9,0,5.3,10.83
2019-11-10,9.5,13.1,2.2,8.8,8.14
2019-11-11,8.8,15.2,0,9.7,9.17
2019-11-12,9.4,15.7,0,5.9,10.79
2019-11-13,8.9,14.1,0,4,6.31
2019-11-14,8,10.5,8,6.8,3.19
2019-11-15,5.9,11.2,0,5,8.58
2019-11-16,6.1,12.5,0,4.5,10.34
2019-11-17,6.7,12.5,0,5.2,8.98
2019-11-18,8,11.6,0,10.3,8.66
2019-11-19,6,12.6,0,5.4,10.02
2019-11-20,6.1,12.7,0,8.7,8.81
2019-11-21,8.2,14.6,0,9.3,9.31
2019-11-22,9.4,14.7,2.4,10.8,5.42
2019-11-23,12.5,15.6,3.1,10,8.55
2019-11-24,9.8,15.4,0,4.6,8.78
2019-11-25,9.9,17.4,0,4.4,9.17
2019-11-26,10.1,18.1,0,7.3,8.75
2019-11-27,14.1,17.4,0,6.8,6.49
2019-11-28,12.2,17.2,0,5.9,8.04
2019-11-29,12.4,17.2,0,4.8,8.13
2019-11-30,12.9,17.6,0.5,8.1,7.83
2019-12-01,11.9,14.9,0.9,4.5,6.37
2019-12-02,8.8,14,0,8,8.72
2019-12-03,7.2,10.4,0,11.3,5.34
2019-12-04,9.9,10.7,56.3,19.1,0.6
2019-12-05,10,10.4,32.8,16.5,2.12
2019-12-06,10.4,15.1,0,6,7.69
2019-12-07,8.9,15.7,0,5.3,8.28
2019-12-08,8.4,14.9,0,4,7.85
2019-12-09,9.8,15.7,2.7,4.5,7.03
2019-12-10,8.4,14.2,0,6.9,8.46
2019-12-11,6.8,12.9,1,5.7,6.75
2019-12-12,7.2,11.9,1.5,8.9,5.43
2019-12-13,10.5,17.4,1.1,8.3,6.98
2019-12-14,10.8,16.8,0,5.1,6.97
2019-12-15,10.3,16.7,0,6.5,7.79
2019-12-16,10.4,14.8,0,8.1,5.26
2019-12-17,12.4,17.4,0.2,5.3,7.5
2019-12-18,12,16.9,0,5,4.4
2019-12-19,11.2,14.9,0,10.9,5.13
2019-12-20,14.5,17,9.5,21.6,4.71
2019-12-21,13.5,16.9,1.2,13.2,6.9
2019-12-22,13.7,16.8,0,14.9,7.58
2019-12-23,9.3,14.7,0,4,6.87
2019-12-24,9.8,17.6,0,4.2,7.55
2019-12-25,10.5,18.7,0,3.6,7.86
2019-12-26,10.4,17.1,0,3,7.37
2019-12-27,10.4,15.5,0,3.4,7.2
2019-12-28,7.8,13.9,0,3.7,8.03
2019-12-29,7,12.5,0,4,7.51
2019-12-30,7.2,13.7,0,4,7.77
2019-12-31,7.7,13.9,0,3.4,7.97
2020-01-01,6.8,13.5,0,4,8.1
2020-01-02,6.1,12.4,0,5,8.05
2020-01-03,7.2,12.5,0,4.7,6.18
2020-01-04,7.1,14.5,0,3.8,8.35
2020-01-05,6.8,15,0,5.4,8.5
2020-01-06,6.9,13.4,0,4.7,7.22
2020-01-07,7.6,14.6,0,3.3,8.16
2020-01-08,8.2,14.7,0,4.9,8.01
2020-01-09,7.7,14.7,0,10.3,8.68
2020-01-10,8.6,12.5,9.9,4.1,5
2020-01-11,6.2,12.5,0,5.9,8.96
2020-01-12,4.3,12.9,0,3.3,9.15
2020-01-13,4.1,11.5,0,4.8,7.41
2020-01-14,5.9,13.9,0,9.1,9.31
2020-01-15,7.6,13,0,10.5,7.17
2020-01-16,7,14.3,0,6.3,9.08
2020-01-17,9.5,15.1,4.2,8,7.74
2020-01-18,7.6,13,0,4.6,6.54
2020-01-19,7.4,9.2,2.6,20.4,4.64
2020-01-20,5.5,6.5,24.5,26.8,1.75
2020-01-21,7.7,10.1,82.6,26,1.09
2020-01-22,10.9,12.2,80.5,19.5,1.68
2020-01-23,11.5,13.4,31.7,9.2,4.57
2020-01-24,7.5,14.4,0,4.4,9.77
2020-01-25,8.6,12.7,2.3,5.3,6.2
2020-01-26,8.9,13.7,1,5.2,7.48
2020-01-27,7.6,12.9,0,9.8,8.87
2020-01-28,9,15.3,0,6.7,8.58
2020-01-29,9.3,14.6,0,3.8,7.57
2020-01-30,10.7,16.7,0.5,4.9,6.97
2020-01-31,12.1,19.7,0,4.7,8.63
2020-02-01,12,18.6,0,7.1,8.51
2020-02-02,13.3,22.1,0,4.8,10.57
2020-02-03,14.6,22.9,0,5.6,11.12
2020-02-04,12.3,18.6,1,9,9.93
2020-02-05,9.6,16.4,0,6.9,11.27
2020-02-06,7.7,15.7,0,8.8,12.23
2020-02-07,8.5,14.6,0,9.2,10.5
2020-02-08,9.1,14.7,0,4.3,9.39
2020-02-09,9.9,17,0,9.3,11.85
2020-02-10,13.1,20.3,0,6.1,12.2
2020-02-11,12.3,15.9,0,3.8,5.16
2020-02-12,10.8,12.5,8.8,5.2,2.76
2020-02-13,11.1,17.2,0,5.4,12.25
2020-02-14,11.6,16.5,0,3.4,6.79
2020-02-15,11.2,16.6,0,4.3,10.34
2020-02-16,13.6,18.7,0,11.4,12.75
2020-02-17,12.8,16.3,0,8.1,10.07
2020-02-18,11,12.8,5.8,5.5,5.42
2020-02-19,9.7,15.1,0.1,4.2,10.54
2020-02-20,9.1,17.7,0,3.9,14.54
2020-02-21,10.5,18.6,0,3.9,14.71
2020-02-22,10.7,18,0,3.5,14.67
2020-02-23,11.9,21.5,0,4.6,15.07
2020-02-24,12.8,20.8,0,4.3,15.34
2020-02-25,11.5,15.8,0,5.2,10.19
2020-02-26,10.6,14.4,5.1,4.5,10.02
2020-02-27,11,19,0,8.2,13.8
2020-02-28,12.4,16.4,0,7.9,10.17
2020-02-29,14,19.3,0,16.9,12.74
2020-03-01,13.9,19.5,0.2,8.6,12.72
2020-03-02,12.9,16.5,6.2,12.1,13.04
2020-03-03,8.7,13.7,0.1,9.3,10.57
2020-03-04,9.8,14.4,0,7.7,8.67
2020-03-05,13,21.3,1.3,9.5,14.64
2020-03-06,9,13,7.9,4.1,8.87
2020-03-07,8.9,16.1,0,8,17.18
2020-03-08,10.5,16.8,0,5.8,15.2
2020-03-09,10.8,14.9,4.4,4.5,12.44
2020-03-10,11.3,18.2,0,4.9,15.72
2020-03-11,14.3,21.2,0,3.6,18.15
2020-03-12,14.3,20.3,0,5,17.43
2020-03-13,14.5,19.1,0,4.3,13.3
2020-03-14,13,15.3,0.1,4.1,6.39
2020-03-15,12.9,18.2,0,8.6,15.41
2020-03-16,11.7,13,15,9.4,4.3
2020-03-17,12.4,15,0.6,10,9.77
2020-03-18,12.4,17.6,0,5.1,19.6
2020-03-19,11.9,17.8,0,5.3,20.17
2020-03-20,10.4,16.3,0,5.5,20.03
2020-03-21,10.5,15.9,0,5.4,14.05
2020-03-22,11.5,15.2,10,5.9,10.97
2020-03-23,11.5,14.3,6.5,8,9.75
2020-03-24,10.2,12.5,0.4,10.5,11.77
2020-03-25,7.9,11,0.6,8.2,13.64
2020-03-26,5.3,7.4,10.5,7.9,7.66
2020-03-27,7,14,0.1,6.3,11.21
2020-03-28,11.9,17.6,0,4.6,16.97
2020-03-29,12.2,19.2,1.3,4.4,19.33
2020-03-30,9,11.5,2.1,7.1,9.87
2020-03-31,9.2,12.4,2.6,8.2,12.04
2020-04-01,9.7,10.1,17.3,11.2,3.28
2020-04-02,9.6,11.9,3.1,12.2,10.4
2020-04-03,10.6,16.7,0.8,5.8,16.94
2020-04-04,11.6,18.6,0,7.7,22.27
2020-04-05,11.8,18.7,0,9,24.04
2020-04-06,11.8,18.6,0,7.5,22.66
2020-04-07,13,18.1,0.4,7,17.2
2020-04-08,13.6,18.6,0.7,6.9,18.33
2020-04-09,13.5,19.9,0,5.6,20.87
2020-04-10,13.8,20.4,0,6.4,22.8
2020-04-11,14.8,20.9,0,7.1,20.37
2020-04-12,13.7,19.7,0,9.8,23.03
2020-04-13,11.9,13.4,16.6,9,2.17
2020-04-14,14.8,20.4,0.4,8.8,22.44
2020-04-15,13.4,17.5,0.6,8.1,17.8
2020-04-16,14.6,17.9,0,5.4,11.15
2020-04-17,15.7,20,0.3,7.8,14.34
2020-04-18,16.2,20.4,3.1,6.8,15.13
2020-04-19,15,16.5,21.9,6.5,4.93
2020-04-20,15.2,17.1,13.2,12.9,3.32
2020-04-21,13.9,14.7,57.4,13.5,2.24
2020-04-22,12.7,14.4,23.1,14.7,7.79
2020-04-23,15.7,20.2,0.1,5.4,17.22
2020-04-24,16,21.4,0.2,7,23.89
2020-04-25,15.3,20.7,2.3,5.6,20.17
2020-04-26,15.7,20.7,0,5.7,19.16
2020-04-27,16.1,20.5,1.2,10.6,20.21
2020-04-28,15.7,19.6,9,6,18.99
2020-04-29,15.6,21.6,0.2,9.2,21.27
2020-04-30,17.3,22.6,0.9,7.7,17.78
2020-05-01,18.1,26,0,7.6,22.53
2020-05-02,19.5,24.9,0.2,4.2,23.27
2020-05-03,19.9,25.9,0,5.7,24.8
2020-05-04,20.4,27,0,8.7,26.65
2020-05-05,19.9,23.3,0,8.5,21.26
2020-05-06,21.1,26.5,0,5,23.33
2020-05-07,19.3,23.7,0,6,23.47
2020-05-08,18.8,24.4,0,8.3,25.85
2020-05-09,16.6,19.7,1.1,6.7,16.02
2020-05-10,16.5,17.7,14.3,9.5,8.3
2020-05-11,16.9,22.5,0.8,9.6,18.39
2020-05-12,16.1,19.7,1,6.1,16.27
2020-05-13,17.8,23.7,6.2,8,19.61
2020-05-14,15.4,17.7,13.6,7.8,8.9
2020-05-15,15.8,20.3,0,5.1,21.01
2020-05-16,16.8,20.8,4.6,10.5,21.24
2020-05-17,18.2,23.7,0,5,20.94
2020-05-18,19,25.9,0,9.1,26.21
2020-05-19,21,28.1,0,7.1,26.97
2020-05-20,21.7,28.6,0,5.7,28.36
2020-05-21,21.9,28.6,0.3,5.7,25.89
2020-05-22,22.2,28.3,0,5.3,27.06
2020-05-23,21.2,26.5,0.2,8.5,24.83
2020-05-24,20,23.6,1.1,6.7,15.02
2020-05-25,20.2,24.8,0,6.1,22.37
2020-05-26,21,27.7,0,5.1,27.67
2020-05-27,20.5,24.9,0,8.7,28.86
2020-05-28,20,25.6,0,6.3,26.34
2020-05-29,19.6,24.9,2.8,5.7,23.7
2020-05-30,19.2,23,0.4,7.2,19.41
2020-05-31,19.9,25,0,8.2,22.85
2020-06-01,19.2,23.6,9.6,6.7,13.91
2020-06-02,19.5,23.1,9.6,4.8,17.23
2020-06-03,19.9,25.3,5.9,6.7,18.12
2020-06-04,16.8,18.6,22.6,5.1,8.44
2020-06-05,17,22,0,5.8,18.42
2020-06-06,19,23.8,1.2,6,19.97
2020-06-07,17.7,20.2,11.3,7.8,14.44
2020-06-08,16,18.8,14.8,5.1,16.8
2020-06-09,15.1,19.8,8.7,4.6,19.31
2020-06-10,16.3,21.2,7.9,5.2,21.02
2020-06-11,17.8,22.4,4.1,8.8,18.42
2020-06-12,20.5,24.7,0.9,11.4,29.08
2020-06-13,19.2,24.6,1.5,7.1,24.99
2020-06-14,19.1,23.8,0.6,4.3,21.82
2020-06-15,19.3,24.4,14.3,4,20.82
2020-06-16,17.9,19.8,11.1,3.3,13.34
2020-06-17,17.4,21.1,7.7,4.5,16.27
2020-06-18,17.2,21,3.7,3.8,16.07
2020-06-19,19.3,23.7,0,4.8,20.55
2020-06-20,20.4,24.7,7.5,5,19.24
2020-06-21,22.4,27.6,0.3,4.4,23.69
2020-06-22,23,27.2,3.1,5.3,24.26
2020-06-23,23.3,27.4,0,6.3,23.98
2020-06-24,23.2,28.6,0,7.6,26.85
2020-06-25,23.1,28,0.7,5.6,24.46
2020-06-26,23.9,29.5,0,8.1,28.13
2020-06-27,23.1,27.7,0.3,5.4,24.93
2020-06-28,24.1,28.6,1.4,4.7,22.26
2020-06-29,23.7,27.1,1.8,5.1,14.3
2020-06-30,24,28,0.1,6.6,15.64
2020-07-01,24.9,29.6,0,6.6,25.41
2020-07-02,23.2,27.2,7.7,4,19.5
2020-07-03,20.8,24.3,27.9,6.3,16.48
2020-07-04,21.9,26.6,1.7,4.3,21.59
2020-07-05,24.1,30.7,0,4.3,28.26
2020-07-06,24.8,29.9,0,4.7,27.31
2020-07-07,22.7,26.2,1.4,4.9,16.27
2020-07-08,23.1,28.2,0,5.1,26.03
2020-07-09,24.7,30.1,0.2,3.9,25.8
2020-07-10,24.5,28.6,0.9,5.7,21.05
2020-07-11,24.1,28.6,6.6,5.4,22.39
2020-07-12,23.7,27.4,0,3.4,21.32
2020-07-13,24.2,29.6,4.3,6.1,21.91
2020-07-14,22.4,26.9,9.1,5.2,16.89
2020-07-15,20.7,24.3,3.3,4.6,14.53
2020-07-16,21.4,25.2,0.4,5.7,16.46
2020-07-17,22.5,26.4,5.8,4.5,18.05
2020-07-18,22.7,27.3,2.5,4.9,20.36
2020-07-19,24.2,30,0,6.6,26.15
2020-07-20,24.6,30.2,0,6,26.65
2020-07-21,25.1,30.5,0,6.4,26.09
2020-07-22,25.4,31.6,0,5.2,25.62
2020-07-23,26.1,31.7,0.5,4.4,24.13
2020-07-24,25,29.3,5,5.1,22.19
2020-07-25,25.7,30.1,0,6.5,20.64
2020-07-26,25.3,30.4,0,5.8,23.98
2020-07-27,26.7,33.7,0,8.2,27.22
2020-07-28,26.2,31.3,0,4.4,25.27
2020-07-29,26.9,32.4,0,4.5,26.52
2020-07-30,27.5,34.6,0,6,26.83
2020-07-31,28,35.3,0,5.8,27.11
2020-08-01,28.6,35.6,0.8,5.9,25.04
2020-08-02,25.5,29,5,4.9,16.23
2020-08-03,22.8,26.6,18.4,4.3,16.54
2020-08-04,22.3,26.4,10.4,4.2,17.57
2020-08-05,22.8,28,0.7,4.8,22.45
2020-08-06,24.4,31.3,0,5.8,26.88
2020-08-07,25.5,31.8,0,5,25.4
2020-08-08,27.1,33.7,0,4.9,24.8
2020-08-09,27.1,32,0.2,6,23.64
2020-08-10,26.9,32,0,6.4,23.93
2020-08-11,27.4,33.2,0,6.4,24.57
2020-08-12,25.9,30.1,0.4,8,22.36
2020-08-13,24.5,29.6,5.9,5.3,20.7
2020-08-14,24.1,29.3,3.7,4.6,18.26
2020-08-15,25.3,31.3,0.4,6.8,22.91
2020-08-16,24.5,28.1,1.3,5.8,18.61
2020-08-17,23.9,28.8,0,5.9,20.44
2020-08-18,24,27,0.1,3.7,11.15
2020-08-19,25,32,0,8.7,23.53
2020-08-20,26.4,32.7,0,11.9,24.95
2020-08-21,26.5,32.2,0,7.5,24.21
2020-08-22,26.8,31.4,1.8,5.2,18.75
2020-08-23,24.3,28.2,3.7,5.7,17.13
2020-08-24,23.9,28.3,4.2,4.6,17
2020-08-25,25.1,32.4,0,4.9,23.43
2020-08-26,26.4,32,0,5.1,21.46
2020-08-27,26.2,31.2,0,4.4,17.78
2020-08-28,24.5,30.6,6.8,6.7,15.14
2020-08-29,17.8,20.9,24.2,10,10.88
2020-08-30,17.6,23.6,13.4,4.4,19.52
2020-08-31,18.5,24.3,1.2,5.4,20.64
2020-09-01,19.4,24.5,0,4.1,17.1
2020-09-02,20.9,25.2,0.2,3.7,16.92
2020-09-03,20.9,27.1,0,4.9,18.7
2020-09-04,21.7,27.7,0,5.9,20.42
2020-09-05,22.4,26.9,0.3,4.3,14.71
2020-09-06,21.1,25.4,9,4.9,13
2020-09-07,18.6,23.4,13.3,10.5,11.98
2020-09-08,18.9,24.5,3.5,12.7,15.92
2020-09-09,19.3,22.3,4.3,7.8,11.86
2020-09-10,20.4,26.2,0.2,6.1,17.8
2020-09-11,22.8,29,0,8.1,18.39
2020-09-12,23.2,30.1,0,6.3,17.33
2020-09-13,23.1,30.5,0,5.3,20.74
2020-09-14,22.8,29.8,0,5.6,20.56
2020-09-15,22.6,28.9,0,5.1,18.28
2020-09-16,22.9,29.3,0,3.9,17.01
2020-09-17,22.8,29.2,0,6,16.48
2020-09-18,22.1,25.9,0.3,7,11.75
2020-09-19,22.5,27.9,2,10.8,16.26
2020-09-20,21.3,24.9,0.4,4.8,13.51
2020-09-21,19.2,22.4,9.4,4.4,11.47
2020-09-22,19.2,23.7,1.1,4.3,13.05
2020-09-23,20.1,27.2,0,7,17.65
2020-09-24,21.1,27,0,8.9,15.33
2020-09-25,16.8,20.6,6.4,6,16.88
2020-09-26,14,18.3,0.5,5.4,11.89
2020-09-27,13.2,17.5,2.8,6.6,10.82
2020-09-28,15.9,22.2,0,5.2,17.1
2020-09-29,16.4,22.9,0,4.4,11.21
2020-09-30,16.8,23.7,0,4.7,16.69
2020-10-01,17.7,23.1,0.6,7.9,14.25
2020-10-02,15.5,19.3,19.1,11.6,5.86
2020-10-03,13.2,19.3,4.1,8.7,14.82
2020-10-04,14.1,20,0.6,8.5,14.14
2020-10-05,13.9,18.5,0.5,4.4,12.05
2020-10-06,16.1,24.1,0,4.3,14.63
2020-10-07,17.9,22.7,0.4,4.1,11.26
2020-10-08,18.4,23.3,0,4.2,10.67
2020-10-09,17.5,22.9,0.2,4.9,11.01
2020-10-10,16.6,18.6,35.5,4.3,4.23
2020-10-11,13.8,18.7,9.6,7.6,13.1
2020-10-12,13.4,20.3,0,8.2,16.07
2020-10-13,13.3,18.2,3.5,5.4,11.69
2020-10-14,11.6,13.2,37.2,4.1,4.92
2020-10-15,9.6,16.2,0.7,6,13.58
2020-10-16,10.6,17.9,0,5.9,14.07
2020-10-17,10.3,18.2,0,4.4,13.75
2020-10-18,11.4,18.8,0,4.7,13.43
2020-10-19,13,20,0,10.8,11.48
2020-10-20,16.8,20.7,0.2,12.3,9.8
2020-10-21,19,23.5,0.6,8.4,11.17
2020-10-22,17.5,20.8,4.6,5.3,7.01
2020-10-23,18.2,23.3,1.2,9.2,13.13
2020-10-24,14.1,20.5,0.1,4.9,12.98
2020-10-25,15.7,21.5,0,15.2,13.02
2020-10-26,12.6,15.3,7.4,4.7,6.4
2020-10-27,10.8,17.5,0,4.5,10.37
2020-10-28,13.1,20.5,0,4.1,10.12
2020-10-29,13.7,19.8,0,3.8,9.82
2020-10-30,13.9,22.1,0,4.4,12.52
2020-10-31,13.3,20.6,0,3.9,11.55
2020-11-01,14,20.3,0,4.2,11.42
2020-11-02,14.9,21.2,0,5.2,10.76
2020-11-03,15.3,19,4.1,4.9,5.29
2020-11-04,12.4,14.7,3.5,9.2,6.05
2020-11-05,12.4,16.4,0,9.1,9.17
2020-11-06,15.2,18,1.6,6.4,6.24
2020-11-07,16,17.4,14.7,9.1,1.93
2020-11-08,13.7,20.3,0,7.8,10.54
2020-11-09,12.9,19.9,0,6.5,9.12
2020-11-10,13.2,19,0,4.5,9.54
2020-11-11,12.4,19.6,0,8.5,10.45
2020-11-12,12.5,18.1,0,5.5,7.86
2020-11-13,12.1,18.3,0,6.2,7.68
2020-11-14,12.7,19.9,0,7.6,9.8
2020-11-15,14.5,20.8,0.3,8.8,10.15
2020-11-16,14,17.2,3.5,4.8,4.65
2020-11-17,12.6,19.3,0,3.2,9.36
2020-11-18,11.4,18.6,0,4.7,9.44
2020-11-19,12.4,20.6,0,5.3,9.17
2020-11-20,10.8,15.8,0.4,10.8,7.17
2020-11-21,6.6,13.3,0,6.5,10.07
2020-11-22,5.6,14.9,0,4.2,9.69
2020-11-23,7,15.5,0,3.4,9.32
2020-11-24,7.7,15.8,0,5.2,8.11
2020-11-25,11.1,16.1,0.2,8.6,6.31
2020-11-26,12.4,15.4,9.3,3.9,2.79
2020-11-27,12.9,14.3,19.7,8.9,3.87
2020-11-28,12.2,13.1,42.9,15.7,1.71
2020-11-29,12.9,17.9,0.6,7.6,8.63
2020-11-30,9.3,15.2,0,3.7,7.19
2020-12-01,9.9,14.1,3.3,4.6,3.9
2020-12-02,7.7,12.7,4.1,9.7,8.82
2020-12-03,6.2,12.4,0,7.2,7.18
2020-12-04,8.1,10.9,0.9,10.4,4.97
2020-12-05,4.6,9.9,0,5.7,7.56
2020-12-06,5.1,10.7,0.7,5.2,7.3
2020-12-07,5.1,9.7,2.8,5.3,5.26
2020-12-08,6,11.2,0.6,5.2,6.74
2020-12-09,5.8,12,0,5.2,8.38
2020-12-10,6.5,12.1,1.2,4.2,6.88
2020-12-11,8,13.8,3.2,6.9,7.01
2020-12-12,8.8,15,0.1,5.6,7.27
2020-12-13,8.7,13.8,0,3.7,6.55
2020-12-14,9.5,14.7,0,7.5,4.66
2020-12-15,12,17.8,0.1,7.4,7.01
2020-12-16,9.5,15.5,0,10,7.73
2020-12-17,10,14.2,0.2,5.6,4.76
2020-12-18,11.8,15.1,2.6,4.7,4.96
2020-12-19,11.9,15.8,0,10.8,7.48
2020-12-20,10.4,13.9,0.1,6.6,4.6
2020-12-21,8.8,15.1,0,5,7.35
2020-12-22,9.6,16.7,0,5.3,7.59
2020-12-23,10.9,16.7,0,8.2,6.28
2020-12-24,10.1,12.6,2.1,4,2.87
2020-12-25,6.4,9.5,1.2,13.4,7.81
2020-12-26,5.7,10.6,0,13.6,8.06
2020-12-27,2.7,7.5,0,9.9,5.6
2020-12-28,8,11.8,1.2,15.4,8.01
2020-12-29,6,11.1,3.6,6.9,6.37
2020-12-30,5.2,11.2,0.2,4.4,8.23
2020-12-31,5.4,11.9,0,7.5,7.46
2021-01-01,5.4,9,2,6.2,5.59
2021-01-02,3.6,7.9,1.9,4.9,5.13
2021-01-03,3.5,7.6,1,3.8,5.83
2021-01-04,1.5,7.7,0.4,3.7,8.29
2021-01-05,1.3,6.8,1.1,3.9,7.44
2021-01-06,0.4,6.8,0,4.2,7.17
2021-01-07,1.4,4.8,0,5,4.89
2021-01-08,1.9,6.5,0,6.6,7.69
2021-01-09,2.9,3.9,22.1,16,1.33
2021-01-10,3.7,5.1,7.8,15.4,4.18
2021-01-11,2.6,8.2,0,5.5,8.71
2021-01-12,2.8,9,0,4.7,8.38
2021-01-13,5,14.4,0,5,9.1
2021-01-14,4.7,11.7,0,3.7,8.93
2021-01-15,5.3,12.2,0,4.8,8.33
2021-01-16,5.5,12.2,0,6,9.14
2021-01-17,7.4,15.5,0,5.9,6.9
2021-01-18,6.2,11.7,0.2,4.5,5.47
2021-01-19,5.7,13.9,0,8.5,9.77
2021-01-20,8.8,12.1,0.2,16.1,4.97
2021-01-21,10.9,15.5,0,16.6,9.21
2021-01-22,11.6,13.5,1.5,14.9,6.08
2021-01-23,7.4,14.1,0,12,9.51
2021-01-24,9.2,13.6,0.3,7.5,9.31
2021-01-25,7.5,12.1,0.9,8,5.23
2021-01-26,7,11.6,1.3,6,6.23
2021-01-27,8.5,16,0,4.5,9.29
2021-01-28,11.4,18.1,0,4.4,8.47
2021-01-29,12.1,19,0,4.6,9.13
2021-01-30,10.9,15.1,5.2,7.5,6.64
2021-01-31,10.4,16.4,0,5.3,9.39
2021-02-01,11.2,18,0,5.7,10.29
2021-02-02,11.8,18.4,0,5.4,10.57
2021-02-03,12.9,20,0,8.7,10.98
2021-02-04,11.3,17.1,0,4.1,9.17
2021-02-05,11.8,15.7,0,5.2,8.9
2021-02-06,13,17.4,0.2,9.1,11.31
2021-02-07,8.3,10.1,14.4,4.8,2.99
2021-02-08,6.7,11.1,5.3,5.9,7.32
2021-02-09,7.9,13.2,0.6,13.9,9.09
2021-02-10,9.9,14.3,0,8.7,8.23
2021-02-11,8.8,15.4,0,4.7,11.67
2021-02-12,8.7,14,9.2,4.8,7.52
2021-02-13,9.8,14.5,1.8,6.1,7.84
2021-02-14,7,9.2,1.9,7.6,3.06
2021-02-15,7.7,10.5,0,12,5.67
2021-02-16,11.3,17.1,0,14.5,12.18
2021-02-17,10.8,18.2,0,6.7,12.39
2021-02-18,11.7,17.3,0,10.5,13.18
2021-02-19,11,16.9,0,7.6,12.66
2021-02-20,11.1,17.2,0,10.6,14.29
2021-02-21,10.7,13.8,2.5,9.4,7.83
2021-02-22,12.8,13.8,10.3,7,5.88
2021-02-23,13,17.1,1.3,5.4,10.62
2021-02-24,12.8,18.7,0,7.8,14.98
2021-02-25,11.2,17.7,0,7.2,14.46
2021-02-26,11.9,16.8,0,3.8,12.65
2021-02-27,11.1,17.4,0,4.9,14.92
2021-02-28,10.1,14.1,0,8.3,10.25
2021-03-01,10.6,14.4,0,7.8,11.35
2021-03-02,10.8,13.6,0.2,7.1,11.31
2021-03-03,11.1,14.3,0.3,4.2,9.85
2021-03-04,11.9,16.3,0,7,13.65
2021-03-05,10.6,14.8,3.9,4.5,10.22
2021-03-06,10.2,12.6,3.1,5.6,6.59
2021-03-07,10.2,13.6,1.6,5,8.32
2021-03-08,11,13.9,2.3,8.9,8.81
2021-03-09,9.3,14.8,3.5,4.7,13.4
2021-03-10,8.9,16,0,6,17.45
2021-03-11,11.5,19.9,0,7.1,15.94
2021-03-12,10.7,12.5,4.9,4.6,5.04
2021-03-13,9.3,16.2,0,3.9,15.81
2021-03-14,9.8,13.7,3.4,5.5,13.36
2021-03-15,9.8,15.6,0,5.8,15.8
2021-03-16,10.7,17.6,0,6.1,16.29
2021-03-17,10.8,17.1,2,8,16.41
2021-03-18,9.3,14,6.1,11.2,17.15
2021-03-19,6.7,11,8.7,12.1,13.64
2021-03-20,7.5,11.7,0.6,18.2,20.33
2021-03-21,8.5,15.9,0,7.4,19.55
2021-03-22,10.3,18,0,8.1,18.31
2021-03-23,9.6,16.2,0,4.8,19.04
2021-03-24,11,19.1,0,5.2,21.05
2021-03-25,12.6,19.2,0,6.4,19.45
2021-03-26,13,19.4,0,7.3,17.81
2021-03-27,13.3,17.4,3.8,6.1,12.54
2021-03-28,11.9,19.7,0,5.2,19.93
2021-03-29,12.7,19.9,0,5.9,22.18
2021-03-30,12.9,20.3,0,5.1,22.19
2021-03-31,13.2,20,0,6.9,22.53
2021-04-01,12.9,21.7,0,8.5,22.65
2021-04-02,14,20.3,0,5.5,22.41
2021-04-03,15.2,22.1,0.4,5.9,21.32
2021-04-04,13.3,18.1,0,8.5,19.69
2021-04-05,13.1,20.2,0,4.2,21.51
2021-04-06,12.8,16.8,0.9,6.9,15.76
2021-04-07,8.9,13.7,5.4,10.6,14.07
2021-04-08,10.4,17.1,0,12.2,23.32
2021-04-09,10.5,14.7,0.5,11.8,13.15
2021-04-10,11.3,14.1,0.8,6.2,9.44
2021-04-11,12.9,18.2,21.6,8.4,15.88
2021-04-12,10.8,15.1,4.9,7.5,17.19
2021-04-13,10.8,16.4,0,4.7,20.96
2021-04-14,11.4,15.8,0,5.6,20.99
2021-04-15,10.9,14.6,0,8.2,21.52
2021-04-16,9.7,12.3,0,9,12.69
2021-04-17,8.9,13.5,0,8.1,18.45
2021-04-18,10.7,17.3,0,8.9,21.56
2021-04-19,10.8,16.8,0,6.6,23.97
2021-04-20,11.6,15.4,2.7,7.5,11.81
2021-04-21,11.8,14.2,6.8,6.1,10.47
2021-04-22,11.4,15.9,0,8.5,14.25
2021-04-23,13.4,19.8,0,6.8,26.74
2021-04-24,13.4,20.5,0,6.8,26.4
2021-04-25,14.3,19.2,0.5,7.2,18.06
2021-04-26,13.3,16.9,4.7,9.5,18.48
2021-04-27,13.2,15.5,5.6,6.5,6.48
2021-04-28,14.6,19,3.3,6.1,13.67
2021-04-29,14.7,18.6,8.4,4.7,13.85
2021-04-30,14.8,18.6,3.4,5.5,16.49
2021-05-01,12.3,13.1,30.7,6.5,7.43
2021-05-02,12.3,15.2,9.4,3.8,14.86
2021-05-03,12.9,18.5,0.1,6.1,22.89
2021-05-04,14.7,21.1,0,7,24.35
2021-05-05,15.7,20.1,0.3,7.3,18.07
2021-05-06,18.3,25,0,7,25.07
2021-05-07,17.7,21.6,4.6,6.7,19.11
2021-05-08,19,25.7,0,12.3,27.36
2021-05-09,17.8,21.6,0.4,9.1,23.15
2021-05-10,17,20,6,9.4,14.18
2021-05-11,13.5,16.9,12.5,6.9,18.21
2021-05-12,14.2,21.9,1.6,7.2,24.7
2021-05-13,15,20.3,4.5,6.7,19.63
2021-05-14,14.7,18.2,20.9,5.1,21.49
2021-05-15,16.5,25.2,0.2,6.4,18.9
2021-05-16,16.9,23,4.7,4.7,15.45
2021-05-17,15.2,17.8,3.7,5.9,13.13
2021-05-18,16.7,22.2,0.4,12.7,22.68
2021-05-19,15.4,17.8,8.1,6.8,14.37
2021-05-20,16.3,21.6,0.4,5.5,20.36
2021-05-21,17.8,23.5,0,13.8,26.83
2021-05-22,16.3,19.3,0.8,6.3,16.73
2021-05-23,14.5,17.9,1.1,6.3,14.18
2021-05-24,15.8,21.9,5,5.2,18.78
2021-05-25,15.5,18.9,0.7,4.3,18.27
2021-05-26,16.6,21.4,0,5.2,20.15
2021-05-27,18.5,24.3,0.1,5.5,23.31
2021-05-28,19.2,23.8,0,6.2,23.74
2021-05-29,20,26.7,7.1,4.1,22.86
2021-05-30,20,24.9,1.4,3.9,20.66
2021-05-31,19.5,24.2,0,6.6,24.1
2021-06-01,19.4,24.6,2.7,8.4,23.53
2021-06-02,19.3,22.7,1.5,7,18.41
2021-06-03,20,24.4,0.1,5.4,23.66
2021-06-04,19.9,23.5,0,5.4,18.33
2021-06-05,20.2,24.2,3.6,6.9,17.61
2021-06-06,20,22.8,12,4.2,17.56
2021-06-07,19.6,24.4,3.2,4.9,24.25
2021-06-08,21.9,28.3,0,4.6,27.71
2021-06-09,22.1,27.8,4.2,3.8,24.92
2021-06-10,22.6,29.2,3.8,4.8,23.77
2021-06-11,22.7,27.8,0.6,5.8,20.46
2021-06-12,24.1,29.7,0,5.9,25.44
2021-06-13,25.7,32.6,0,6.1,27.79
2021-06-14,26,31.9,0,5.5,27.87
2021-06-15,26.4,32.1,0,4.2,27.18
2021-06-16,25.1,30.1,0.1,6.2,26.95
2021-06-17,22.3,25.4,4.7,7.6,15.55
2021-06-18,23.5,28.8,0.1,6.9,26.54
2021-06-19,24.3,28.7,1.1,6.6,23.09
2021-06-20,23.9,28,1.6,10.8,21.68
2021-06-21,23.9,29,0,13.9,28.96
2021-06-22,22.3,26.7,0,6.2,23.37
2021-06-23,20.2,24.3,4.2,4.7,16.03
2021-06-24,20.7,25.5,0,4.6,20.5
2021-06-25,22.2,27.3,0,4.3,23.77
2021-06-26,23.6,29.9,0,8.6,27.24
2021-06-27,24.7,30.4,0,12.3,28.45
2021-06-28,22.6,28.1,1.5,5.7,22.15
2021-06-29,22,26.6,0.7,5,22.98
2021-06-30,22.2,26.2,1.3,4.9,17.18
2021-07-01,23.6,28.5,0,4.2,22.67
2021-07-02,25.3,31.2,0,6.5,27.3
2021-07-03,25.1,30.3,0.2,6,24.79
2021-07-04,23.3,26.6,2,6.6,17.17
2021-07-05,25.4,31.5,0,9.6,27.6
2021-07-06,24.4,27.8,1.6,9,22.07
2021-07-07,23.5,27.7,0.3,5.9,22.95
2021-07-08,22.2,26.9,6.2,5.7,22.81
2021-07-09,23,28.2,0.1,4.6,22.49
2021-07-10,25.4,32.4,0,5.9,26.26
2021-07-11,25.6,31.3,0,8.4,28.11
2021-07-12,23.9,27.2,7.4,10.2,21.14
2021-07-13,19.6,23.4,23,6,21.33
2021-07-14,20.3,25.2,0.7,6.1,20.48
2021-07-15,21.8,26,1.1,6.2,20.57
2021-07-16,23,28.3,1.1,4.8,24.52
2021-07-17,24.4,30.7,0,6.6,27.22
2021-07-18,25.2,30.7,0,5.8,26.64
2021-07-19,26.4,32,0,6.5,24.22
2021-07-20,26.2,32,0,3.9,23.24
2021-07-21,26.4,32,1,6,26.27
2021-07-22,27.2,34.7,0,6.3,27.67
2021-07-23,27.7,35.4,0,12,27.81
2021-07-24,25.7,30.1,0,7.7,25.73
2021-07-25,24.5,28.4,3.4,6.1,18.82
2021-07-26,23.5,27.7,1.6,6.3,14.97
2021-07-27,24.8,31.3,0,6.8,25.49
2021-07-28,24.1,28.7,0,6.5,21.17
2021-07-29,25.4,31.5,0,8,25.98
2021-07-30,25,30.3,0.7,6.2,21.49
2021-07-31,23.3,27.9,13.6,5.9,16.09
2021-08-01,18.9,22.6,19.4,4.6,14.96
2021-08-02,21,26.5,0.3,4.3,20.17
2021-08-03,23.1,28.3,0,8.7,19.21
2021-08-04,21.2,25.1,22.6,4.6,14.95
2021-08-05,22.5,28,0,5.5,20.24
2021-08-06,23.2,26.4,0,5.6,17.95
2021-08-07,23.5,29.2,0.4,6.9,16.69
2021-08-08,22,26.2,0.6,6.9,19.98
2021-08-09,22.7,29,0,5.6,24.06
2021-08-10,23.8,28.7,0,4.9,16.42
2021-08-11,25.4,30.3,0,6.2,17.22
2021-08-12,27.1,32.4,0,6.3,24.24
2021-08-13,27.1,33.8,0,5.2,24.74
2021-08-14,28.1,36.3,0,5.6,25.04
2021-08-15,27.5,33,0,5.2,23.35
2021-08-16,26,29.8,0.7,6.1,18.94
2021-08-17,23.7,27.9,1.9,5.3,18
2021-08-18,22.8,28,0.1,4.8,20.57
2021-08-19,22.5,26.4,1.8,3.6,15.42
2021-08-20,23.5,29,0.4,6.2,18.58
2021-08-21,25.6,31.9,0.1,5.7,22.67
2021-08-22,26.1,31.4,0,5.2,21.25
2021-08-23,24.3,28.4,3.9,3.6,16.2
2021-08-24,23.3,27,7.4,4.2,12.98
2021-08-25,22.5,27.1,0.1,4.1,14.85
2021-08-26,22.9,28.8,0,4.8,20.04
2021-08-27,24.4,28.9,0,4.5,18.68
2021-08-28,23.5,27.6,0.6,5,14.98
2021-08-29,22,25.5,5.5,4.3,11.61
2021-08-30,21.2,25.7,2.5,4.6,12.38
2021-08-31,21.7,26.3,2,5,16.71
2021-09-01,21.2,25.1,0,6.4,16.62
2021-09-02,21.4,25.6,2,10.7,14.97
2021-09-03,21.9,27.1,4.2,7.9,14.72
2021-09-04,21.8,27,4.2,3.9,15.74
2021-09-05,23.9,29.7,0.7,6.3,18.64
2021-09-06,23.8,28.2,8.8,5,16.52
2021-09-07,24.4,29.1,0.9,7.9,17.49
2021-09-08,24.6,28.9,0.8,8.7,16.71
2021-09-09,23.1,27.4,2.3,8.8,15.35
2021-09-10,21.9,25.2,4.4,7.8,15.16
2021-09-11,21.7,27.1,2.1,5.4,15.25
2021-09-12,22.7,27.6,1.1,6.1,15.26
2021-09-13,23.7,29.8,0,10.5,17.43
2021-09-14,25.2,30,0,9.4,15.23
2021-09-15,25.8,31.7,0.4,5.8,18.69
2021-09-16,22.3,27.2,47.3,6.3,12.97
2021-09-17,21.6,27.3,3.9,5,16.61
2021-09-18,20.3,25.7,8.3,4.5,12.23
2021-09-19,19.5,23.8,4.2,5,14.77
2021-09-20,17.6,20.5,14.8,3.2,10.87
2021-09-21,16.7,21.4,0,9.1,9.89
2021-09-22,18.9,22.9,0,11.4,9.87
2021-09-23,18.8,23.4,0,8.3,14.99
2021-09-24,19.4,24.2,0,5.4,14.86
2021-09-25,22.2,28.2,0.1,7,16.24
2021-09-26,22.1,27.2,0.3,6.2,15.38
2021-09-27,20.8,26.9,0,6.8,17.14
2021-09-28,21.1,26.2,0,5,13.14
2021-09-29,19.6,23.2,6.2,4.5,9.48
2021-09-30,19.7,24.3,2,4.3,10.35
2021-10-01,18.9,24.1,0,3.3,10.98
2021-10-02,19.7,25.1,0,9.9,14.77
2021-10-03,21.9,25,9.8,14.1,9
2021-10-04,15.2,18.2,10.6,8.9,7.45
2021-10-05,15.6,23,0,5.6,11.92
2021-10-06,17.3,21.8,2.8,5.8,10
2021-10-07,16.8,23.7,0,5.8,14.21
2021-10-08,16.5,22.5,2.5,4.9,15.19
2021-10-09,16.7,20.5,0.7,4.3,9.31
2021-10-10,16.5,20.2,0.5,4.3,8.22
2021-10-11,16.1,24.1,0,4.7,15.86
2021-10-12,15.8,22.4,0,3.6,12.07
2021-10-13,15.6,21.9,0.5,7.2,13.3
2021-10-14,14.6,20.9,0,5.1,14.72
2021-10-15,15.5,21.9,0,5.5,11.55
2021-10-16,16,22.1,1.4,3.8,13.28
2021-10-17,15.5,21.4,0,4,9.67
2021-10-18,17.1,22.6,0,4.7,8.77
2021-10-19,18.5,24.1,0,10.2,11.37
2021-10-20,19.7,23,0,18.2,9.87
2021-10-21,17.2,19.5,6.8,6.5,6.83
2021-10-22,16.2,21.4,6.4,6.4,12
2021-10-23,13.9,20.1,0,7,13.48
2021-10-24,13.1,19.9,0.1,7.8,9.64
2021-10-25,14.9,21,0,4.6,11.09
2021-10-26,15.4,22.5,0,4.2,12.29
2021-10-27,13.6,19.5,0,5.7,12.32
2021-10-28,14.1,19.7,0.9,5.7,10.01
2021-10-29,14.9,20.7,0.6,11.4,9.1
2021-10-30,18.3,21,8.2,13.8,5.78
2021-10-31,17.6,23.2,1.2,4.7,9.84
2021-11-01,16.1,17.9,15,5.2,3.65
2021-11-02,13.5,17.9,4.3,6.7,7.35
2021-11-03,11.2,13.9,5.8,6,6.7
2021-11-04,9.7,14.9,0.4,4.8,9.14
2021-11-05,9.1,14.8,0,10.7,11.79
2021-11-06,9.6,15.7,0,14.8,12.2
2021-11-07,11,18.8,0,12.2,11.86
2021-11-08,12.1,19.4,0,10.8,11.47
2021-11-09,10.7,15.9,2.5,13.5,8.09
2021-11-10,12.2,13,18.7,15.5,1.49
2021-11-11,13.1,15,23.8,16.2,1.57
2021-11-12,14.5,15.9,2,11.6,5.58
2021-11-13,14.5,18.7,0,8,8.96
2021-11-14,12.2,15.6,7.3,4.7,6.75
2021-11-15,10.8,15,2.5,9.8,6.57
2021-11-16,11.1,15.4,1.7,11.7,5.11
2021-11-17,9.4,14.9,0,6,9.24
2021-11-18,9.5,15.8,0,6.5,8.66
2021-11-19,8.9,16.9,0,3.7,9.76
2021-11-20,9.3,16.7,0,6.3,8.59
2021-11-21,11.3,15.8,0.6,4,6.31
2021-11-22,10,12.8,6.6,5.3,4.01
2021-11-23,9.7,11.5,10.5,8.2,3.94
2021-11-24,9.8,11.7,17.2,6.1,2.3
2021-11-25,8.5,11.7,2.4,6.9,6.96
2021-11-26,8.3,12.8,2.2,5.5,8.48
2021-11-27,6.4,10.8,0.6,6.7,6.6
2021-11-28,4.3,9.1,0.6,5.2,6.99
2021-11-29,5.5,11.5,0.3,8.8,8.57
2021-11-30,6.1,13.7,0,4.3,7
2021-12-01,6.6,13.2,1,6.3,7.27
2021-12-02,8.2,12.5,4.2,7.2,7.56
2021-12-03,6.4,12.5,0,5.9,8.58
2021-12-04,8.3,14.8,1.6,6.3,6.68
2021-12-05,6.2,11.4,3.3,5.7,5.91
2021-12-06,6,11.9,0,4.1,8.21
2021-12-07,8.4,14.2,0,10.2,7.05
2021-12-08,8.7,12.2,7.2,5.1,5.38
2021-12-09,5.4,10.8,0.2,4.4,7.35
2021-12-10,8.2,13.7,5.5,6.3,6.14
2021-12-11,8.4,13.5,1.5,5.9,6.67
2021-12-12,8.6,16.2,0,4.9,7.86
2021-12-13,8.2,14.7,0,3.3,8.1
2021-12-14,8.3,15.6,0,3.3,7.98
2021-12-15,7.5,15.4,0,3.9,8.03
2021-12-16,6.9,13.4,0,4.3,7.89
2021-12-17,6.3,12.5,0,3.6,8.04
2021-12-18,7.2,14.1,0,4,7.96
2021-12-19,6.7,13.3,0,3.6,7.46
2021-12-20,5.4,12.7,0,3.8,8.03
2021-12-21,5.4,10.7,0,3.9,4.5
2021-12-22,7.5,11.1,0.4,3.2,6.51
2021-12-23,10.3,14.7,0,8.5,7.13
2021-12-24,11,15.1,0,10.9,4.25
2021-12-25,11.3,16.5,0.8,4.8,6.99
2021-12-26,10.4,16.6,0,4.4,6.74
2021-12-27,12.1,16.9,0.3,9.1,6.57
2021-12-28,12,18.8,0.2,6.2,5.49
2021-12-29,13.2,19.7,0,5.2,5.7
2021-12-30,12.5,20.5,0,4.8,7.6
2021-12-31,11,18,0,3.5,7.9
2022-01-01,9.1,15.8,0,4.5,8.18
2022-01-02,9.1,14.2,0,3.1,7.1
2022-01-03,9.4,17,0,5.1,7.52
2022-01-04,11.1,19,0,6.9,7.64
2022-01-05,8.8,10.8,4.6,12.5,3.91
2022-01-06,4.4,11.5,0,8.8,8.97
2022-01-07,3.5,10.5,0,4.4,8.13
2022-01-08,6.1,13,0,6.9,6.63
2022-01-09,7.3,13,2,6.4,7.44
2022-01-10,8.3,9.7,11.2,5.5,1.06
2022-01-11,6.6,13.6,0,5.5,8.71
2022-01-12,5.3,11.3,0.4,4.6,6.89
2022-01-13,2.9,10.6,0,5.4,9.41
2022-01-14,3.5,11.9,0,4.6,9.44
2022-01-15,3.7,12.8,0,4.6,9.62
2022-01-16,4.3,14.1,0,3.7,9.67
2022-01-17,5.4,14.4,0,3.3,9.55
2022-01-18,4.5,12,0,3.4,9.62
2022-01-19,4.6,11.8,0,3.7,9.28
2022-01-20,6.2,13.2,0,3.8,8.19
2022-01-21,5.3,10.5,1.8,5.9,6.5
2022-01-22,4.6,11.8,0,5.1,9.76
2022-01-23,4,11.7,0,3.2,10.13
2022-01-24,4.6,13.7,0,4.2,10.45
2022-01-25,5.5,13.7,0,3.6,10.2
2022-01-26,6,16.4,0,4.7,10.67
2022-01-27,6.5,15.6,0,4,10.9
2022-01-28,6.7,17.4,0,3.9,11.04
2022-01-29,7.4,17.5,0,5.9,11.02
2022-01-30,8.7,18.4,0,3.5,11.16
2022-01-31,9.4,16.8,0,3.5,11.38
2022-02-01,8.9,15.8,0,8.3,10.63
2022-02-02,10,18.3,0,4.7,11.63
2022-02-03,9.3,18.6,0,4.5,11.64
2022-02-04,9.1,15.7,0,4.4,10.03
2022-02-05,10.6,14.7,1.9,3.3,5.89
2022-02-06,8.8,14,0.3,4.5,9.42
2022-02-07,9.4,17.3,0,4.9,12.06
2022-02-08,9.1,16.9,0,5.1,12.34
2022-02-09,9.9,18.1,0,8.8,12.86
2022-02-10,8.7,16.2,0,4.5,12.37
2022-02-11,8.9,17.2,1.7,4.5,11.29
2022-02-12,9.1,11.8,2.3,3.1,4.91
2022-02-13,10.9,15,0.4,14.3,9.91
2022-02-14,10.8,13.6,10.5,10.1,7.97
2022-02-15,7.9,14.8,0.3,4.3,12.52
2022-02-16,9.7,16.4,0,4,9.06
2022-02-17,12.4,20.2,0,5.2,13.35
2022-02-18,12.6,23.5,0,7.2,14.04
2022-02-19,9.8,11.8,4,8.6,3.47
2022-02-20,10,16.5,0,4.6,14.25
2022-02-21,10.9,18.3,0,5.3,14.13
2022-02-22,10.5,17.3,0,4.5,14.88
2022-02-23,10.2,17.9,0,5.7,15.15
2022-02-24,11.5,18.2,0,7.3,14.54
2022-02-25,10.2,14.4,1.3,5.1,8.37
2022-02-26,8.7,13.3,0.4,8.5,11.82
2022-02-27,9.2,15.9,0.1,8.6,12.33
2022-02-28,10,14.5,3.2,5.8,8.98
2022-03-01,9,14.8,0,7.4,13.54
2022-03-02,10.5,14.9,5.8,8.4,7.98
2022-03-03,10.8,16.2,1.5,4.8,13.85
2022-03-04,11,17.4,3,5.3,13.09
2022-03-05,10.1,14.2,5.6,5.4,9.89
2022-03-06,9.1,11.9,0.9,5,9.27
2022-03-07,8.4,11.7,1,5,8.79
2022-03-08,8.9,12.6,1.3,12.4,10.74
2022-03-09,10.1,14.5,4.3,7,10.22
2022-03-10,10.3,14.1,1.2,13,9.1
2022-03-11,11.3,13.6,3.5,12.6,7.28
2022-03-12,10.4,11.4,36.8,5.4,2.4
2022-03-13,11.4,14.9,6,6.4,8.03
2022-03-14,10.5,12.9,6.8,10,6.03
2022-03-15,13,13.4,6.9,11.4,6.2
2022-03-16,12.5,13.3,2.4,12.9,8.09
2022-03-17,12.9,14.7,2.1,15.1,8.83
2022-03-18,12.3,13.1,7.3,15.6,5.22
2022-03-19,10.6,12.1,7.9,13.4,3.53
2022-03-20,10.4,13.2,7.6,7,8.32
2022-03-21,11.2,13.6,6,9.4,10.66
2022-03-22,9.7,13.3,1.4,8.2,15.04
2022-03-23,8.9,13.2,0.2,7.7,15.41
2022-03-24,9.4,12.8,1.2,6.9,9.32
2022-03-25,11.3,16.1,0.3,9,18.66
2022-03-26,10.7,14,2.5,11.8,11.93
2022-03-27,13,18.3,0.1,11.1,20.59
2022-03-28,12.6,20.1,0,5.7,19.4
2022-03-29,11.8,15.9,3.5,7.5,12.95
2022-03-30,11.4,14,13,11.3,8.62
2022-03-31,11.1,15.2,23.8,5.2,14.08
2022-04-01,8.5,11.9,3,11.9,20.91
2022-04-02,6.6,12.7,0,7.1,20.03
2022-04-03,5,9.3,4.2,6,17.71
2022-04-04,6.6,12.7,0.1,10.1,22.66
2022-04-05,9.6,17.3,0,6.7,23.67
2022-04-06,11.3,17.1,0.6,7.6,15.36
2022-04-07,13.3,22.4,0,5.5,21.31
2022-04-08,17.2,23.8,0,8.4,23.09
2022-04-09,13.9,15.4,7.7,6.8,14.08
2022-04-10,12.7,18.2,0.1,8.7,17.48
2022-04-11,13.7,18.1,0,11.9,21.97
2022-04-12,12.7,14.4,2.9,8.9,8.04
2022-04-13,12.6,13.6,12.5,12.4,5.82
2022-04-14,16,21.1,0.2,14.7,21.36
2022-04-15,18.1,25.3,0,9.3,23.05
2022-04-16,18.6,27.1,0.2,6.2,24.75
2022-04-17,16.3,21.2,0,7.4,23.97
2022-04-18,15.1,20.3,0.1,5.6,18.69
2022-04-19,15.2,18.9,0.8,4.3,15.3
2022-04-20,12.4,14.1,23.3,12.7,12.87
2022-04-21,11.6,13.4,29.8,13.5,5.11
2022-04-22,14.6,21.1,0,11.3,24.09
2022-04-23,13,15.2,3.9,17.3,18.51
2022-04-24,14,20.2,3,7.6,21.27
2022-04-25,14.8,20.9,0.6,7.4,18.91
2022-04-26,16.2,22.7,0.2,5,23.56
2022-04-27,16.2,22.3,0,7.5,21.93
2022-04-28,16.3,20.9,0.1,8.9,23.87
2022-04-29,17.7,24.2,0.6,6.9,23.61
2022-04-30,16.3,21.9,7.7,5.2,17.98
2022-05-01,16.4,21.7,1.2,5.8,20.81
2022-05-02,15.9,18.3,12.9,3.8,13.53
2022-05-03,15.3,17.9,5.3,7.4,16.84
2022-05-04,15.3,20.1,0.2,7.2,21.98
2022-05-05,16.6,21.2,0.3,13,24.21
2022-05-06,17.5,22.6,0,12.4,25.87
2022-05-07,18.8,24.4,0,8.6,25.14
2022-05-08,17.9,23.6,0.5,7.6,23.85
2022-05-09,17.4,23.2,0.9,5.3,22.05
2022-05-10,18.3,25.2,0,6.2,24.42
2022-05-11,19.6,26.2,0,12.9,27.24
2022-05-12,19,25.3,0,11,27.79
2022-05-13,18.2,24.4,0,5.6,24.07
2022-05-14,20.4,27,0,6.4,24.92
2022-05-15,21,28,0,12.2,27.93
2022-05-16,20.7,26.2,0,7.4,26.53
2022-05-17,20.7,27,0,5,26.25
2022-05-18,23,29.3,0,5,25.33
2022-05-19,22.7,27.8,0,6.4,26.81
2022-05-20,23.6,30.7,0,11.7,27.04
2022-05-21,24.5,33.9,0,4.7,27.8
2022-05-22,24.6,33.6,0,4.7,27.78
2022-05-23,22.2,26.6,0.7,6.1,24.28
2022-05-24,16.5,20.1,43.5,7.7,5.36
2022-05-25,16.4,21.3,4.7,12.3,12.91
2022-05-26,20.2,26.4,0,14.9,28.72
2022-05-27,21.9,28.7,0.7,12,23.32
2022-05-28,22.8,29.1,1.2,5.5,26.72
2022-05-29,21,25.6,0.8,4.9,25.8
2022-05-30,19.5,24.3,0,7.4,25.07
2022-05-31,20.6,26.3,0,5.9,26.45
2022-06-01,22.7,29.7,0,9,28.41
2022-06-02,21.7,27.7,0,6,27.38
2022-06-03,23.1,28.5,0.3,7.2,27.71
2022-06-04,23.3,29.5,0,6.4,27.43
2022-06-05,23.2,28.4,0.9,6,24.15
2022-06-06,23.9,29.4,0.1,10,25.35
2022-06-07,23.4,27.6,0,5.8,21.99
2022-06-08,21.4,25.6,8,5.9,17.28
2022-06-09,22.4,27.3,3.1,4.4,23.43
2022-06-10,23.3,31,0,6,27.74
2022-06-11,24.8,32.2,0,4.6,28.92
2022-06-12,26.1,32,0,5.8,26.45
2022-06-13,26.4,33.2,0.1,7.6,23.86
2022-06-14,25.9,31.5,0,5.9,24.49
2022-06-15,26.6,31.8,0.1,5.7,26.6
2022-06-16,27.9,35,0,5.1,26.94
2022-06-17,29.3,36.3,0.5,6.1,26.34
2022-06-18,27.5,33.2,0,5.4,28.98
2022-06-19,25.9,31.8,0,8.7,29.6
2022-06-20,25.5,30.9,0,7.5,28.04
2022-06-21,26.2,31.9,2.2,7.4,21.86
2022-06-22,24.2,28,10.1,10.8,23
2022-06-23,24.5,29.5,0.3,11.5,26.63
2022-06-24,22.8,26.7,1.3,7.4,23.75
2022-06-25,23.4,29.2,0.3,9,28.21
2022-06-26,24,28.8,1.3,8.7,24.38
2022-06-27,23.8,28.8,2.5,9,24.79
2022-06-28,23.4,27.8,3.9,6.1,24.27
2022-06-29,24.8,30.8,0,7.5,27.48
2022-06-30,23.4,28.4,0.9,8,24.83
2022-07-01,22.8,27.8,0.3,7.1,25.3
2022-07-02,23.9,30.7,0,6.4,29.03
2022-07-03,25.7,32.1,0,6.5,27.52
2022-07-04,26.9,33,0,6.6,27.77
2022-07-05,27.1,33.4,1.1,4.5,26.76
2022-07-06,25.4,28,8.2,6.6,10.06
2022-07-07,25.7,31.6,0.8,6.1,24.1
2022-07-08,26.6,33.7,0,7.1,28.27
2022-07-09,26.3,32.7,0,4.6,27.91
2022-07-10,26.9,33.5,0,6.7,26.96
2022-07-11,26.3,32.6,0,6.7,27.76
2022-07-12,26.5,32.4,0.1,5,26.63
2022-07-13,27.6,32.4,0,6.2,25.73
2022-07-14,27.5,33.1,0,4.4,26.26
2022-07-15,29.3,36.7,0,6.9,26.8
2022-07-16,28.9,35.6,0,5.3,27.69
2022-07-17,28.4,34.4,0,6.6,28.35
2022-07-18,27.4,33.6,0,6.2,28.29
2022-07-19,27.7,34,0,8.5,27.89
2022-07-20,27.3,32.6,0,5.9,24.4
2022-07-21,28.6,34.9,0,5.2,25.6
2022-07-22,30.1,37.3,0,6.8,26.76
2022-07-23,27.8,32.5,0,6.5,23
2022-07-24,29.1,36.4,0,7.4,26.71
2022-07-25,27.6,33.1,0,6.4,26.04
2022-07-26,26.4,30.4,1.6,6.5,22.49
2022-07-27,25.9,30.8,2.4,5.7,20.16
2022-07-28,25.7,29.9,0.8,5.6,20.73
2022-07-29,24.7,27.4,4.8,4.7,12.16
2022-07-30,25.3,30.7,1.4,3.8,17.58
2022-07-31,26.9,33.9,1,5.2,21.95
2022-08-01,28,34.3,0.1,5,21.15
2022-08-02,28.8,36.1,0,6,25.07
2022-08-03,28.2,34,1.4,7.4,24.17
2022-08-04,27.4,32.5,0.5,6.7,22.3
2022-08-05,26.6,31.9,1.3,4.9,21.56
2022-08-06,27.6,34.8,0.5,4.7,23.07
2022-08-07,27.6,33.9,2.8,5.1,23.57
2022-08-08,27,33.2,0,7.7,23.72
2022-08-09,27,33.4,1.1,4.7,21.52
2022-08-10,27,32.4,2.2,5.5,21.64
2022-08-11,27,33.2,0.3,6.2,23.89
2022-08-12,28.4,36.4,0,6.4,22.55
2022-08-13,27.7,33.6,0,7,20.37
2022-08-14,26.7,32.8,18.1,9.1,21.07
2022-08-15,25.1,29.5,12.1,5.7,18.3
2022-08-16,25.1,30.4,0,9,23.4
2022-08-17,23.3,27.2,14.3,6.1,12.45
2022-08-18,21.1,24.6,10.8,5.7,13.81
2022-08-19,22.5,29.9,0,5.3,24.75
2022-08-20,24.7,31.2,0,5.6,23.62
2022-08-21,25.6,30.5,4.2,3.2,18.6
2022-08-22,25.1,29.9,1.6,4.9,19.89
2022-08-23,26.1,31.3,0.5,4.5,19.75
2022-08-24,26.5,32.1,0.4,5.6,19.61
2022-08-25,26.1,33,6.8,4.9,19.97
2022-08-26,25.7,31.1,4.2,6.4,17.61
2022-08-27,24.9,29.7,3.4,7.1,16.41
2022-08-28,25,31.5,0,5,21.82
2022-08-29,25.8,33,0,8.2,20.69
2022-08-30,26.1,31.6,2.6,6.3,20.65
2022-08-31,23.9,27.7,0.3,5.9,14.34
2022-09-01,23.8,31.2,0.1,5.8,21.29
2022-09-02,23.9,30.3,9.1,4.5,14.42
2022-09-03,23.3,27.7,3.3,6.9,13.71
2022-09-04,24.2,29.6,1.7,5.3,19.22
2022-09-05,25.8,31,1.9,6.3,18.21
2022-09-06,26.5,33.3,0,9.1,21.85
2022-09-07,25.4,30.4,0.1,7.9,18.6
2022-09-08,23.6,28,0,6.8,14.12
2022-09-09,21.8,26.6,1.5,6.3,11.71
2022-09-10,22.9,29.2,0.1,4.2,14.81
2022-09-11,24.3,30.7,0.2,5.8,15.71
2022-09-12,26.4,33.3,0,6.6,19.13
2022-09-13,26.2,31,0.2,9,11.38
2022-09-14,23.8,27.1,5.9,10,9.21
2022-09-15,23.9,29.7,0.1,5.7,15.84
2022-09-16,22.1,26.9,9.6,3.8,15.8
2022-09-17,21,25,5.2,8,14.18
2022-09-18,19.8,25.3,0.3,5.5,14.93
2022-09-19,20.1,26.6,0.2,4.7,17.31
2022-09-20,20.5,26,0.7,4.7,15.25
2022-09-21,20.1,26,0.6,5.1,16.03
2022-09-22,20,24.8,0.2,7,15.73
2022-09-23,19.9,26.4,1.3,8.1,12.83
2022-09-24,18.9,22.6,17.9,6,12.16
2022-09-25,17.8,21.8,0.5,5.7,13.53
2022-09-26,17.6,23.5,1.6,5.6,16.56
2022-09-27,17.2,22,0.1,5.3,13.46
2022-09-28,19,24.4,6.4,5.9,14.72
2022-09-29,15.9,18.4,30.1,4.8,7.07
2022-09-30,15.2,20.1,13.2,5.8,15.96
2022-10-01,16.3,24.7,0.7,4.3,17.4
2022-10-02,19,26.6,0,4.9,17.37
2022-10-03,19.8,26.2,0,3.4,15.22
2022-10-04,19.2,24.9,0,4.5,14.64
2022-10-05,18.7,24.4,0,5.1,13.69
2022-10-06,18.9,23.4,1.1,7.1,11.93
2022-10-07,17.4,20.1,8.7,7.4,6.35
2022-10-08,17.2,19.2,15.6,6.3,5.66
2022-10-09,17.3,22.8,0.6,3.6,11.6
2022-10-10,18.5,22.8,0.3,4,8.7
2022-10-11,17.8,21.8,0.6,6,8.78
2022-10-12,18.2,23.9,0.1,7.8,12.1
2022-10-13,18,24.7,0,4.4,13.35
2022-10-14,19.6,25.1,0.8,4.5,10.49
2022-10-15,19.9,27,0,8.4,14.21
2022-10-16,20.9,26.2,0,10.5,14.28
2022-10-17,20.7,24.1,0.5,6.9,7.8
2022-10-18,21,25.9,0.5,6.2,10.53
2022-10-19,21.5,26.5,0,7.7,10.58
2022-10-20,21,24.7,0.6,7.7,11.75
2022-10-21,21.1,25.3,0.9,12.7,10.89
2022-10-22,20.1,26.2,0,10.5,12.46
2022-10-23,20.4,26,0,10,13.18
2022-10-24,20.8,26.5,0,11.1,12.4
2022-10-25,19.8,26.7,0,7.3,10.5
2022-10-26,19.9,26.4,0,5.8,11.89
2022-10-27,19.5,25.4,0,4.3,11.96
2022-10-28,18.8,25.5,0,4.2,11.44
2022-10-29,17.2,23.3,0,4.3,10.96
2022-10-30,17.2,24,0,6.6,11.7
2022-10-31,18.3,23.8,0.4,11.1,11.03
2022-11-01,18.6,23,0,6,9.71
2022-11-02,16.7,22.3,0,5.5,9.56
2022-11-03,16.3,20.1,0.4,10.2,4.06
2022-11-04,13.7,17.2,4,6.7,8.53
2022-11-05,12.8,19.7,0,6.1,11.23
2022-11-06,12.2,21.8,0,4.9,11.56
2022-11-07,13.1,21.4,0,8.3,11.42
2022-11-08,16,22.3,0,13.4,10.07
2022-11-09,16.9,22.7,0.7,8.9,7.6
2022-11-10,15.1,20.3,1.7,6.6,9.32
2022-11-11,15.2,20.6,0.5,7,9.52
2022-11-12,16.9,21,1.8,5.5,9.42
2022-11-13,14.2,20.6,0,4.7,10.31
2022-11-14,16.1,21.3,0,9.9,8.79
2022-11-15,16.8,21.3,0,12.1,8.83
2022-11-16,15.4,19.3,0.1,6.7,6.67
2022-11-17,14.8,20.7,0.1,6.1,8.5
2022-11-18,12.2,13.7,18,3.9,2.96
2022-11-19,10.1,14.8,1.5,5.5,8.2
2022-11-20,8.9,15.9,0,5.2,9.69
2022-11-21,10.5,13.1,10.4,9,4.1
2022-11-22,9.4,14.8,1.1,7.3,9.68
2022-11-23,11.2,18.2,0.8,4.5,6.78
2022-11-24,12.9,17,2.6,8.5,5.28
2022-11-25,11.3,16.2,6.7,5.3,3.54
2022-11-26,8.9,16.4,0,5.8,8.04
2022-11-27,8.9,16,0,9.1,8.1
2022-11-28,9.9,12.6,2.8,7.5,3.04
2022-11-29,7.8,13.5,0.9,5.1,6.81
2022-11-30,6.7,13.1,0.2,4.6,7.64
2022-12-01,6.9,12.1,0,7.4,8.24
2022-12-02,6.5,10.3,0,7.3,6.8
2022-12-03,6.2,12.9,0.1,5.5,8.76
2022-12-04,7.2,13.2,0.1,7.3,7.8
2022-12-05,6.5,13.4,0,4.3,6.83
2022-12-06,8.8,13.7,0.7,3.3,5.09
2022-12-07,8.7,14.1,0.8,3.9,4.6
2022-12-08,9.8,12.9,2.6,5.1,3.9
2022-12-09,12.9,16.8,0.9,6.7,7.12
2022-12-10,10.2,12.2,11.3,6.8,5.57
2022-12-11,5.7,9,1.9,3.1,3.55
2022-12-12,7.1,10.2,1.3,6,3.47
2022-12-13,8.9,12.6,2.8,3,4.69
2022-12-14,12,15.3,3.2,5.9,5.58
2022-12-15,12.5,17,2.5,5.7,6.53
2022-12-16,11.3,14.5,2,4.2,4.16
2022-12-17,10.2,13.5,1.5,4.3,3.47
2022-12-18,9.2,14.8,0,8.9,7.47
2022-12-19,12.3,16,0,18.6,6.95
2022-12-20,13.2,16.8,0,16.6,5.75
2022-12-21,12.5,17.9,0.2,6.9,5.7
2022-12-22,11.4,18,0,4,6.83
2022-12-23,12.8,20.3,0,4.7,7.59
2022-12-24,11.9,19.1,0,4.9,7.54
2022-12-25,12.3,20.9,0,6.8,7.58
2022-12-26,11.5,18.7,0,5.9,7.48
2022-12-27,10.2,18,0,4.6,7.16
2022-12-28,9.8,17.6,0,9.2,7.91
2022-12-29,10.3,16.8,0,7.1,7.29
2022-12-30,11.7,16.8,0,6.4,4.97
2022-12-31,12.6,20.7,0,7.9,7.39
2023-01-01,11.5,17.6,0,8.9,7.07
2023-01-02,10.7,15.7,0.4,5.8,4.78
2023-01-03,10.8,15.2,2.2,3.7,5.2
2023-01-04,9.6,16.2,0,3.7,7.94
2023-01-05,8.5,16.2,0,3.6,8.17
2023-01-06,7.9,15.1,0,4.1,8.43
2023-01-07,8,15.8,0,9.8,8.49
2023-01-08,11.3,15.3,0.5,12.4,4.85
2023-01-09,10.8,13.6,5.4,4.6,4.65
2023-01-10,8.9,14.5,0.6,5.6,8.05
2023-01-11,8.3,15.1,0,5,7.83
2023-01-12,8.4,15.3,0,4.3,7.8
2023-01-13,9.1,16.5,0,4.3,7.46
2023-01-14,8.2,17.1,0,5.6,8.88
2023-01-15,8.7,14.3,11.6,6.4,6.75
2023-01-16,8.1,12.5,4.2,12.1,7.03
2023-01-17,9.3,13,8.4,5.5,7.02
2023-01-18,5.1,10.7,4.9,6,6.65
2023-01-19,5.1,10.7,0.8,8.1,9.67
2023-01-20,6.1,11.6,0.2,11,9.76
2023-01-21,4,9,0,16.2,10.19
2023-01-22,3.7,9.2,0,13.2,9.76
2023-01-23,2.6,8,0,8.5,9.83
2023-01-24,3.4,5.9,0.2,9.6,4.86
2023-01-25,6.9,12.5,0,11.4,10.47
2023-01-26,3.3,9.9,0,4.7,9.87
2023-01-27,3.1,7.9,2.5,6.4,6.85
2023-01-28,3.9,8.1,1.7,10.3,7.36
2023-01-29,3.3,9.9,0,7.8,11.02
2023-01-30,3.8,11.2,0,4,11.13
2023-01-31,6,15.1,0,4.3,11.33
2023-02-01,6.5,14.3,0,3.8,11.18
2023-02-02,6.4,16.1,0,4.5,11.63
2023-02-03,7.2,17.3,0,5.2,11.82
2023-02-04,9.5,22.2,0,6,11.87
2023-02-05,9,17.2,0,6.7,12.13
2023-02-06,6.6,7.7,5.5,16.6,5.95
2023-02-07,6.5,7.9,30.1,14.6,1.19
2023-02-08,6.5,8.9,5.1,10.7,7.77
2023-02-09,5.4,9.3,1.4,7.7,9.12
2023-02-10,5.7,12.9,0,4.5,12.25
2023-02-11,5,13.1,0,4.2,13.15
2023-02-12,5.4,14.8,0,4.7,13.49
2023-02-13,6.3,16.1,0,4.9,13.66
2023-02-14,7.2,16.2,0,7.4,13.76
2023-02-15,8.2,16.2,0,7.4,13.09
2023-02-16,7.7,14.3,0,4.5,9.09
2023-02-17,8.7,18.3,0,4.8,13.88
2023-02-18,10.1,20.1,0,5,14.05
2023-02-19,11.3,21.2,0,4.6,14.1
2023-02-20,10.9,18.9,0,4.7,14.48
2023-02-21,11.4,19.3,0.7,4.9,12.21
2023-02-22,11.3,15.8,1.8,3.8,9.46
2023-02-23,11.3,14.5,1.8,7.2,10.8
2023-02-24,11.5,15.1,0.6,7.3,13.84
2023-02-25,8.5,11.2,1.4,4.7,5.98
2023-02-26,7.9,11.2,6.5,9.3,10.11
2023-02-27,3.7,7.2,3.4,17.5,11.95
2023-02-28,7.7,11.2,1.5,20.2,10.93
2023-03-01,6.7,13.5,0,6.6,15.33
2023-03-02,6,10.5,0.8,4.6,9.52
2023-03-03,7.5,14.9,0,5,16.01
2023-03-04,7.5,15.1,0,5.4,15.81
2023-03-05,8,16.7,0,4.3,16.95
2023-03-06,8.6,15.3,0.1,5.1,13.8
2023-03-07,10.8,18.7,0,8.1,14.98
2023-03-08,13.9,21.3,0,9.3,15.94
2023-03-09,15.5,20.7,0.2,9.5,10.31
2023-03-10,14.4,20.9,0,6.9,15.56
2023-03-11,16.9,24.5,0,6.9,15.96
2023-03-12,16.2,23.3,0,4.9,16.94
2023-03-13,16.5,23.6,0,15.1,16.76
2023-03-14,13.4,16.9,2.7,6.3,14.24
2023-03-15,12.1,18.1,0,5.2,14.76
2023-03-16,12.6,20,0,7.5,17.5
2023-03-17,13,17.5,0,11,14.75
2023-03-18,12.4,16.9,1.6,5.3,10.41
2023-03-19,13,18,11.7,3.9,15.79
2023-03-20,12,16.6,0.2,5.2,12.88
2023-03-21,12.3,18.1,0.1,5.2,15.95
2023-03-22,14.3,21.8,1.1,5.7,19.89
2023-03-23,15.6,22.2,0,8.2,19.86
2023-03-24,15.3,19.3,0,8.4,13.02
2023-03-25,14.1,20.3,0.6,9,14.59
2023-03-26,13.9,19.6,3,7.1,14.58
2023-03-27,12.9,20,0,4.9,19.42
2023-03-28,12.4,18.4,0.4,6.2,14.69
2023-03-29,14.9,23.5,0,9.4,21.51
2023-03-30,14.7,19.6,0,8.3,20.3
2023-03-31,15.5,20.6,1.4,7.4,15.99
2023-04-01,12.5,16.7,17.9,4.8,9.23
2023-04-02,12.2,19,0,8.4,21.46
2023-04-03,12.7,18.1,0.6,10.3,20.94
2023-04-04,10.5,16.4,0.5,6.4,21.88
2023-04-05,10.5,17.7,0.1,5.4,21.82
2023-04-06,11.3,16.9,0.8,4.2,16.87
2023-04-07,13.2,21.3,0,4.3,22.27
2023-04-08,12.8,17.3,0,7.7,22.84
2023-04-09,12.4,19.9,0,5.7,20.83
2023-04-10,14.6,21.8,0,5.9,21.67
2023-04-11,16.4,22.4,0,5.4,21.79
2023-04-12,14.7,22.3,0.6,6.9,20.04
2023-04-13,10.3,12.8,20.9,4.9,13.93
2023-04-14,11.9,19.7,0.9,5.4,17.24
2023-04-15,13.6,18,1.2,8.1,17.61
2023-04-16,14.1,21.4,0,10.4,24.51
2023-04-17,13.2,20,0.3,5.6,23.77
2023-04-18,13.1,17,4.6,4.6,15.87
2023-04-19,13.5,21.1,0,6.3,23.66
2023-04-20,14.5,21.7,0.8,6.2,23.26
2023-04-21,16,22.4,0,12.2,23.62
2023-04-22,16.8,21.6,0,11.5,19.67
2023-04-23,16.3,22.4,1.3,6.5,18.85
2023-04-24,15.3,19.9,1.3,5.9,17.89
2023-04-25,15.9,20.8,3.5,5,14.15
2023-04-26,17.2,22.2,1,5.4,15.61
2023-04-27,18.9,24.9,0,5.6,20.43
2023-04-28,19.6,26.2,0,8.3,23.79
2023-04-29,19.3,24.4,6.4,8.3,22.2
2023-04-30,18.7,23,31.6,4.9,18.46
2023-05-01,16.6,22.5,13.6,4.1,22.48
2023-05-02,17.2,25.2,0.2,7.4,26.38
2023-05-03,17.5,24.7,0,7.1,27.44
2023-05-04,18.8,24.4,0,11.4,26.34
2023-05-05,18.6,25.8,0,5.8,25.52
2023-05-06,18.6,23.9,0,6,25.08
2023-05-07,18.3,22.7,8.9,4.8,18.7
2023-05-08,18.8,25,0.8,5,23.66
2023-05-09,18.4,24.3,6.6,4.7,17.29
2023-05-10,16.1,20,13.6,5.6,17.32
2023-05-11,14.1,17.1,19.3,4.8,13.85
2023-05-12,13.2,17.5,11.1,4.7,21.94
2023-05-13,13.3,18,2.4,6.7,17.17
2023-05-14,14.8,19.6,12.6,3.7,21.71
2023-05-15,16.7,22.5,0.2,9.2,25.41
2023-05-16,16.7,21.7,1,10.1,21.32
2023-05-17,16.2,22.4,0,10.4,28.11
2023-05-18,15.3,19.3,0.2,9.3,21.65
2023-05-19,15.3,19.2,1.2,10.3,22.85
2023-05-20,16.4,21,2.7,8.9,19.72
2023-05-21,15.7,18.6,1.1,6.1,13.15
2023-05-22,17.9,22,2.2,10.3,21.69
2023-05-23,18.9,24,0.9,10.1,24.79
2023-05-24,19.5,25.8,3.1,7.7,24.41
2023-05-25,16.2,18.6,12.6,5.6,9.74
2023-05-26,18.4,25.1,0.3,5.9,28.01
2023-05-27,20.7,28,0,5.4,27.66
2023-05-28,21,26.5,0.2,5.8,26.9
2023-05-29,19.9,25,0.2,7.8,27.47
2023-05-30,20.2,25.9,0.1,5.7,26.87
2023-05-31,18.6,22.3,4.9,4.2,15.9
2023-06-01,19.2,22.8,1.7,6.4,17.88
2023-06-02,19.3,25.2,0.9,5.7,25.75
2023-06-03,19.2,24.3,1.1,5.5,22.99
2023-06-04,19.4,23.7,1.5,5.5,21.04
2023-06-05,19.9,25.1,1.4,4.8,22.71
2023-06-06,20.4,26.6,3.9,5.2,20.84
2023-06-07,21.2,25.8,0,9.9,20.98
2023-06-08,21.9,26.5,0.5,10.7,22.26
2023-06-09,22.9,27.3,1,13.8,21.8
2023-06-10,22.4,27.9,3.7,4.4,22.4
2023-06-11,22.7,28.4,3.2,5.7,21.09
2023-06-12,23.1,26.9,4.4,5.8,20.28
2023-06-13,20.5,25.1,21.9,4.6,17.78
2023-06-14,21.5,27.5,1.1,4.7,20.22
2023-06-15,23.2,29.1,1.4,5.4,25.7
2023-06-16,23.9,30.1,0,5.7,27.08
2023-06-17,24.7,30.6,0.1,5,25.56
2023-06-18,24.5,27.8,0,10.5,24.86
2023-06-19,22.6,26.9,0,6.7,24.61
2023-06-20,24.2,30.5,0,7.1,21.87
2023-06-21,24.3,27.7,0,11.2,23.5
2023-06-22,24.6,29,4.6,4.7,21.29
2023-06-23,25,29.2,1.2,4.5,22.54
2023-06-24,25.5,30.6,0.1,5.2,27.31
2023-06-25,26,32.5,0,4.4,28.56
2023-06-26,27.4,33.4,0,4.4,25.97
2023-06-27,26.3,30.9,1,3.6,23.94
2023-06-28,25.8,30.6,3.9,3.7,23.32
2023-06-29,24.5,29.3,14.3,3.2,17.87
2023-06-30,21.4,25,43.7,5.2,20.28
2023-07-01,22.6,28.1,6.1,4.3,21.37
2023-07-02,23.7,27.5,0.6,4.5,19.13
2023-07-03,23.8,26.9,1.8,4.4,18.41
2023-07-04,23.2,27,3.6,4.3,17.64
2023-07-05,23.1,25.9,1,4.3,15.06
2023-07-06,23.7,28.9,1.3,5.6,21.49
2023-07-07,23.8,29,0.2,5.7,23.92
2023-07-08,25.8,31.9,0,6.5,28.61
2023-07-09,26.3,31.6,0,5.3,28.18
2023-07-10,27.9,33.2,0,5.4,26.88
2023-07-11,28.8,34.1,0,6.3,27.03
2023-07-12,27.5,31.8,0.2,8,24.18
2023-07-13,25.9,29.1,3.5,5,19.73
2023-07-14,27.1,33.6,0,10.2,27.1
2023-07-15,27.8,32.7,0,12.7,27.99
2023-07-16,26.5,31.6,0,7.1,25.43
2023-07-17,27.2,32.8,0,5.2,27.48
2023-07-18,30.4,39.5,0,9.5,28.66
2023-07-19,29.3,34.8,0.7,4.8,24.74
2023-07-20,27.6,32.4,0.1,5.3,24.7
2023-07-21,26.4,30.1,3.1,4.5,19.08
2023-07-22,25.3,29.7,1.7,5.1,18.69
2023-07-23,26.9,32.7,0,10.3,26.64
2023-07-24,26.6,30.7,0.6,7.9,20.29
2023-07-25,23.2,25.9,9,6.4,17.93
2023-07-26,22.5,26.6,6.2,6.2,17.61
2023-07-27,25,31.9,0.7,9.7,22.92
2023-07-28,25.3,31.5,2,6.9,24.85
2023-07-29,27.6,34.3,0,8,25
2023-07-30,26.7,30.4,2,5.1,18.22
2023-07-31,26.5,32.1,0.3,4.3,21.01
2023-08-01,25.6,28.9,2.5,5,17.01
2023-08-02,27.8,34.4,0,7.5,22.7
2023-08-03,23.7,27,4.4,8.7,12.36
2023-08-04,21.4,26.3,26,5.1,21.88
2023-08-05,21.9,28.6,0,7.2,26.63
2023-08-06,22.3,26.8,1.7,4.8,20.07
2023-08-07,22.2,27.3,1.5,7.2,18.58
2023-08-08,23.3,29.7,0,5.9,20.8
2023-08-09,26,33,0,6.2,24.26
2023-08-10,27.1,32.4,0,8.7,24.29
2023-08-11,26.8,33.2,0,4.7,24.81
2023-08-12,25.6,31.9,0,4.6,24.13
2023-08-13,26.2,32.2,0.2,6.5,22.34
2023-08-14,27,32.5,0,12.4,25.26
2023-08-15,27,33.6,0,8,25.57
2023-08-16,26.1,31.5,0,5.4,24.67
2023-08-17,26,31.2,0,6.9,23.91
2023-08-18,26.1,32,0,6.9,23.62
2023-08-19,26.7,33.1,0.3,4.7,18.6
2023-08-20,28.7,36.2,0,5.1,24.57
2023-08-21,29.9,37,0,6,23.77
2023-08-22,29.7,36.8,0,5.2,23.5
2023-08-23,30.7,38.4,0,6.7,22.39
2023-08-24,30.2,37.5,0,6.8,22.98
2023-08-25,29.1,34.4,0,6.6,22.1
2023-08-26,26.4,30.8,1.4,6.1,17.19
2023-08-27,18.7,23.6,43.6,10.9,3.77
2023-08-28,20.7,27.6,0.1,5.6,20.5
2023-08-29,20.9,26.1,0.2,4.6,21.25
2023-08-30,19.8,23.6,18.5,4.6,11.87
2023-08-31,20.7,24.9,2.8,4.7,11.82
2023-09-01,22.6,29.4,0,9.8,19.02
2023-09-02,22,24.7,0.2,8.9,12.95
2023-09-03,22.4,27,0,11,20.94
2023-09-04,24.3,30,0,7.7,22.26
2023-09-05,24.2,30,0,5.6,22.16
2023-09-06,23,27.8,0,5.6,22.1
2023-09-07,21.8,28.5,0,5.1,22.5
2023-09-08,21.7,28.8,0,5.3,22
2023-09-09,21.6,28.7,0,4.6,21.83
2023-09-10,22.6,29.4,0,5.3,20.36
2023-09-11,23.5,29.3,0.1,7.6,18.61
2023-09-12,22.9,27.5,0.4,5,12.03
2023-09-13,22.4,27.9,9.3,4.2,16.51
2023-09-14,21.7,27.1,1.1,5,16.36
2023-09-15,20.4,25.8,34.5,7.9,10.01
2023-09-16,22.7,29,0,8.8,19.74
2023-09-17,23.5,28.9,0.3,5.5,18.15
2023-09-18,25,29.4,0,11.2,17.46
2023-09-19,21.4,26.8,0.3,4.2,14.91
2023-09-20,20.9,24.7,4.7,7.1,9.95
2023-09-21,21.7,26.8,0,11.2,16.74
2023-09-22,18.6,21.4,12.9,3.6,10.44
2023-09-23,17.3,22.7,8.3,5.3,16.06
2023-09-24,18.8,25.1,0,3.5,14.85
2023-09-25,18.8,25.9,0,4.1,19.02
2023-09-26,19.4,26.7,0,4.2,17.11
2023-09-27,20.4,28.1,0,5.6,18.41
2023-09-28,21.5,28.6,0,5,17.08
2023-09-29,22.8,29.7,0,4.1,17.05
2023-09-30,23.3,30,0,4.6,17.44
2023-10-01,22,28.5,0,4.2,17.49
2023-10-02,21.2,27.6,0,6.4,12.48
2023-10-03,21.6,26.4,0.6,6.6,14.21
2023-10-04,21.9,26.6,2.2,4,10.55
2023-10-05,20.7,26.4,0,3.6,10.9
2023-10-06,21,26.3,0.1,4.7,12.19
2023-10-07,20.8,27.4,0,3.5,15.56
2023-10-08,19.6,27.3,0,4.4,16.35
2023-10-09,20.4,27.3,0,4.3,15.03
2023-10-10,20.1,27.8,0,5.3,16.11
2023-10-11,19.8,27.3,0,5.7,15.62
2023-10-12,19.9,26.8,0,5.2,14.47
2023-10-13,20.6,27.8,0,9.1,15.66
2023-10-14,20.2,25.7,0.8,4.4,12.25
2023-10-15,18.4,21.8,1.2,4.8,7.53
2023-10-16,16.7,17.5,15.5,3,2.28
2023-10-17,19.3,24.2,0.1,9.2,12.54
2023-10-18,22,26.1,0.1,14.4,11.26
2023-10-19,20.8,23.8,4.6,18.3,8.51
2023-10-20,18.7,22.1,3.1,18.2,12.43
2023-10-21,15.4,18.4,9.2,3.8,7.41
2023-10-22,14.1,19.8,0.3,4.7,10.19
2023-10-23,19.7,25.1,1.4,9.7,12.36
2023-10-24,17.6,20.8,0.3,7.7,11.24
2023-10-25,16.7,22.4,0.4,7.9,10.4
2023-10-26,19,23.9,0,14.3,10.11
2023-10-27,17.5,21.9,0.4,7.5,11.39
2023-10-28,16.3,22.4,0,12.8,12.81
2023-10-29,18,21.6,0,16.4,9.53
2023-10-30,16.3,20.7,0.4,9.9,5.77
2023-10-31,13.6,19.5,0,6.1,11.38
2023-11-01,15.3,20.7,0,12.7,10.5
2023-11-02,16.6,20.5,6,14.2,5.41
2023-11-03,11.8,16.8,0,9.7,11.02
2023-11-04,13,18.3,0.3,17.3,7.3
2023-11-05,15.8,20,0,14.1,11.29
2023-11-06,12.5,16.8,2.1,5.4,9.63
2023-11-07,11.8,16.8,3.9,6.8,10.06
2023-11-08,10.5,16.9,0,8.9,11.34
2023-11-09,11.5,15.3,1.8,8.9,6.92
2023-11-10,12.7,17.7,0,5.1,8.97
2023-11-11,12.8,17.5,0.1,4.3,7.88
2023-11-12,15.3,21.4,0.2,6.2,9.18
2023-11-13,16.5,23.6,0,4.8,10.31
2023-11-14,18,25.1,0,5.4,10.01
2023-11-15,15.3,17.3,1.5,4.9,4.59
2023-11-16,15.1,19.7,0,5.8,8.97
2023-11-17,14.5,16.5,3.5,3.9,3.92
2023-11-18,13.3,19.8,0,4,9.44
2023-11-19,14.4,22.1,0,4.2,9.62
2023-11-20,14.4,20,1,3.5,9.19
2023-11-21,13.3,16.1,26.1,6,8.08
2023-11-22,12.3,14.9,0,21.3,8.92
2023-11-23,11.2,18.7,0,8.4,9.8
2023-11-24,12,19.1,0,6.8,8.67
2023-11-25,10.1,14.4,0,8.5,8.73
2023-11-26,9,14.9,0.5,4.3,6.16
2023-11-27,9.5,14.7,0,3.6,7.59
2023-11-28,10.8,16,0.2,4.9,6.31
2023-11-29,9.9,12,0.8,6.6,2.23
2023-11-30,14.8,20.3,0.3,11.5,7.83
2023-12-01,13.8,17,9.4,4.2,2.87
2023-12-02,9.3,12.1,5.9,3.3,6.45
2023-12-03,7.2,12.7,0.4,5.5,6.92
2023-12-04,10.2,15.2,0.2,14,8.02
2023-12-05,9.2,13.2,1.1,4.6,6.3
2023-12-06,8.4,13.5,0,3.5,7.75
2023-12-07,7.6,13.8,0,7.2,7.36
2023-12-08,10.8,15.2,7.4,4.6,6.06
2023-12-09,9.7,15.1,0,5.5,6.33
2023-12-10,12.1,17.1,0,6.1,7.39
2023-12-11,13.1,20.5,0,5.2,7.18
2023-12-12,12.5,17.7,0,5.1,5.34
2023-12-13,11.3,13.6,2.9,5,3.12
2023-12-14,9.4,15,2,7.5,8.06
2023-12-15,10.1,16.6,0,7.8,7.95
2023-12-16,8,14.5,0,6.1,8.16
2023-12-17,7,14.1,0,4.8,8.18
2023-12-18,7.4,16.5,0,4,8.11
2023-12-19,8.9,17.7,0,3.6,8.1
2023-12-20,9.9,15.4,0,4.6,5.83
2023-12-21,9.1,15,0,6,7.77
2023-12-22,11.4,18.6,0,5.4,7.93
2023-12-23,10.2,15.5,0,3.8,7.31
2023-12-24,9.1,16.4,0,2.7,8.15
2023-12-25,8.9,17.9,0,3.6,8.23
2023-12-26,8.8,18,0,3.8,8.2
2023-12-27,7.5,16.7,0,7.3,8.4
2023-12-28,6,12.3,0,6.1,5.62
2023-12-29,7.5,12.6,0,3.5,4.69
2023-12-30,8.8,15.3,0,4.5,7.56
2023-12-31,10.5,14.5,0,9.6,5.8
2024-01-01,9.1,12.5,1.3,3.2,3.52
2024-01-02,8.6,13.3,0,9.7,5.97
2024-01-03,10.4,16,0,4.9,4.33
2024-01-04,11.2,15.1,0.1,9.6,5.37
2024-01-05,9.8,12.1,6.6,5.6,4.59
2024-01-06,8.2,12.8,0.1,5.7,8.32
2024-01-07,6.6,12.3,0,6.4,8.36
2024-01-08,5,11.1,0,6.6,9.09
2024-01-09,3.6,10.7,0,4,8.38
2024-01-10,4.8,8,10.1,4.7,2
2024-01-11,6.1,9.1,6.8,11,4.8
2024-01-12,6.8,12.3,0,5.1,8.9
2024-01-13,5.9,12.1,0,3.4,7.47
2024-01-14,7.9,14.4,0,4.3,7.47
2024-01-15,10,15.7,0.5,3.5,6.97
2024-01-16,9.3,14.7,0,5.8,6.32
2024-01-17,15,17.6,0.7,18.8,6.35
2024-01-18,15.2,18.7,0,19.7,9.26
2024-01-19,7.7,12.4,3.8,7.5,2.46
2024-01-20,6.7,11.8,0,8.6,9
2024-01-21,6.1,13.1,0,6,7.88
2024-01-22,7.6,15.2,0,5,9.11
2024-01-23,10.8,16,0,3.8,9.43
2024-01-24,12.6,19.7,0,3.5,9.89
2024-01-25,13.4,22.3,0,3.5,10.25
2024-01-26,14.6,21.4,0,3.5,10.22
2024-01-27,12,19.1,0,4,10.2
2024-01-28,10.5,15.7,0,5.2,7.9
2024-01-29,11.3,15.2,0,7.4,6.59
2024-01-30,10.8,16.2,0,7.1,8.34
2024-01-31,9.5,16.6,0,4.1,10.43
2024-02-01,11.2,17.8,0,4,9.06
2024-02-02,12.1,18.2,0,4.9,11.03
2024-02-03,12.2,21.3,0,4.6,11.37
2024-02-04,13.8,22.5,0,4.2,11.51
2024-02-05,12.9,21.4,0,3.7,11.81
2024-02-06,11.9,16.6,0,4.2,8.53
2024-02-07,11.2,18.2,0,4.1,11.94
2024-02-08,12.8,19.4,0,13.3,10.38
2024-02-09,13.8,15.5,0.2,20.2,7.06
2024-02-10,11.4,14.1,13.4,7.4,4.23
2024-02-11,9.6,14.3,0.7,5.8,12.19
2024-02-12,9.9,15.9,0.2,4.6,12.29
2024-02-13,11.4,18.2,0,4.8,13.01
2024-02-14,12.1,20.7,0,5.1,13.12
2024-02-15,13.2,17.2,0.2,10.4,10.36
2024-02-16,12.3,15.9,2,8.8,8.47
2024-02-17,13.8,19.4,0.8,9.1,13.43
2024-02-18,13,18.9,0,3.5,13.09
2024-02-19,14.4,20,0.2,3.6,11.47
2024-02-20,13.3,19.9,0,6.9,13.64
2024-02-21,11.7,17.9,0,6.8,11.39
2024-02-22,13.3,18.3,0,13.6,11.28
2024-02-23,8.7,12,23.7,5.9,7.86
2024-02-24,6.7,10.6,2.1,5.7,9.52
2024-02-25,8.3,13,0.3,14.4,10
2024-02-26,10,12.4,10.7,6,5.33
2024-02-27,10.5,16.1,8.3,10.2,14.73
2024-02-28,11.4,15.7,2.2,17,13.16
2024-02-29,10.9,18,0,6.4,16.26
2024-03-01,11,16.3,0.3,5.8,15.63
2024-03-02,11.3,15.2,0.1,16,14.14
2024-03-03,9.6,13.5,10.3,8.8,9.15
2024-03-04,9.3,16,0,5.8,16.24
2024-03-05,9.4,15.1,3.2,5.2,11.9
2024-03-06,9.6,15.8,0.1,4.4,14.35
2024-03-07,9.8,15.4,0,9.8,16.52
2024-03-08,11.6,15.9,4.5,13,13.41
2024-03-09,10.2,12.1,19.1,16.5,3.87
2024-03-10,10.4,15,0,14.6,17.26
2024-03-11,9.9,14.2,1.5,4.7,14.46
2024-03-12,10.9,16.5,0.2,5.5,14.96
2024-03-13,12.3,19.8,0,5.3,18.69
2024-03-14,12.6,20.2,0,5.7,18.39
2024-03-15,14.2,19.4,1.1,4.7,13.63
2024-03-16,15.6,21.1,0.5,6.5,15.78
2024-03-17,15.2,21.4,0,4.9,17.66
2024-03-18,16.6,23,0.1,4.9,16.91
2024-03-19,16.5,22.4,2.2,4.2,15.87
2024-03-20,14.5,19.5,0,6.3,17.07
2024-03-21,15.5,20.6,0,3.8,15.24
2024-03-22,17.4,23.2,0,5.1,19.02
2024-03-23,16.8,21.4,0.1,6.6,16.79
2024-03-24,13.3,16.4,2.9,5.6,8.22
2024-03-25,11.4,13.1,3.5,8.7,7.68
2024-03-26,11.7,15.5,10.6,3.8,9.6
2024-03-27,10.6,16,0.7,10.9,20.33
2024-03-28,16.3,19.9,0,19.2,19.71
2024-03-29,17.4,21.3,0,18.4,20.07
2024-03-30,14.6,17.1,0.2,14.4,20.51
2024-03-31,12.8,16.5,10.8,18.8,13.56
2024-04-01,12.4,19,0,11.2,21.95
2024-04-02,12.3,17.7,0,10.6,20.9
2024-04-03,15.1,20.2,0,10,20.29
2024-04-04,16.1,23.8,0,8.9,22.58
2024-04-05,17,22.3,0,14.6,23.56
2024-04-06,15.8,21.7,0,5.4,22.82
2024-04-07,17,22.2,0,4.6,19.83
2024-04-08,17.3,21.7,0.1,5.6,19.9
2024-04-09,12.7,16.6,23.3,6,10.19
2024-04-10,12.9,20.2,0.1,5.6,22.91
2024-04-11,15.4,22.3,0,10.6,23.96
2024-04-12,17.3,24.9,0,4.8,24.84
2024-04-13,19.2,27.5,0,5.3,25.03
2024-04-14,19.2,28.2,0,6.6,25.32
2024-04-15,18.2,22.9,0,7.7,19.78
2024-04-16,15.1,19.1,0.8,5.3,18.17
2024-04-17,13,16.4,5.2,8.6,13.09
2024-04-18,11.9,14.4,13.7,7.9,13.42
2024-04-19,12.9,20.7,0,7.4,26.63
2024-04-20,15.2,23,0,4.9,25.71
2024-04-21,13.2,18.7,0.2,6.5,21.77
2024-04-22,11.4,15.7,10.4,8,19.06
2024-04-23,10,14.7,4.4,5.7,22.26
2024-04-24,11,17.6,0.1,6.4,24.03
2024-04-25,11.3,14.5,0.8,6.4,12.03
2024-04-26,13,17.5,0.8,7,19.58
2024-04-27,15.2,18.6,5.6,12.6,14.82
2024-04-28,13.5,14.9,8,6.9,9.58
2024-04-29,12.5,13.7,24.7,9.7,5.67
2024-04-30,13.9,17,11,6.3,10.06
2024-05-01,14.4,17.9,31,5.9,14.6
2024-05-02,11.6,16.4,23,5.2,19.3
2024-05-03,13.8,21.7,0,6.5,24.57
2024-05-04,16.8,24.4,0,5.9,24.15
2024-05-05,17.4,22.5,0.1,7.5,25.25
2024-05-06,16.1,20.2,9.9,7.3,13.15
2024-05-07,13.9,17.9,21.8,4.4,16.34
2024-05-08,16.7,23.4,0,11,25.06
2024-05-09,18,23.4,0,6.8,26.41
2024-05-10,18.5,25.4,0,7.2,28.31
2024-05-11,19.2,25.4,0,9.1,27.96
2024-05-12,18.8,24.4,0,6.8,25.7
2024-05-13,18.8,24.3,0,7.5,25.83
2024-05-14,16,17.3,29.4,5.7,8.77
2024-05-15,14.1,18.1,8.4,5,17.68
2024-05-16,14.5,18.7,3,7.4,21.41
2024-05-17,16.2,21.3,1.1,7.5,22.78
2024-05-18,15.5,18.8,5.1,5.7,18.65
2024-05-19,16.6,22.1,0.3,4.6,22.9
2024-05-20,16,21.3,20.4,4.1,21.07
2024-05-21,15.9,19.7,5.6,4.3,17.38
2024-05-22,15.9,19.1,5.3,5.6,17.8
2024-05-23,16.3,20.7,3.6,4.3,20.33
2024-05-24,15.8,19.5,3,4.2,16.36
2024-05-25,17.7,23.5,0,6.5,23.23
2024-05-26,19,24.9,0,5.8,25.22
2024-05-27,19.2,21.8,0.5,7.6,16.58
2024-05-28,19.9,24.9,1.3,5.7,20.4
2024-05-29,20.7,24.9,0.2,5.6,22.33
2024-05-30,19.9,22.9,11.3,6.7,12.09
2024-05-31,18.1,21.7,20.3,5,17.46
2024-06-01,17.4,21,18.5,4.7,18.31
2024-06-02,18.6,23.2,4,5.9,24.81
2024-06-03,19.9,24.7,1.3,4.3,22.04
2024-06-04,19.9,24.9,3.7,5.9,22.31
2024-06-05,21.3,27.6,0.1,6.4,25.94
2024-06-06,23,29.3,0,10.4,28.08
2024-06-07,22.3,28,0,5.9,28.21
2024-06-08,21.2,23.8,0,9.6,25.19
2024-06-09,20.8,24.4,8.5,7,19.11
2024-06-10,18.4,19.9,22.3,3.8,9.69
2024-06-11,17.5,18.7,17.7,4.5,7.63
2024-06-12,16,17.9,23,4.1,10.92
2024-06-13,18,24,0.8,10.3,25.22
2024-06-14,20.7,26.5,0,13.3,26.86
2024-06-15,19.5,22.5,0.2,7.6,19.99
2024-06-16,20.1,26.1,0,7.8,27.13
2024-06-17,21.7,27.4,0,10.1,28.62
2024-06-18,22.8,27.6,0,6,28.84
2024-06-19,22.2,27.3,0.4,6.4,24.44
2024-06-20,20.4,21.9,5.7,6.3,19.43
2024-06-21,20.6,24.1,2.7,5.1,22.1
2024-06-22,20.5,24.6,2.6,5.3,16.57
2024-06-23,20.6,25,8.6,4.1,18.96
2024-06-24,21.7,27.3,3.2,5,19.32
2024-06-25,23.4,29,0.1,7,25.32
2024-06-26,23.7,29.8,0,6.8,24.94
2024-06-27,24.6,29.9,0.1,6.2,27.5
2024-06-28,25.2,30.3,0,6.4,29.47
2024-06-29,22.6,27,2.6,8,17.37
2024-06-30,22.5,26.9,0.1,5.2,20.61
2024-07-01,21.3,23.9,11.5,3.5,10.62
2024-07-02,21.7,26,3.7,4.7,21.39
2024-07-03,21.3,25.3,7.1,5.8,16.65
2024-07-04,23.1,27.8,0,4.5,21.46
2024-07-05,24.5,29.4,0,9,27.81
2024-07-06,22.7,26.4,0.6,9.4,20.5
2024-07-07,22.1,26.9,1.4,5.1,19.05
2024-07-08,23.5,29.7,0.2,8.3,26.61
2024-07-09,25.2,30.8,0,12.4,28.73
2024-07-10,25.9,31.7,0,5.8,27.71
2024-07-11,27.8,33.6,0,8.2,27.78
2024-07-12,24.6,29,5.6,6.3,15.64
2024-07-13,22.3,26.9,0.3,5.7,20.52
2024-07-14,24.7,31.8,0,9.3,27.28
2024-07-15,26.6,32.2,0,8.4,27.77
2024-07-16,26,30.2,1.5,6.1,21.82
2024-07-17,25.6,31.6,0,6.2,26.25
2024-07-18,26.8,32.8,0,6.3,27.4
2024-07-19,28.1,34.1,0.3,4.9,25.83
2024-07-20,28.1,35,0,8.8,28.03
2024-07-21,23.3,25.9,16.8,7.1,16.06
2024-07-22,24.4,30.3,0,5.5,26.67
2024-07-23,26.7,33.8,0,3.6,27.58
2024-07-24,28.1,33.1,0,4.2,26.06
2024-07-25,27.3,32.6,0,3.9,25.98
2024-07-26,27.3,32.6,0,4.8,25.48
2024-07-27,26.7,33.1,0,6.7,27.69
2024-07-28,26.1,32.1,0,6,26.54
2024-07-29,27.8,35.9,0,8.6,27.92
2024-07-30,29.4,37,0,6,25.57
2024-07-31,30.7,38.1,0,10.1,27.16
2024-08-01,29.8,35.7,0,6,25.68
2024-08-02,27.7,34.4,2.1,9.3,23.05
2024-08-03,26.8,32.2,0.2,6.5,24.29
2024-08-04,27.1,33.4,0,4.5,23.37
2024-08-05,28,33.6,0,4,25.33
2024-08-06,27.9,33.3,0,5.8,24.38
2024-08-07,28.2,33.6,0.2,4.4,22.1
2024-08-08,28.3,34.5,0.1,4.6,24.42
2024-08-09,29.5,35.8,0,3.7,24.2
2024-08-10,29.5,35,0,4.7,24.85
2024-08-11,26.3,32.1,0,5.9,24.51
2024-08-12,26.7,32.5,0.5,4.5,21.99
2024-08-13,26.7,32.1,3.3,4.5,21.7
2024-08-14,24.8,29.4,6.4,5.3,17.33
2024-08-15,24.9,30.6,1,11.4,20.31
2024-08-16,25.7,30.8,0.4,10.8,18.87
2024-08-17,26.7,32,0.9,5.1,20.4
2024-08-18,23.7,26.6,8.1,4.6,13.09
2024-08-19,23.4,29.8,1,5.3,20.2
2024-08-20,24.6,31,0,5.2,24.72
2024-08-21,24.9,30.1,0.5,4.5,19.02
2024-08-22,25.1,31.1,0.2,3.4,16.05
2024-08-23,26,31.6,0.5,6.5,22.56
2024-08-24,26.6,33.2,0,11.9,23.59
2024-08-25,25.9,30.4,0,9.6,20.69
2024-08-26,24.8,30.1,7.5,3.8,18.39
2024-08-27,24.5,29.8,1.7,4.7,17.26
2024-08-28,24.6,31.3,0,5,21.52
2024-08-29,24.6,30.1,0,4.6,21.61
2024-08-30,24.4,31.5,0,5.6,22.28
2024-08-31,25.1,30.7,0,5,20.66
2024-09-01,23.2,27.9,0.9,4.2,12.81
2024-09-02,23.9,29.7,0.2,4.3,18.25
2024-09-03,22.5,24.7,4,5.2,13.31
2024-09-04,20.5,23.7,10.2,5.4,11.2
2024-09-05,19.1,23,5.7,5.6,18.02
2024-09-06,20.9,25.5,2.1,7.7,14.78
2024-09-07,24.2,29.1,0.2,7.9,19.04
2024-09-08,21.2,24,4.2,5.7,11.62
2024-09-09,20.8,25.8,2.2,5.3,17.51
2024-09-10,21.6,28.2,0.1,4.7,18.87
2024-09-11,20.6,24.9,3.6,4.8,12.75
2024-09-12,17.4,19.1,25.2,6.1,9.17
2024-09-13,16.8,22.6,1.3,10.8,18.19
2024-09-14,17.9,24.9,0,7.5,19.78
2024-09-15,19.2,27.6,0,5.2,21.25
2024-09-16,21,28.8,0,8.9,20.33
2024-09-17,19.4,24.6,0.2,11.2,17.27
2024-09-18,17.6,21.2,1.1,5.1,15.96
2024-09-19,18,23.4,4.9,6.2,15.57
2024-09-20,18.3,21,4.8,3.6,6.79
2024-09-21,18.3,21.3,2.4,3.9,8.81
2024-09-22,19.7,25.2,2.4,3.9,13.97
2024-09-23,18.2,22.7,10.3,3.9,11.37
2024-09-24,18.7,25,1.8,4.7,11.87
2024-09-25,19.8,25.9,0,12.7,17.67
2024-09-26,24.2,27.8,0,17.6,17.92
2024-09-27,18.6,23.3,1.3,5.8,13.56
2024-09-28,16.2,21.8,2,4.6,14.96
2024-09-29,16.9,23.9,0,6,16.73
2024-09-30,18.6,26.2,0,4.6,17.23
2024-10-01,20.6,25.7,0,9.6,16.03
2024-10-02,18.3,21.5,12,5.6,4.81
2024-10-03,16.5,21.1,13.7,8.2,12.91
2024-10-04,16.1,22.2,0.1,5.9,16.68
2024-10-05,16.2,21.7,0.7,5.3,13.62
2024-10-06,17.2,21.8,0,4.9,13.53
2024-10-07,19.8,24.5,0,7.2,10.23
2024-10-08,19.5,24.1,0.3,7.1,14.88
2024-10-09,20.5,24.1,0.8,22.6,14.62
2024-10-10,17.9,20.8,14.2,4.6,10.05
2024-10-11,16.6,19.8,5,5.3,8.86
2024-10-12,17.8,20.3,1.1,14.3,8.35
2024-10-13,18.1,23.1,0,5,13.11
2024-10-14,19.1,21.6,0.2,5.5,11.23
2024-10-15,19,21.8,10.6,5.3,8.97
2024-10-16,20.3,24.2,2.3,10.9,11.71
2024-10-17,17.9,20,12.7,7.8,8.54
2024-10-18,14.7,17.6,13.7,3.6,7.01
2024-10-19,15.6,21.4,0,4.8,13.23
2024-10-20,17.2,24.2,0,4.4,13.74
2024-10-21,17.6,22.8,0,5.9,12
2024-10-22,17.4,21.1,0.1,8.6,10.46
2024-10-23,17.2,21.6,0.4,5.5,10.73
2024-10-24,16.2,21.8,0.2,5.8,10.75
2024-10-25,17,21.8,0,9.8,10.37
2024-10-26,15.2,17.3,13.6,4.3,3.75
2024-10-27,14.5,18.7,0,7.3,11.64
2024-10-28,16,17.4,16.7,10.4,2.17
2024-10-29,17.6,20.6,5.5,7.9,6.85
2024-10-30,17.2,19.3,3,9.5,7.4
2024-10-31,17.9,20.4,1,7.3,10.07
2024-11-01,16.5,20.4,0,8.3,9.38
2024-11-02,15.3,18.1,8.9,9.5,4.21
2024-11-03,16.3,19.5,0.9,4.8,7.02
2024-11-04,17,19.6,4.6,3.9,5.65
2024-11-05,17.3,21.4,7.1,3.7,6.99
2024-11-06,16.7,19.6,2.2,5.7,8.54
2024-11-07,15.7,18,2.3,7.2,6.52
2024-11-08,15.5,18.5,2.4,7,5.6
2024-11-09,15.1,20,1.6,6.3,9.6
2024-11-10,15.2,20.7,0.1,7.5,10.58
2024-11-11,14.6,20.5,0,7.1,10.38
2024-11-12,11.6,13.7,4.3,12.6,5.3
2024-11-13,10,11.7,15.8,13.5,2.56
2024-11-14,10.8,16.5,0,8.1,10.03
2024-11-15,10.5,16.2,0,5.3,7.64
2024-11-16,12.5,19.3,0,7.9,8.57
2024-11-17,12.8,20,0,4,9.86
2024-11-18,12.5,15,1.3,3.5,3.55
2024-11-19,13.1,17.7,0,5.1,6.85
2024-11-20,12.5,15.8,4,4.9,5.04
2024-11-21,12.8,16,0.9,11.3,7.16
2024-11-22,11.6,14.5,6.7,5.5,5.63
2024-11-23,10.6,15.1,1.3,12.3,8.77
2024-11-24,14.7,19,0.1,13.6,6.86
2024-11-25,16,20.4,0.3,13.7,5.84
2024-11-26,13.8,17.2,0.7,5,6.39
2024-11-27,11.1,17.2,0,4.2,8.84
2024-11-28,10.8,18.5,0,3.7,8.92
2024-11-29,10.8,17.7,0,5,8.81
2024-11-30,10.7,17,0,3.7,7.92
2024-12-01,11.9,17.9,0,3.9,6.8
2024-12-02,12.3,18.2,2.4,4.7,6.59
2024-12-03,11.4,13,13.6,3.8,3.95
2024-12-04,10.4,14.8,7.6,6.1,7.59
2024-12-05,9.3,15.6,0,4.2,8.03
2024-12-06,12.9,18.6,0.3,5.1,6.74
2024-12-07,11.4,15.9,9.9,5,4.12
2024-12-08,7.2,12.3,0,4.6,7.6
2024-12-09,7.3,11.7,1.2,5.9,7.11
2024-12-10,6.6,9,2.2,5.5,4.54
2024-12-11,6.1,7.7,11,8,2.29
2024-12-12,8,9.3,9.1,10.7,3.17
2024-12-13,9.1,12.7,2.8,5.7,5.08
2024-12-14,7.5,12.7,0.2,4.7,6.5
2024-12-15,7.5,12.5,0.1,4.6,6.67
2024-12-16,6.8,14,0,5.1,8.08
2024-12-17,7.1,14.5,0,6.5,7.11
2024-12-18,7.6,15.6,0,4.5,7.15
2024-12-19,10.4,16.3,0.2,6.5,6.91
2024-12-20,8.3,12.7,0.3,4.8,6.3
2024-12-21,7.4,13.5,0,4.4,6.45
2024-12-22,9.3,15.3,0.5,4.5,6.65
2024-12-23,8.4,11.4,1.7,13.8,7.61
2024-12-24,8.5,15,0,5.2,6.1
2024-12-25,9.8,15.2,0,5.4,6.67
2024-12-26,9.2,13,0,3.5,7
2024-12-27,7.1,14.2,0,4.8,8.19
2024-12-28,6.5,15.1,0,3.6,8.24
2024-12-29,7.1,15.9,0,4,8.23
2024-12-30,6.1,13.4,0,3.5,8.24
2024-12-31,7.2,13,0,3.9,7.19
2025-01-01,8.2,13.4,0,5.8,7.74
2025-01-02,7.2,13.5,0,6.4,8.18
2025-01-03,8.6,14.3,0,4.3,6.71
2025-01-04,8.8,14.7,0,4.1,5.84
2025-01-05,10,14.5,0,13.2,6.73
2025-01-06,12.6,16.7,4.3,13.8,5.41
2025-01-07,10,14.2,4,4.8,8.14
2025-01-08,11.4,16.5,0,14,8.32
2025-01-09,13.3,19,0,7.1,8.16
2025-01-10,11.6,17.6,0,5.1,7.42
2025-01-11,13,19.5,0.8,6,7.15
2025-01-12,7.3,12.1,0,12.2,9.4
2025-01-13,4.4,10.3,0,7.5,9.47
2025-01-14,3.6,9.7,0,4.3,9.49
2025-01-15,5.8,14.3,0,3.2,9.38
2025-01-16,6.5,9.4,5.1,12.8,6.61
2025-01-17,8,12,8.1,13.6,8.09
2025-01-18,7.5,14.4,0,6.5,9.53
2025-01-19,9,12.2,0,4.2,8.77
2025-01-20,7.2,13.3,0,7.6,9
2025-01-21,6.6,12.8,0.1,7.7,6.99
2025-01-22,11.8,16.4,0.7,13,9.49
2025-01-23,12.5,17,0,6,6.51
2025-01-24,11.9,18.3,0.1,9.7,9.95
2025-01-25,13.2,16.9,0.3,12.9,7.91
2025-01-26,11.1,16,0.4,12.6,8.72
2025-01-27,15.9,19.7,1.5,21.6,8.13
2025-01-28,12,15.9,0.1,14.2,10.11
2025-01-29,9.4,13.9,0,12.3,10.09
2025-01-30,10.6,15.4,0,9.6,11.13
2025-01-31,9.4,14.2,1.4,4.9,9.36
2025-02-01,7.8,10.8,5,5.4,9.4
2025-02-02,8.3,11.6,0.2,9.3,6.6
2025-02-03,9.4,16.6,0,6.4,11.68
2025-02-04,8.9,16.6,0,3.5,11.95
2025-02-05,9.8,16.9,0,3.8,12.07
2025-02-06,7.6,14.2,0,4.6,12.03
2025-02-07,7.2,12.2,0.4,10.9,7.51
2025-02-08,8.5,11.5,15.4,7.3,8.3
2025-02-09,6.6,13.1,0,5.6,12.41
2025-02-10,9.2,14.3,1.3,8.8,7.58
2025-02-11,11.3,15.2,0.8,11.3,8.13
2025-02-12,9.1,13.1,6.3,5.9,5.33
2025-02-13,11.2,15.8,1.9,6.3,10.63
2025-02-14,11.6,16.3,0,3.1,11
2025-02-15,10,12.2,0.2,5.4,7.48
2025-02-16,9.8,16.6,0,4.8,12.12
2025-02-17,11.6,18,0,4.6,13.25
2025-02-18,10.4,15.4,0,6.8,9.24
2025-02-19,11.5,14.5,1.3,6.4,6.8
2025-02-20,11.9,15.4,0,4.8,6.25
2025-02-21,12.1,13.9,0.2,12.2,4.83
2025-02-22,12.9,15,10,11.2,4.88
2025-02-23,11.9,15.9,0.7,8.8,11.12
2025-02-24,10.7,17.2,0,4.6,12.65
2025-02-25,10.4,14.2,13.8,5.5,7.39
2025-02-26,9.9,15.9,3,4.3,14.79
2025-02-27,9.8,15.5,0,3.5,11.61
2025-02-28,10.1,14.2,0.6,5.6,12.49
2025-03-01,9.1,12.3,0.5,11.5,9.65
2025-03-02,9.7,12.8,1.1,13.8,8.23
2025-03-03,9.9,10.8,3.9,9.9,3.65
2025-03-04,11.1,14.4,0.4,8.2,12.35
2025-03-05,10.5,15.3,0,9,13.92
2025-03-06,10.9,13.8,9.8,8.1,9.12
2025-03-07,11.2,12.1,25.5,6.5,2.07
2025-03-08,12.9,14.6,31.9,13.4,6.19
2025-03-09,12.8,14.9,18.7,14.3,10.57
2025-03-10,10.6,14.7,0.7,8.9,11.74
2025-03-11,10.8,15.6,0.7,10.8,13.1
2025-03-12,10.9,14,6.9,4.9,11.76
2025-03-13,8.4,10.5,2.9,6.7,7.51
2025-03-14,7.1,8.5,10.9,9.2,5.47
2025-03-15,7.1,9.5,8.2,5.1,10.13
2025-03-16,6.6,12,7.5,6.7,12.56
2025-03-17,8.6,13.5,2.2,7.7,14.8
2025-03-18,8.8,14.5,2.5,5.9,9.89
2025-03-19,11.4,13.2,25.3,7.9,2.13
2025-03-20,12.6,13.8,8.6,7.7,4.44
2025-03-21,13.2,15.3,11.1,12.1,7.33
2025-03-22,13.1,17,0.6,14,17.79
2025-03-23,9.6,12.2,11,6.4,10.21
2025-03-24,9.4,14.1,6.5,4.2,13.9
2025-03-25,11.1,17,4.2,4.4,17.25
2025-03-26,12.6,18.1,0.6,6.2,17.88
2025-03-27,11.7,15.9,6.9,4.7,15.6
2025-03-28,12.9,17,2.2,5.4,18.15
2025-03-29,12,15.5,0,14.8,22.33
2025-03-30,14.5,22.1,0,11.4,23.05
2025-03-31,16,24.6,0,6.6,22.91
2025-04-01,13.8,18.3,0.7,7.6,21.45
2025-04-02,12.1,14.8,5.3,8.4,7.72
2025-04-03,12.7,18.1,0.1,6.1,17.1
2025-04-04,13.5,17.5,0,8.5,16.94
2025-04-05,13.8,18.6,0.5,5.6,12.84
2025-04-06,17.8,25.5,0,7.4,22.5
2025-04-07,15.2,18.8,0,5.3,19.59
2025-04-08,14.6,20,0.3,6.1,19.18
2025-04-09,14.4,20,1.9,5.8,19.52
2025-04-10,15.4,19.3,0.1,6.4,19.49
2025-04-11,14.8,19.5,0,8.5,17.21
2025-04-12,16.1,21.7,0,7.4,20.86
2025-04-13,15.2,18.2,4.1,5,10.81
2025-04-14,15.2,19.1,4.5,6.1,14.04
2025-04-15,15.2,19.8,2.6,10.5,17.76
2025-04-16,11.4,15.6,5.1,7,15.26
2025-04-17,11.9,17.4,0.1,6.2,22.74
2025-04-18,14.2,21,0,9.1,24.45
2025-04-19,14,17.1,4,14,18.34
2025-04-20,13.5,20,0,11.7,25.75
2025-04-21,14.7,20.4,0.1,5.2,19.24
2025-04-22,14.9,20.6,7,4.1,15.97
2025-04-23,15.5,20.9,0.8,5.1,20.06
2025-04-24,16.6,21.5,0,4.6,19.47
2025-04-25,17.2,22.4,0,4.9,19.75
2025-04-26,14.6,17.5,17.3,6,12.97
2025-04-27,15,19.5,1.5,9.3,21.12
2025-04-28,15.9,20,0.9,6.9,19.4
2025-04-29,15.6,21.4,0.2,5.7,23.34
2025-04-30,16.1,21.9,0,5.8,26.79
2025-05-01,17.1,22.5,0.2,5.2,25.01
2025-05-02,16.7,20.2,5.5,3.6,15.04
2025-05-03,19.5,26.7,0.4,5.7,25.05
2025-05-04,17,18.8,13.7,5.2,17.29
2025-05-05,14,17.5,18.3,4.1,10.11
2025-05-06,12.6,14.5,11.1,4,10.05
2025-05-07,12.9,18.4,0.9,5.2,22.42
2025-05-08,14,19.1,1.2,4.9,20.7
2025-05-09,14.8,18.3,15.6,4.9,12.94
2025-05-10,15.8,21.2,3.4,7.7,18.62
2025-05-11,17.1,21.8,1.2,7,23.86
2025-05-12,15.2,19.9,5.5,5.7,20.04
2025-05-13,15.9,21.5,2,5.2,23.88
2025-05-14,15.9,20.6,2.8,6.2,19.73
2025-05-15,18,24.6,0,7.7,23.21
2025-05-16,19.1,24.3,1.1,7.8,26.11
2025-05-17,18.6,23.4,0.4,5.9,23.94
2025-05-18,19.6,26.1,0,6.7,26.23
2025-05-19,20,25.1,0,10.4,26.22
2025-05-20,18.3,22.8,5.9,4.7,22.78
2025-05-21,18.9,23.7,0.9,6.2,21.16
2025-05-22,16.9,20.2,22.9,3.5,16.38
2025-05-23,17.7,23.4,3.8,6.4,24.81
2025-05-24,18.1,24.1,0.2,6.4,25.54
2025-05-25,19.9,26,0,4.5,26.94
2025-05-26,19.6,24.2,1.1,4.6,21.52
2025-05-27,20.2,24.5,0.6,4.9,18.86
2025-05-28,21.9,28.1,0,5.1,27.44
2025-05-29,24.3,30.1,0,4.7,27.85
2025-05-30,24.1,29.7,0,5.4,28.1
2025-05-31,23.2,28.8,0.7,4.5,26.41
2025-06-01,23.4,29.1,0,6.6,26.71
2025-06-02,21.4,25.2,1.3,5.7,18.33
2025-06-03,21.1,26.5,0,7.5,27.75
2025-06-04,20.4,26.1,15.6,5.4,22.17
2025-06-05,20.9,24.9,0.5,5.3,19.26
2025-06-06,22.1,27.6,0,6.7,25.31
2025-06-07,22.1,26.9,0.2,5.1,23.65
2025-06-08,21.6,24.5,1.3,5.1,18.22
2025-06-09,22.8,28.4,0,5.1,24.85
2025-06-10,24.8,31.5,0.1,5.2,25.77
2025-06-11,26.7,33,0.2,6.1,27.41
2025-06-12,25.1,30.2,0,7.9,28.34
2025-06-13,24.6,30.9,0.1,7,27.13
2025-06-14,25.6,32.2,0,6.1,29.29
2025-06-15,24.9,29.8,0.4,7.7,24.34
2025-06-16,25.8,32.1,0.2,5.3,25.63
2025-06-17,25.7,31.9,0,4.8,28.35
2025-06-18,25.3,30.9,0.2,5.3,24.21
2025-06-19,25.9,32.2,0,6.3,27.51
2025-06-20,27.9,35,0,6.4,26.18
2025-06-21,27.7,34.1,1.5,6.6,25.52
2025-06-22,26.5,32.3,0.5,6.6,25.75
2025-06-23,27.4,33.7,0,5.1,26.71
2025-06-24,28.1,33.8,0,5.7,26.47
2025-06-25,29,35.7,0,10.7,29.69
2025-06-26,27.7,33.1,0.4,8.9,24.62
2025-06-27,27.9,34.5,0,5.2,27.91
2025-06-28,29.8,36.5,0,5.5,29.3
2025-06-29,29.9,36.9,0,5.4,28.68
2025-06-30,29.5,35.3,2.1,5.3,26.31
2025-07-01,28.9,35.4,0.5,6.3,26.75
2025-07-02,28.1,33.5,0,5.5,26.03
2025-07-03,27.4,33.7,5,3.4,23.39
2025-07-04,28.2,35.2,0.8,4.2,26.35
2025-07-05,26.6,32.8,6.1,4,19.82
2025-07-06,24.9,31.4,11.8,6.3,20.43
2025-07-07,22,26.2,10.7,5.5,15.44
2025-07-08,22.4,27,12.2,6.7,20.98
2025-07-09,23,27.4,1.9,4.8,17.33
2025-07-10,23.9,29.2,0.8,6.5,25.15
2025-07-11,24,28.4,3,5.1,15.51
2025-07-12,22.2,27.8,10,5.4,12.21
2025-07-13,23,28.5,1.8,5.1,23.4
2025-07-14,26.3,31.8,0,6.3,26.84
2025-07-15,26.4,31,1,3.6,22.87
2025-07-16,26.9,33,0.1,3.2,23.05
2025-07-17,28.4,33.9,0,4.5,27.57
2025-07-18,27.2,32.2,0,7.3,27.55
2025-07-19,24.9,28.4,1.8,9.2,19.84
2025-07-20,26.6,33,0,10,23.53
2025-07-21,24,27.8,2.4,7.1,19.85
2025-07-22,24.2,28.9,0.1,5.7,20.55
2025-07-23,22.4,26.1,9,4.4,10.25
2025-07-24,21,23.8,18.9,3.8,10.59
2025-07-25,21.8,27.3,4.6,5.4,21.84
2025-07-26,24,30,1.4,5.6,25.28
2025-07-27,24.2,29.5,0.1,5.4,23.54
2025-07-28,23.5,27.9,10.9,8.6,18.82
2025-07-29,23.6,28.8,11.9,7.2,21.1
2025-07-30,23.5,28,4.4,5,19.25
2025-07-31,24.2,29.1,1.2,4.5,19.59
2025-08-01,23.5,27.4,3.4,3.8,18.17
2025-08-02,23.3,26.8,8.5,3.7,13.74
2025-08-03,24,29.5,0.6,4.1,19.79
2025-08-04,24.6,30.9,0,4.9,23.98
2025-08-05,27.6,34.1,0,6.3,25.3
2025-08-06,25.7,30.6,0,5.6,24.61
2025-08-07,25.7,31.7,0,5.8,23.18
2025-08-08,26.1,31.6,0,5.1,23.9
2025-08-09,26.8,33.1,0,4.5,25.82
2025-08-10,29.5,37,0,4.8,25.57
2025-08-11,29.8,36.7,0,4.8,24.73
2025-08-12,29.1,36.5,0,4.8,25.13
2025-08-13,28.6,35.5,0,4.9,22.96
2025-08-14,28.6,35.7,0.1,4.4,22.39
2025-08-15,29,35.8,0,5.1,24.2
2025-08-16,30.9,38.7,0,6.9,24.83
2025-08-17,30.5,39,0,6.6,24.63
2025-08-18,28,33.8,0,4.5,23.32
2025-08-19,25.8,30.4,2.1,4,16.61
2025-08-20,22,24.5,18.3,6.2,12.63
2025-08-21,20.7,24.8,8,4,16.71
2025-08-22,22.6,27.6,6.1,4.7,17.93
2025-08-23,24.2,30.3,0.5,3.9,19.79
2025-08-24,23.7,29.7,0.6,5.6,19.9
2025-08-25,24.4,28.5,0.3,5.6,13
2025-08-26,25.2,30.3,0,5.2,20.51
2025-08-27,23.6,28,0,7.1,19.2
2025-08-28,21.4,24.4,30.8,7.5,10.58
2025-08-29,19.8,26.5,10.3,6.5,16.9
2025-08-30,20.1,26.1,0,5.8,19.05
2025-08-31,23.2,28.3,0,11,21.02
2025-09-01,20.9,24.6,21.2,6.9,14.87
2025-09-02,19.3,25.8,4.3,5.2,19.21
2025-09-03,22,29,0,10,22.47
2025-09-04,22.6,28.6,0.4,7.9,18.44
2025-09-05,21.5,25.8,0.4,5.7,17.8
2025-09-06,21.4,27.6,0,8.3,21.89
2025-09-07,23.8,28.7,0,7.2,18.2
2025-09-08,23.1,26.9,4.1,5.3,15.72
2025-09-09,20.8,23.4,8.8,3.9,9.33
2025-09-10,20.7,26,0.6,5.2,16.83
2025-09-11,19.4,22.2,2.2,4.1,11.03
2025-09-12,19.1,22.4,0.7,4.6,9.41
2025-09-13,19.5,22.8,4.7,3.8,7.36
2025-09-14,21.2,27.3,0.9,3.7,14.43
2025-09-15,23.6,30.4,0.4,4.4,18.34
2025-09-16,22.4,24.7,2.8,3.6,10.7
2025-09-17,22.3,29,0,3.6,17.7
2025-09-18,22.9,29,0,5.3,19.79
2025-09-19,23.1,29,0,6.1,18.47
2025-09-20,23.2,27.7,0,10.4,14.81
2025-09-21,20.6,26.3,51.9,5.6,9.01
2025-09-22,17.9,21.3,18.1,5.1,14.33
2025-09-23,15.2,20.2,15.7,4.9,15.05
2025-09-24,15,20.1,5.4,5.7,15.88
2025-09-25,15.1,18.3,2,4,9.69
2025-09-26,15.5,19.5,2.2,5.1,11.22
2025-09-27,16.1,21.5,0,4.6,14.01
2025-09-28,17.2,19.8,1.1,5.7,6.48
2025-09-29,17.9,23.6,0.3,5,16.19
2025-09-30,18.9,24,1.5,4.1,14.07
2025-10-01,18.7,23.8,1.8,3.9,12.78
2025-10-02,17.9,21.4,0.2,4.4,12.46
2025-10-03,17.1,23,0,3.9,12.54
2025-10-04,20.4,27.2,0.2,3.7,14.71
2025-10-05,16.7,19.5,17.7,7.3,8.18
2025-10-06,16.1,22.6,2.7,4.3,11.31
2025-10-07,16.8,23.7,0,3.4,16.25
2025-10-08,17.2,23.9,0,4.1,14.23
2025-10-09,18.5,22.2,5.4,3.4,9.61
2025-10-10,17.6,22,0,11.2,15.37
2025-10-11,17.6,22.5,0,9.5,14.85
2025-10-12,16.9,21.7,0.2,6.5,12.16
2025-10-13,17.4,21.3,7.8,5,8.74
2025-10-14,16.9,18.8,12.2,6.1,5.1
2025-10-15,16.1,20.3,0.2,5.6,13.92
2025-10-16,15.6,20,0.3,4.4,10.28
2025-10-17,15.5,20,0.8,3.7,7.23
2025-10-18,15.6,19.7,2.7,4.8,8.32
2025-10-19,16.9,21.2,0,13.9,10.81
2025-10-20,19.7,23.5,2,12.6,10.13
2025-10-21,18.2,24.4,0,4.8,12.96
2025-10-22,18.9,24.4,0,7.5,12.47
2025-10-23,19.4,22.3,3.5,11.9,10.54
2025-10-24,14.4,19.6,0,3.3,10.58
2025-10-25,15.4,20,2.6,4.3,8.34
2025-10-26,14.2,15.7,20.8,3.7,5.45
2025-10-27,13.1,18,0,3.4,10.25
2025-10-28,13.7,20.8,0,5,11.44
2025-10-29,15.1,19.3,0.2,12.7,6.06
2025-10-30,16.2,21.2,2.7,4.7,10.55
2025-10-31,15,20.6,0,9.1,11.58
2025-11-01,16.6,21,0,11.8,10.18
2025-11-02,14.9,17.8,9.6,4.7,5.67
2025-11-03,13.7,19.9,1.8,4.2,11.2
2025-11-04,13.4,20.3,0,7.9,10.52
2025-11-05,14.7,19.9,0.1,10.8,8.52
2025-11-06,14.4,16.3,18.1,5,3.45
2025-11-07,12.9,17.9,1.7,3.9,8.89
2025-11-08,12.1,15.7,7.4,5.6,3.99
2025-11-09,12.7,19.3,0,5.5,11.15
2025-11-10,11.1,17.9,0,4.3,10.32
2025-11-11,11.9,19,0,8.9,10.15
2025-11-12,14.4,20.4,0,10.8,10.62
2025-11-13,15.5,20.2,0.4,4.9,7.5
2025-11-14,17.5,21.3,1.3,8.3,5.2
2025-11-15,16.7,20.6,0.8,14.1,9.71
2025-11-16,16.3,19.8,1.8,8.4,9.18
2025-11-17,12.9,18.1,0.3,4.7,8.64
2025-11-18,10.8,15.8,0.7,4.5,7.5
2025-11-19,8.5,13.5,0,3.9,5.91
2025-11-20,6.7,9.7,7.7,4.3,5.4
2025-11-21,4.4,8.2,8.3,12.9,10.06
2025-11-22,6.5,12.2,0,9.3,10.3
2025-11-23,7.9,14.3,0,3.8,6.47
2025-11-24,12,16.8,0.2,8.6,7.71
2025-11-25,10.3,12.9,10.9,3.9,5.76
2025-11-26,7.4,12.7,0,10.7,9.51
2025-11-27,7.4,14,0,8.8,9.54
2025-11-28,8,15.7,0,5,8.28
2025-11-29,9.4,16.7,0,4.1,8.72
2025-11-30,8.9,14.2,0,6.2,5.98
2025-12-01,7.5,13.9,0,4.7,8.79
2025-12-02,7.9,14,0,5.3,6.66
2025-12-03,9.5,14.1,0.3,3.9,7.62
2025-12-04,6.9,11.2,1.9,4.2,5.67
2025-12-05,7.8,13.7,0,3.9,8.53
2025-12-06,10,17,0,5.5,7.78
2025-12-07,11.7,19.4,0,5.1,7.5
2025-12-08,11.9,19,0,6.6,8.24
2025-12-09,11.3,16.8,0,10.5,8.17
2025-12-10,11,18.2,0,5.3,6.88
2025-12-11,10.7,16.7,0,5.3,6.98
2025-12-12,10.7,15.6,0.2,6.5,5.34
2025-12-13,10.6,15.5,0.2,4.8,4.87
2025-12-14,9.3,13.5,0.8,3.6,5.2
2025-12-15,12,14,18.7,3.4,1.87
2025-12-16,11.6,15.5,4.7,4.3,6.94
2025-12-17,11.4,15.6,0.4,5.4,6.3
2025-12-18,10.6,15.5,0,8.3,7.69
2025-12-19,10.3,14.7,4.5,4.3,5.36
2025-12-20,11.6,14.1,7.9,3.5,4.83
2025-12-21,12,15.2,9.7,8,6.63
2025-12-22,8.6,9.7,26.8,5.5,1.23
2025-12-23,7.5,9.7,17.3,13.2,2.12
2025-12-24,9.3,13.7,0.3,7.8,6.28
2025-12-25,6.6,8.1,8.8,11.3,2.09
2025-12-26,9.7,11.1,44,18.6,0.5
2025-12-27,10.7,11.4,32.4,16.6,1.82
2025-12-28,10.3,12.6,4.2,7.8,3.25
2025-12-29,10,12.3,0.7,5.7,4.35
2025-12-30,8.6,14.1,0,5,8.18
2025-12-31,7.7,10.4,0.2,5,6.8
2026-01-01,5.5,10.7,0,6.9,7.95
2026-01-02,6.3,12,0,3.6,7.63
2026-01-03,7.7,10.7,0.2,4.1,5.33
2026-01-04,6.1,8.1,0.3,7.5,4.91
2026-01-05,4.7,7.4,1.7,6.6,4.07
2026-01-06,4,10.2,0,9.5,8.74
2026-01-07,3.5,9.3,0,6.6,8.99
2026-01-08,8,16.4,0,6.5,6.96
2026-01-09,8.8,12.5,0.9,6.7,6.93
2026-01-10,5.1,10.4,0.3,5.7,8.46
2026-01-11,6.6,12.2,0,5.2,8.86
2026-01-12,7.3,13.6,0,7,8
2026-01-13,10.3,15.4,0,12.1,8.56
2026-01-14,10.5,15.9,0,6.7,7.46
2026-01-15,10.3,16.1,0,9.4,8.5
2026-01-16,9.8,13.9,0.5,8.7,6.81
2026-01-17,10.7,13.2,8.1,5.7,2.93
2026-01-18,10.3,11,17.4,4.4,1.95
2026-01-19,9.3,10.4,28.1,11.3,2.11
2026-01-20,7.6,9.4,57.8,16.1,0.91
2026-01-21,10.3,13.9,1.6,12.7,7.7
2026-01-22,10.3,13.3,2.5,8.1,5.45
2026-01-23,10.1,15.1,0,11.6,9.96
2026-01-24,5,6.3,23.2,6,1.73
2026-01-25,6.3,12.8,0.7,7.3,9.15
2026-01-26,7.8,13.9,0.1,6.3,10.28
2026-01-27,10.5,14.4,2.7,12.5,6.12
2026-01-28,8.3,11.9,1.3,4,7.75
2026-01-29,7.2,13.1,0,4.1,8.86
2026-01-30,10.1,16.1,0.9,8.9,9.63
2026-01-31,10.3,14.4,1.1,7.6,9.08
2026-02-01,8.7,15.2,0.1,4.6,7.38
2026-02-02,9.5,13.8,1.7,12,4.61
2026-02-03,9.6,14.8,0,12.5,11.66
2026-02-04,8.5,13.3,0.4,9.1,6.84
2026-02-05,8.8,13.4,1.6,13.2,6.12
2026-02-06,11.6,16.1,0.6,4.6,8.4
2026-02-07,10.2,15,0.5,7,11.66
2026-02-08,10.2,13.9,1.1,10.1,10.8
2026-02-09,9.3,15.2,0.3,5.8,9.41
2026-02-10,11.4,16.7,1.7,5.8,8.32
2026-02-11,14,19.1,1.3,8,10.78
2026-02-12,15.3,19.1,0,12.3,12.98
2026-02-13,10.1,11.8,7.4,6.2,4.99
2026-02-14,10.9,16.1,1.2,10.2,11.71
2026-02-15,9.7,14.8,0.3,7.2,10
2026-02-16,12.4,19.1,0.2,5.3,13.07
2026-02-17,11.3,14.9,7.8,3.7,7.55
2026-02-18,12.2,17.6,0,10.9,12.8
2026-02-19,11.6,15.9,4.8,5.7,9.98
2026-02-20,10.7,15.9,0,4.7,12.02
2026-02-21,10.9,18.6,0,4.3,14.66
2026-02-22,12.9,21,0,3.9,14.96
2026-02-23,14.2,21.8,0,3.9,15.02
2026-02-24,13.8,21.8,0,4.4,15
2026-02-25,11.6,16.5,0,5.2,13.09
2026-02-26,12.3,19.1,0,3.6,12.69
2026-02-27,12.3,18.1,0,5.9,15.07
2026-02-28,11.8,14.7,0.5,6.6,6.92
2026-03-01,11.7,16.1,2.5,4.9,10.16
2026-03-02,11,15.8,0.2,8.2,11.64
2026-03-03,12.4,15.3,1.6,8.8,9.36
2026-03-04,13,14.9,2.3,13.9,10.5
2026-03-05,12.8,13.4,28,13,2.22
2026-03-06,12.1,13,33.5,17,2.06
2026-03-07,12.9,17.1,12.5,7.4,12.56
2026-03-08,10.7,13.9,5.3,5.7,11.35
2026-03-09,10,15.3,5.2,4.7,13.35
2026-03-10,10,15.3,0.6,4.8,13.23
2026-03-11,11.3,18,0,3.9,13.46
2026-03-12,12.5,18.4,0.7,4.5,12.45
2026-03-13,13.7,19.3,0,5.8,16.98
2026-03-14,9.7,13,19.4,6.7,4.39
2026-03-15,10,15.7,0,19.1,19.44
2026-03-16,12.8,20.7,0,6.9,19.61
2026-03-17,13.3,20.2,0,4.8,19.41
2026-03-18,11.7,18.3,1.3,8.9,15.52
2026-03-19,11.1,13.6,2.1,8.5,12.98
2026-03-20,10.5,17.5,0,6.8,20.84
2026-03-21,11,17.9,0,8.3,20.49
2026-03-22,11.3,17.6,3.4,4.8,15.72
2026-03-23,10.6,14.6,1.5,10.9,17.38
2026-03-24,12,18.7,0.1,6.4,17.47
2026-03-25,13.5,20.9,0,7.9,20.35
2026-03-26,11.1,15.9,2.8,15.1,16.33
2026-03-27,11.3,17.6,0,12.5,20.93
2026-03-28,11.7,18.2,0.9,4.3,16.15
2026-03-29,10.2,12.7,1,27.4,21.98
2026-03-30,12.6,20.7,0,8,20.83
2026-03-31,13.4,17.6,0,18.4,22.29
2026-04-01,12,15.1,0.2,19.2,16.35
2026-04-02,12.6,18.3,0.9,9.8,19.27
2026-04-03,14.3,22,0,9.1,23.03
2026-04-04,16.3,23.8,0,5.3,21.59
2026-04-05,17.1,25.1,0,5.5,22.63
2026-04-06,16.8,24.1,0,6.3,22.24
2026-04-07,16.6,24.7,0,8.4,24.21
2026-04-08,16.4,23.7,0,5.2,23.82
2026-04-09,19.1,27.7,0,4.9,22.13
2026-04-10,20.6,28.7,0,6.6,23.41
2026-04-11,19.4,27.6,0.3,8.9,22.23
2026-04-12,14.9,17.7,2.1,14.3,12.7
2026-04-13,12.3,17.5,4.2,13.9,14.72
2026-04-14,14.2,21.9,0,7,24.21
2026-04-15,15.7,23.8,0,5.1,25.28
2026-04-16,17.7,24.6,0.1,4.9,21.84
2026-04-17,18.5,25.1,0,5.9,22.28
2026-04-18,19.8,26.7,0,5.2,23.14
2026-04-19,19.6,26.1,0,4.6,20.2
2026-04-20,18.5,24.5,4,5.8,20.87
2026-04-21,18.3,24.7,0,6.3,23.54
2026-04-22,16.8,23,0.3,8.9,21.91
2026-04-23,16,19.9,0.2,10,19.71
2026-04-24,16.1,22.7,0,6.4,25.66
2026-04-25,17.3,24.4,0,4.5,23.26
2026-04-26,19.5,25.6,2.4,4.1,19.41
2026-04-27,18.6,23.8,2.5,5.1,18.3
2026-04-28,17.7,22.6,0,6,24.07
2026-04-29,17.5,22.2,0,6.2,24.11
2026-04-30,17.3,21.7,3.8,7.3,19.37
